{"type":"FeatureCollection","meta":{"source":"CNIG-derived postal geometries via inigoflores/ds-codigos-postales","scope":"Barcelona metro/periphery","simplified":true},"features":[{"type":"Feature","properties":{"postal_code":"08194"},"geometry":{"type":"Polygon","coordinates":[[[2.044352425324178,41.52549773233443],[2.043233091334059,41.522573755774204],[2.041644686253278,41.519906434934],[2.037778568226315,41.51870763774724],[2.035939326938376,41.51886236790392],[2.03686798127228,41.52097011797656],[2.032887458689231,41.522162616311675],[2.031543743848715,41.52228367585093],[2.031905704784435,41.524978613072506],[2.032425535410141,41.52699380312151],[2.032476444232486,41.5287430159774],[2.034108482620354,41.52893236014029],[2.036332791125403,41.526564081866866],[2.036748723075107,41.52544170816827],[2.038558000751095,41.52744835285915],[2.04038293022802,41.52796184416377],[2.042256817897794,41.52663868242922],[2.042993572195599,41.52517403215586],[2.044352425324178,41.52549773233443]]]}},{"type":"Feature","properties":{"postal_code":"08757"},"geometry":{"type":"Polygon","coordinates":[[[1.883159863636763,41.414942473316444],[1.871475340114841,41.424282068562604],[1.872760772591562,41.4299545243818],[1.880858821377501,41.43991864393024],[1.888457175358326,41.44376607494439],[1.889147226063642,41.44299913670079],[1.889920634929354,41.441669679711936],[1.890601580898249,41.44149659439228],[1.89086170800141,41.44081927269127],[1.892031767352194,41.439355859884984],[1.89255133267784,41.43894658291845],[1.893961766422365,41.43829218133908],[1.894413575925796,41.437777714270055],[1.89460341111851,41.43712139533608],[1.895463003814541,41.435509116852245],[1.896078812786982,41.43478957198113],[1.897022019950271,41.433335775625494],[1.896527790325251,41.43201538200424],[1.89580879404059,41.43104668715489],[1.894738991111524,41.43019086891343],[1.894084833248428,41.43039040419376],[1.891556479248095,41.43033783522287],[1.890704733136886,41.427763148150746],[1.887198835857589,41.423931364440875],[1.887233135101098,41.42311958779874],[1.889397269968015,41.422470295267885],[1.887779655806469,41.41798406411323],[1.886811037399468,41.41670859162815],[1.886135476570985,41.41600018665929],[1.883159863636763,41.414942473316444]]]}},{"type":"Feature","properties":{"postal_code":"08521"},"geometry":{"type":"Polygon","coordinates":[[[2.29850207301223,41.61542835323587],[2.294163880158919,41.616359363793606],[2.294426394962159,41.61755708898846],[2.29749159925791,41.61746759385437],[2.297357356556745,41.61827304916187],[2.294813348057573,41.61879757604726],[2.295279163602515,41.62028558261352],[2.296798013317641,41.62086840265465],[2.301250388594553,41.619436484106416],[2.301228015260676,41.61885476573485],[2.299169629874484,41.61849678609775],[2.299259125008575,41.61630415890977],[2.29850207301223,41.61542835323587]]]}},{"type":"Feature","properties":{"postal_code":"08805"},"geometry":{"type":"Polygon","coordinates":[[[2.074938723343394,41.5511357320284],[2.075133181950775,41.54844570960182],[2.077023942700805,41.54548065380908],[2.080676547284838,41.54195696524175],[2.081987772317802,41.54123022219699],[2.080677517653328,41.54093548558416],[2.078918700937265,41.54161136477262],[2.078180293685591,41.54320316839147],[2.076346980728545,41.542437506285864],[2.076397762746524,41.542254854877626],[2.074111818305767,41.542573615080244],[2.069917293048604,41.542736103688185],[2.069509576405835,41.54327174619414],[2.067699990262327,41.54311818785408],[2.066695387282266,41.54253763500384],[2.066022268113159,41.54250859139836],[2.065883755430946,41.543178762589775],[2.065850447240337,41.544595426837475],[2.063409082862847,41.54769783158963],[2.063465652018238,41.54858079496768],[2.060945114925119,41.55281628524335],[2.062830326858091,41.553633370583555],[2.064868079098574,41.553609102378175],[2.068519206096482,41.55283878987825],[2.073324612041176,41.55156394601926],[2.074938723343394,41.5511357320284]]]}},{"type":"Feature","properties":{"postal_code":"08782"},"geometry":{"type":"Polygon","coordinates":[[[1.838492489137082,41.49914078941589],[1.838233005049119,41.49839540702237],[1.836713539298387,41.4985765475696],[1.834926959611494,41.49903000283234],[1.833270397610761,41.49737114216447],[1.832600528591513,41.496417951627166],[1.832098980283718,41.49530183720998],[1.831629681664481,41.497898619725504],[1.833520000847329,41.50123999592904],[1.836212000883108,41.502293995971115],[1.840201293654786,41.50967136224352],[1.841582948194514,41.50845515687996],[1.843701202348598,41.50778950927838],[1.845039606692467,41.50695916523324],[1.843088481648124,41.50680812859224],[1.841048177131654,41.50466022558891],[1.840492248618375,41.50186439702429],[1.838534605287805,41.500030923088616],[1.838492489137082,41.49914078941589]]]}},{"type":"Feature","properties":{"postal_code":"08104"},"geometry":{"type":"Polygon","coordinates":[[[2.211455422329891,41.55826155432726],[2.195550524337193,41.54559065168718],[2.193927168903713,41.5468864938166],[2.19416912880223,41.549306357202624],[2.189766136198216,41.5570146820819],[2.189065807141276,41.56069258819235],[2.187480003799124,41.56602257588116],[2.190392532889064,41.56631276732031],[2.190377688679405,41.56717716329541],[2.191238276924935,41.56744485999229],[2.191564217314749,41.56702498721336],[2.193303313696958,41.56747796673477],[2.193625908608794,41.56925542369885],[2.195899676229089,41.57114993821904],[2.197023484346289,41.57155761259372],[2.196480212891515,41.57285109220413],[2.197670188628308,41.57319384901689],[2.196614971803513,41.574980331577024],[2.197664104714647,41.57520289489764],[2.198295453972037,41.57575100560439],[2.199710121724706,41.575298652011156],[2.200818252860074,41.57550997200758],[2.202793656901747,41.57562573364066],[2.202962563971141,41.57459401160435],[2.203125677607943,41.57140745998629],[2.2041554598066,41.56871332495996],[2.208308512827614,41.565356833850785],[2.210431187149538,41.56057105920701],[2.211455422329891,41.55826155432726]]]}},{"type":"Feature","properties":{"postal_code":"08011"},"geometry":{"type":"Polygon","coordinates":[[[2.157185006083125,41.382738037730235],[2.157217316026276,41.382892563740825],[2.15704471094466,41.3830488937914],[2.155855378223123,41.38375807127795],[2.155142548589708,41.38444678559068],[2.154946285043025,41.384450506085955],[2.154607442979113,41.38470369312091],[2.154631657225195,41.38482068412725],[2.154175291756303,41.38520861298707],[2.154705172305853,41.38547588790186],[2.153894098933506,41.385866859168175],[2.154894387865681,41.386724960788285],[2.15717040109314,41.38827916914829],[2.157120319647049,41.38847093068887],[2.157448711588756,41.38849829256213],[2.158212534580798,41.389081638706614],[2.158248322202269,41.389297608198035],[2.158523698210104,41.3893624466196],[2.159131811683778,41.38996234478634],[2.159301334788779,41.38974503710375],[2.159607800359709,41.38957935140593],[2.159217901085242,41.389204165040155],[2.160054057448804,41.38860080808081],[2.160320999614441,41.388801954946246],[2.160544912817443,41.38853146765308],[2.161134907649853,41.38852322176922],[2.161518081794043,41.388233923356836],[2.16173025794501,41.38793935221929],[2.161958853018632,41.38790113732762],[2.162613680876632,41.387406737730714],[2.162570054764217,41.38722040359875],[2.162834707255911,41.3870419700109],[2.162149288958517,41.386522450550615],[2.162851387881233,41.385918811204135],[2.162765974769911,41.38569092119906],[2.163472637752022,41.38514500933468],[2.163456734140937,41.38506606684547],[2.163712960884425,41.384902501749025],[2.163928454634458,41.38488540024099],[2.163108413222687,41.37868362774719],[2.161737653070247,41.37928957835135],[2.161292521033033,41.37985751820986],[2.160640437905897,41.380128188065385],[2.159762564690595,41.38092206460158],[2.159433816617309,41.38100325719455],[2.159359248430576,41.38121130905466],[2.158868590912732,41.38160533261998],[2.15855953529433,41.381703445057894],[2.157936822226532,41.38230532982709],[2.157185006083125,41.382738037730235]]]}},{"type":"Feature","properties":{"postal_code":"08002"},"geometry":{"type":"Polygon","coordinates":[[[2.172806231822108,41.388213737174226],[2.175575861336938,41.386151719426266],[2.176276469183676,41.38556665377803],[2.176336050168572,41.385314901161735],[2.176969007413732,41.38511108870574],[2.180876452885968,41.382190518777406],[2.182491909573969,41.38109827596463],[2.178819253705569,41.37665629415261],[2.178201978838217,41.37597846973057],[2.177919502682869,41.3759681536074],[2.177466360384187,41.37545816426285],[2.177078922554244,41.376084095104886],[2.175939965357088,41.37732438161487],[2.175358200220728,41.37848934810489],[2.172647445723044,41.381586704063125],[2.171851642839044,41.38229798776189],[2.171565912037181,41.38271277307598],[2.171533254955762,41.38295427791758],[2.170313481981623,41.384672634134745],[2.169802447624875,41.385237104408816],[2.169808742879184,41.385688964274266],[2.167665588296245,41.38594409384484],[2.167621005305136,41.386159498561994],[2.168703357374056,41.3866781178009],[2.168475711984513,41.38693597231725],[2.168542784322028,41.38762625594694],[2.170007112638132,41.388210647103676],[2.170333467615421,41.388232865754105],[2.170979091811603,41.38780252756459],[2.171661030632038,41.387579867117154],[2.171550278222753,41.38733521914503],[2.171893267060625,41.38714715741537],[2.172087862364947,41.3874204703784],[2.172806231822108,41.388213737174226]]]}},{"type":"Feature","properties":{"postal_code":"08001"},"geometry":{"type":"Polygon","coordinates":[[[2.167665588296245,41.38594409384484],[2.169808742879184,41.385688964274266],[2.169802447624875,41.385237104408816],[2.170313481981623,41.384672634134745],[2.171533254955762,41.38295427791758],[2.171565912037181,41.38271277307598],[2.171851642839044,41.38229798776189],[2.172647445723044,41.381586704063125],[2.175358200220728,41.37848934810489],[2.175939965357088,41.37732438161487],[2.177078922554244,41.376084095104886],[2.177466360384187,41.37545816426285],[2.176664274836412,41.374411410957805],[2.175639121448285,41.37438005159805],[2.175261354028237,41.37462481918004],[2.167865494097271,41.37503389469845],[2.163108413222687,41.37868362774719],[2.163983406808768,41.385320361845174],[2.164616737272581,41.385922643215395],[2.165292498649876,41.386031778643655],[2.167018612419042,41.38602111088551],[2.167665588296245,41.38594409384484]]]}},{"type":"Feature","properties":{"postal_code":"08021"},"geometry":{"type":"Polygon","coordinates":[[[2.137930949153997,41.40283615426506],[2.14321117375664,41.39887871907757],[2.144845041365556,41.39987147708695],[2.146705611874495,41.398351641714896],[2.149339370915243,41.395936264147224],[2.151327882575686,41.394440685289396],[2.139255440985778,41.39131598904163],[2.138969779431761,41.39190257814147],[2.137836898054388,41.392520141691136],[2.137743368561587,41.39284972073801],[2.137672718720978,41.39421892506334],[2.137434267977085,41.394573594295935],[2.137541565191043,41.39477519262101],[2.13706260065851,41.395386290045224],[2.13646875402975,41.395301455197966],[2.135999254861702,41.395947647765695],[2.136416811886363,41.396210235414],[2.135287487327673,41.39758713074144],[2.135008196570993,41.397543242026984],[2.13491004636154,41.39777729598541],[2.13523967127378,41.39791675295578],[2.134148853886472,41.39934718042804],[2.136075302433255,41.401079156877586],[2.137930949153997,41.40283615426506]]]}},{"type":"Feature","properties":{"postal_code":"08029"},"geometry":{"type":"Polygon","coordinates":[[[2.148263563212879,41.389629353711655],[2.1501443342936,41.38821255996163],[2.150338355830456,41.38790072363946],[2.151355112248609,41.387073008312655],[2.151906360689964,41.38632707193682],[2.152407015970994,41.38640437855918],[2.152636654258174,41.386173297759456],[2.152896728301357,41.386131674437195],[2.153579052031603,41.38566678429464],[2.153894098933506,41.385866859168175],[2.154705172305853,41.38547588790186],[2.153078562225858,41.384685463863036],[2.152681763352689,41.385041857995304],[2.152576412271571,41.38491219464203],[2.152872094071881,41.38459204138957],[2.145958010853519,41.38166130462548],[2.145642900099745,41.381874793786665],[2.145558418686051,41.381827912128415],[2.145590425557657,41.381495330245286],[2.14428236613827,41.38100994725124],[2.142925737932444,41.38064837572193],[2.142345433295077,41.3806112930767],[2.141523420569399,41.38089624506563],[2.141304995928806,41.38086089181667],[2.140195529300229,41.38205643615561],[2.138275331041712,41.383680680119255],[2.136974157731174,41.3849350688983],[2.136707110344844,41.385026339294086],[2.135262291021888,41.385984200010796],[2.1350214876515,41.38624105717901],[2.135128512370954,41.386497914347274],[2.135037541449378,41.386786878211865],[2.134684928066974,41.38709541492142],[2.134379372609942,41.387139121073574],[2.134247765821726,41.38725681265174],[2.134038085289376,41.38759647399803],[2.134068557018281,41.38790638756973],[2.133448466373636,41.388398760094674],[2.133413533108069,41.38863943576132],[2.133208135147299,41.388693723336644],[2.132930240138478,41.38896781241459],[2.132777476799106,41.38892950399338],[2.132550780194322,41.389169728200386],[2.132442941588465,41.389548965112624],[2.144517832931626,41.392698280301374],[2.144994503293674,41.392096490860354],[2.145602966603633,41.3916200696105],[2.145553313234814,41.391495032369846],[2.146116819435633,41.3912676675688],[2.146761957098647,41.39075216268213],[2.146685703582364,41.390542248326085],[2.14699969018352,41.39049073066269],[2.148209564319927,41.389826378984196],[2.148263563212879,41.389629353711655]]]}},{"type":"Feature","properties":{"postal_code":"08015"},"geometry":{"type":"Polygon","coordinates":[[[2.148738369280295,41.37643389181062],[2.148941840893258,41.37647051670098],[2.14949717855194,41.37708355306353],[2.149338511163364,41.377343190935505],[2.148732687363633,41.376968158353804],[2.148521799941079,41.37660437719023],[2.147985863356894,41.37645763211401],[2.142345433295077,41.3806112930767],[2.142925737932444,41.38064837572193],[2.14428236613827,41.38100994725124],[2.145590425557657,41.381495330245286],[2.145558418686051,41.381827912128415],[2.145642900099745,41.381874793786665],[2.145958010853519,41.38166130462548],[2.147128819339514,41.38211226696751],[2.152872094071881,41.38459204138957],[2.152576412271571,41.38491219464203],[2.152681763352689,41.385041857995304],[2.153078562225858,41.384685463863036],[2.154175291756303,41.38520861298707],[2.154631657225195,41.38482068412725],[2.154607442979113,41.38470369312091],[2.154946285043025,41.384450506085955],[2.155142548589708,41.38444678559068],[2.155855378223123,41.38375807127795],[2.15704471094466,41.3830488937914],[2.157217316026276,41.382892563740825],[2.157185006083125,41.382738037730235],[2.157936822226532,41.38230532982709],[2.15855953529433,41.381703445057894],[2.158868590912732,41.38160533261998],[2.159359248430576,41.38121130905466],[2.159433816617309,41.38100325719455],[2.159762564690595,41.38092206460158],[2.160640437905897,41.380128188065385],[2.161292521033033,41.37985751820986],[2.161737653070247,41.37928957835135],[2.163108413222687,41.37868362774719],[2.167865494097271,41.37503389469845],[2.149243835934271,41.375013893776156],[2.148984037982927,41.37556799216907],[2.148363816037261,41.37614384156501],[2.148738369280295,41.37643389181062]]]}},{"type":"Feature","properties":{"postal_code":"08199"},"geometry":{"type":"Polygon","coordinates":[[[1.845376035875347,41.59146340101512],[1.84459526965594,41.59116014332591],[1.843473129781103,41.59154968107288],[1.842318004572235,41.59149942965496],[1.841473194932007,41.5915890956602],[1.840685619945418,41.591802455319055],[1.840229604312754,41.59211879544603],[1.838378429021247,41.59222393518644],[1.836919974177476,41.59244750484845],[1.835571268099557,41.59205427718314],[1.833197898764013,41.591911257098786],[1.832587205135383,41.5916038247567],[1.831704419823097,41.59070469426621],[1.829942308890452,41.59167928417162],[1.829549988641077,41.59204696389622],[1.828893337857266,41.592407718841116],[1.827000291030572,41.59243341696862],[1.825224630012656,41.593228414959356],[1.824861573702663,41.59366686593307],[1.823867266161415,41.59593255314479],[1.822634839726049,41.596614636756044],[1.822303679671052,41.597159758116334],[1.821991273178696,41.59795618512982],[1.820544435777094,41.59914247904214],[1.819308266363407,41.599293460824526],[1.818418496016761,41.60006915396826],[1.817614181049578,41.600382043396564],[1.817273531348405,41.60063943386274],[1.81712695804265,41.60108676384306],[1.817244121718829,41.60153204876502],[1.816269535410697,41.601491949793626],[1.815694427056144,41.60198427375519],[1.815401500778648,41.60207763417543],[1.814815345152056,41.60161604544413],[1.814129106672908,41.60174389396553],[1.81343575905305,41.60209715935639],[1.813282422845532,41.60245471091616],[1.813460806071305,41.603077450064234],[1.81279789061017,41.60335737484297],[1.812559192552669,41.60433975557521],[1.811576371152569,41.60531736990066],[1.815754330897619,41.604718791938694],[1.817512763603133,41.603204376780525],[1.818795457644228,41.60287138480652],[1.820377907414468,41.60173343125285],[1.822926353168668,41.60068095736028],[1.824381690062921,41.603464795264074],[1.825765799751821,41.603847703208885],[1.827463785425323,41.606971852668835],[1.843893409053578,41.60092544255508],[1.845376035875347,41.59146340101512]]]}},{"type":"Feature","properties":{"postal_code":"08185"},"geometry":{"type":"Polygon","coordinates":[[[2.23809265065529,41.578526397075564],[2.236496540183168,41.57822160694161],[2.22997948876241,41.577863162355015],[2.222942046438277,41.576236065741796],[2.222911037814129,41.575532623231936],[2.215691408131988,41.57144047319923],[2.2147169899971,41.57188128399406],[2.212393515948008,41.57013468636666],[2.211710729066908,41.570164952150776],[2.208966106100888,41.568420017369874],[2.204296603005787,41.56859925764962],[2.2041554598066,41.56871332495996],[2.203125677607943,41.57140745998629],[2.202962563971141,41.57459401160435],[2.202627581797458,41.57639008633339],[2.202328906154094,41.57684539060227],[2.207367332736226,41.57822865043187],[2.208067660893846,41.577538516988966],[2.208754234820049,41.577723944604315],[2.210439346698479,41.58138353602135],[2.211532895326854,41.583348782220526],[2.210831953831587,41.584208429775174],[2.211264996282523,41.58452200628551],[2.210881407550914,41.58483782480573],[2.212068938930372,41.586950623672294],[2.213128241375216,41.595680832004746],[2.214385917176344,41.59669932141651],[2.217404228122632,41.59732392575853],[2.216298262554744,41.59991618468416],[2.215143388256763,41.601479418640224],[2.217001635816814,41.60226756469632],[2.217232201305023,41.60353734986876],[2.219916936617324,41.60451220597349],[2.221125942008598,41.60382626966657],[2.221509804134143,41.604413612398275],[2.223875215368878,41.605782904857165],[2.224489939758882,41.60670859322698],[2.227336167230305,41.605905485150004],[2.228948882784721,41.603680022814785],[2.230273204644675,41.603826613207616],[2.234622224436123,41.60273088462259],[2.235590162955646,41.601289284872564],[2.236322374777785,41.601273628575086],[2.237307021801598,41.60035469861043],[2.240315661438615,41.60143964522342],[2.241106305811343,41.60127691829513],[2.2425832731995,41.598345389228314],[2.253495934689624,41.59596634337203],[2.261981014811965,41.596355814569165],[2.260771664980325,41.59354236019175],[2.258869668100715,41.58335847061693],[2.258807607684957,41.582422313239135],[2.258544492134604,41.581531781166746],[2.255865621301382,41.581307127821674],[2.253121487566602,41.58093138027897],[2.253314995590586,41.58120393961008],[2.249557821436326,41.580777086293494],[2.249241652180501,41.580613990643144],[2.247556032185116,41.58096298875091],[2.247434023861103,41.58051855188961],[2.245556036182109,41.58024028995737],[2.245114381823271,41.57983464355391],[2.243412710728023,41.57960143495825],[2.242842143949758,41.579493211442525],[2.242879519774021,41.57944048778825],[2.23809265065529,41.578526397075564]]]}},{"type":"Feature","properties":{"postal_code":"08401"},"geometry":{"type":"Polygon","coordinates":[[[2.291470110257364,41.62165374462461],[2.292193570776647,41.62181306132368],[2.291994743262762,41.62018439989009],[2.2913302243104,41.61877052983607],[2.291023886443213,41.61775490026844],[2.291488900692229,41.617638376909554],[2.29145607184023,41.617518002653696],[2.291613231965073,41.61747310040323],[2.291668176045505,41.61764506157033],[2.292498104603851,41.61737234485781],[2.291506591256166,41.61626024231629],[2.290893232037035,41.615162870669906],[2.289304716339586,41.60984666509148],[2.289367242604158,41.609685878900166],[2.289264519342055,41.60900253893601],[2.288713879741749,41.60702298991902],[2.288869484039424,41.60706080011579],[2.289384000571147,41.60685530502826],[2.289379725194124,41.60674945572276],[2.289162681912217,41.606781531842216],[2.289156267048099,41.606715242814175],[2.288711697986457,41.60696407623112],[2.288485471727142,41.60594010455213],[2.288076488838897,41.60605479419337],[2.287929101646739,41.605375920262475],[2.288293063574031,41.60533702278536],[2.288244671054713,41.60505271471101],[2.287048507082943,41.599318986282185],[2.286825762998546,41.59933742957867],[2.286453953587056,41.59807979784438],[2.286812327127166,41.59804396076015],[2.286274768165981,41.595087382876386],[2.285172916996487,41.590956123126546],[2.282882373422808,41.578728273291176],[2.282164173038154,41.57339961659898],[2.278669230400624,41.57130166913669],[2.269367911200106,41.56426862629604],[2.269275927641957,41.564317051190926],[2.273363026182722,41.573351523553924],[2.272571868297064,41.57534813630741],[2.272696644734367,41.57847794879825],[2.273435966596594,41.58426414817188],[2.271522357670676,41.5844640782546],[2.271690782703445,41.585863300151175],[2.273562851944064,41.58570867431587],[2.273719519240387,41.58749227544814],[2.276205954940849,41.587282047228655],[2.276263741778223,41.5876783011127],[2.273733493805707,41.58765136821603],[2.274759008721276,41.596060712831616],[2.276434196580908,41.5981922643615],[2.275866525619676,41.598776632135866],[2.276306193376115,41.599394392637066],[2.276834906605643,41.59902151033441],[2.277691979401311,41.60009006860179],[2.278487834445968,41.59968575679221],[2.278584349688003,41.59981559371465],[2.27994530812947,41.60564404503663],[2.280477856967536,41.60869140768227],[2.282933498981777,41.611235808285926],[2.285596243172051,41.614549444900945],[2.286510991289219,41.61627188583884],[2.285712965281107,41.61705177521924],[2.286821893215802,41.62172130979059],[2.288475911034482,41.6225698471207],[2.289785079317937,41.622195204844786],[2.290727164127304,41.6218107608579],[2.291458131287698,41.621654185292414],[2.291470110257364,41.62165374462461]]]}},{"type":"Feature","properties":{"postal_code":"08970"},"geometry":{"type":"Polygon","coordinates":[[[2.076512222161341,41.37210882006599],[2.078423259925501,41.370682890103296],[2.078938023770775,41.369776648673394],[2.078785596777834,41.36968111459174],[2.078668058983737,41.36983017632156],[2.074741010988873,41.36741947073199],[2.073854262364307,41.366626721945636],[2.073573349230685,41.366730581950776],[2.073057487313179,41.366456271639606],[2.073221308716427,41.36634573416825],[2.072692948021142,41.36581130844513],[2.072081437808095,41.366021015957074],[2.06780655093155,41.36429637797545],[2.064785691306611,41.362529596863396],[2.063074600712241,41.363468254356405],[2.06261228173139,41.36386026883633],[2.061477283349916,41.36444394323337],[2.060799090205819,41.36493185602029],[2.058380887867656,41.36344084391976],[2.059725891436756,41.362238563658764],[2.057915424856958,41.361056043301744],[2.058000399099114,41.36059319372089],[2.058723554748269,41.35928428444214],[2.054477432687349,41.35635995804563],[2.057158032916902,41.354221618432916],[2.053087216601739,41.35100908090436],[2.050612494570942,41.348649970319855],[2.049200094908429,41.347455136445376],[2.0492283471105,41.34751984176728],[2.046852394022778,41.348090845616014],[2.046832406590283,41.34821541161193],[2.046246829227755,41.348575019021894],[2.045822073130182,41.348708059329454],[2.045698966733937,41.348866325620406],[2.045849284816654,41.34994853739505],[2.045808350375069,41.351723270312675],[2.045692527588074,41.35241640119591],[2.045426717668875,41.35304001358571],[2.044295130415946,41.352973756033975],[2.04063516218298,41.35025801839282],[2.040034579632106,41.35002546900017],[2.039596707821772,41.35002182224929],[2.03868464058371,41.350435228003334],[2.036513009867519,41.35229458532683],[2.035853566688729,41.35400725513068],[2.035944685099139,41.356022029692895],[2.047028100866157,41.360255908383465],[2.048586795044571,41.36037184718299],[2.048668690907334,41.361048775880306],[2.048287599593039,41.3616844922455],[2.048139012705235,41.362537902102474],[2.043351901668927,41.36676333256173],[2.037622713917131,41.368717224820045],[2.035795538833042,41.370589660084704],[2.046279068124477,41.37523274739334],[2.048823960657273,41.376921414291814],[2.051816524912681,41.37919887992433],[2.052175581937547,41.37930549994883],[2.052637212937043,41.37861045081161],[2.05843598663148,41.377859728243834],[2.059182086683961,41.37931239774895],[2.061095163211178,41.37916330544215],[2.061174039150558,41.379564957956404],[2.064971035285055,41.379515571686284],[2.064688702121884,41.3793009547752],[2.065044812068436,41.37909774216706],[2.065018828855841,41.3788306237343],[2.066037354240507,41.37810209733391],[2.066975447858624,41.37711019817709],[2.067642305048309,41.376789229239535],[2.068454848812223,41.37665114913119],[2.070529189970102,41.37567716536887],[2.072474289556794,41.37532952343872],[2.07298072567994,41.37491761505589],[2.073051033778199,41.374708178239814],[2.076477061367257,41.37213504879344],[2.076512222161341,41.37210882006599]]]}},{"type":"Feature","properties":{"postal_code":"08769"},"geometry":{"type":"Polygon","coordinates":[[[1.944417243261171,41.46028492660804],[1.945071813913046,41.46025675084837],[1.947225971701243,41.46102745005675],[1.949884061000603,41.45869868799406],[1.950302497562177,41.458221446562504],[1.95082091355431,41.457172691366566],[1.951015596092873,41.45627295383372],[1.951022642281089,41.455579415557565],[1.952463946154182,41.45580530007453],[1.952311343793497,41.4549025543094],[1.95188592759348,41.45356137825496],[1.951323628282807,41.45262231876495],[1.950998060212271,41.452276201185725],[1.951175628652322,41.451152135862344],[1.951045904145133,41.45039244075849],[1.950781081681555,41.45021477968828],[1.949604288207297,41.45000449481154],[1.94814000575667,41.449005235603124],[1.948256306083636,41.44801884479381],[1.947496095668271,41.44683616885408],[1.94603744387291,41.446223803385806],[1.946665303760767,41.44519736216853],[1.947558963675249,41.443106060696095],[1.948901961756121,41.442201817559805],[1.949443564069213,41.44145818164975],[1.948213936324066,41.440394807074654],[1.947746418362499,41.44022591169647],[1.947204288147361,41.44017728355476],[1.947124362699185,41.43944244481298],[1.945912453397,41.437982120278605],[1.944559989052266,41.437347182726285],[1.944300880880917,41.43645802122069],[1.943509342582104,41.4362760236196],[1.942396927975835,41.43627895271146],[1.941240464575742,41.435860565612586],[1.938582034433352,41.43425538008171],[1.937699986565121,41.43477053513209],[1.93721992036302,41.43490826270613],[1.936597789156622,41.43490801719122],[1.935486025659543,41.43460469565014],[1.934312253008045,41.43443009587219],[1.932744273329547,41.43457857124406],[1.924580142359673,41.43214724869654],[1.922951058244735,41.43117276221318],[1.921925820320325,41.431693904050405],[1.921352380208191,41.43186256380625],[1.92029552931524,41.4318088751794],[1.918824742068182,41.43150280890751],[1.918145059646747,41.43153194424383],[1.917229171189263,41.43176027311807],[1.91607137319528,41.43226906456567],[1.913642531877315,41.433057355412586],[1.91321976777806,41.43300341767355],[1.912563997430539,41.432716392747295],[1.909221806441224,41.432184210832645],[1.908036085396986,41.43153266999673],[1.906617984032721,41.43097207939792],[1.905408744817692,41.43079873507355],[1.904368393786342,41.43080717970753],[1.902531891833348,41.4316779455807],[1.901876029754931,41.431705966657034],[1.901513307992786,41.431496395841975],[1.900381323239458,41.43044632134064],[1.899425559741758,41.42935273673936],[1.899072728723468,41.429115703327],[1.898494902617642,41.42906835042402],[1.897865837638278,41.42881609418737],[1.897465716669501,41.42842801604007],[1.896950067891282,41.42872911535636],[1.89627858368965,41.42934302226263],[1.894739468651551,41.43019197418022],[1.89580879404059,41.43104668715489],[1.896527790325251,41.43201538200424],[1.897022019950271,41.433335775625494],[1.896078812786982,41.43478957198113],[1.895463003814541,41.435509116852245],[1.89460341111851,41.43712139533608],[1.894413575925796,41.437777714270055],[1.893961766422365,41.43829218133908],[1.89255133267784,41.43894658291845],[1.892031767352194,41.439355859884984],[1.89086170800141,41.44081927269127],[1.890601580898249,41.44149659439228],[1.889920634929354,41.441669679711936],[1.889147226063642,41.44299913670079],[1.888330102951898,41.44390730267986],[1.886315940828013,41.44560473886759],[1.885044822860266,41.44652320208411],[1.881064096131126,41.45071719134529],[1.877006975591428,41.45517539422906],[1.880567199116911,41.45493397931966],[1.881086966790065,41.455001888926006],[1.881716283579635,41.45525424498737],[1.883027077837369,41.45804353278277],[1.883811090609356,41.45891951022719],[1.884197139886112,41.45911916511733],[1.885598584906745,41.45929359942005],[1.886723882301339,41.46009201123729],[1.887355317893594,41.46037122375293],[1.88885005678469,41.46082975119202],[1.890525582789394,41.461622639373275],[1.893295887695047,41.462647943847514],[1.89863459431109,41.46344651124747],[1.900309785768002,41.463915179441926],[1.902169628725346,41.464610003748646],[1.903989534589357,41.46477532432175],[1.904822570305384,41.46502782427467],[1.905571449262936,41.465122995929505],[1.90642216744908,41.465131612334005],[1.906384403117727,41.46431279489957],[1.907091226179148,41.46289601823662],[1.907132004138646,41.462327069338755],[1.90686023261361,41.4615823974097],[1.906802627439276,41.46081958435633],[1.907130364674572,41.46024731965804],[1.907205708976278,41.45934377439568],[1.907138015207238,41.45892349332456],[1.907376879639287,41.458283024042316],[1.908053689626058,41.45757883419583],[1.908148012320908,41.45692651814426],[1.908090229980132,41.45647883473043],[1.908709827796315,41.45565101778021],[1.909203039388728,41.45457650869889],[1.909380370407746,41.45438884267094],[1.909974417585317,41.45417434806768],[1.910868459711651,41.45412706621113],[1.911322063362547,41.45426972926458],[1.911673704577765,41.45448875555161],[1.912946640075347,41.45581178328712],[1.913292234249184,41.45595004595782],[1.913890733970163,41.455951428215826],[1.915064726955563,41.45533391592744],[1.915393259191546,41.45524780044559],[1.916807622973408,41.45559233611738],[1.91799679291762,41.455649416987],[1.918568623243345,41.45593102889387],[1.918463859419546,41.4566017621616],[1.918673339403085,41.45731306744409],[1.91894493196304,41.45758051592804],[1.920130964172643,41.458069870328245],[1.919063942846662,41.4591510307954],[1.920026105920044,41.45937083229808],[1.920918721721591,41.459935765723],[1.921812342065948,41.460356640346674],[1.922495307012809,41.46115567269612],[1.924168534350372,41.4615970455672],[1.926044122638132,41.46312813775336],[1.926934142996288,41.46334201632095],[1.928767631321136,41.46400152604957],[1.930034971236921,41.46524357613009],[1.930722859971979,41.46547510928883],[1.930897028075378,41.46571970599962],[1.931364058604402,41.46587968729773],[1.933434197230383,41.46618686693034],[1.93564782358817,41.46570448857125],[1.936619914277628,41.46463625585852],[1.937320660620003,41.46409290616265],[1.937668274671125,41.46331267324126],[1.939686072754057,41.4624605044487],[1.943161095408243,41.46062720228355],[1.943777667005691,41.46039356471124],[1.944415673944206,41.46028499495651],[1.944417243261171,41.46028492660804]]]}},{"type":"Feature","properties":{"postal_code":"08792"},"geometry":{"type":"Polygon","coordinates":[[[1.695691768360405,41.36999996742452],[1.695068127192314,41.370799812761106],[1.694332026701659,41.37153222603138],[1.694085446086433,41.37209156027728],[1.695885068641019,41.37317942878758],[1.697973873595402,41.37761391295169],[1.69766849890209,41.37851780535243],[1.697637523552885,41.37924836961656],[1.697394986289567,41.37936633368935],[1.697222889324848,41.380129737597315],[1.697927480269016,41.38128038058505],[1.698718446599003,41.38147311069548],[1.698736040036181,41.38204863633547],[1.699232292236502,41.38229845001342],[1.699296136907208,41.382520914408644],[1.698904565793043,41.383887545773575],[1.699221366372967,41.384135650739665],[1.701005457635745,41.38318027215183],[1.702742711307053,41.382902012917555],[1.704070840896577,41.38473841864311],[1.704939565308678,41.386503577378164],[1.707497512400266,41.38434583669101],[1.709608265309214,41.38493452930504],[1.715961980061309,41.381873503259555],[1.720943612657607,41.38001208199199],[1.723382449040798,41.38034394082018],[1.725092762620875,41.381344999572036],[1.725618571939549,41.38183658878751],[1.727283003008154,41.38253336642168],[1.728896071096813,41.38301616116689],[1.729136232351209,41.383195328601516],[1.729267929071682,41.38616113982471],[1.732374950043891,41.38482659537107],[1.732704780001598,41.38475898883627],[1.733105365020549,41.38418423481454],[1.733179184072071,41.383884072591854],[1.732962730745442,41.383208705117625],[1.732667273775633,41.38276168180613],[1.732169258004831,41.38281826175336],[1.731909148888121,41.38269389091033],[1.730398673659863,41.381648712318224],[1.730623589606978,41.38128829911568],[1.732038123360667,41.37986141407299],[1.731675064352714,41.379471236908046],[1.729604344764709,41.376306186281454],[1.730708110590797,41.37619768487525],[1.733286285233874,41.37548819172662],[1.735181280891368,41.37475278821057],[1.737037463608033,41.37430705722488],[1.738274776060052,41.37373375291037],[1.740623703620997,41.3723402462054],[1.741766923604644,41.3717888250942],[1.743415782012733,41.3712885466291],[1.74251352997544,41.37055150634694],[1.740438821894088,41.367828023744266],[1.738341619070468,41.36791460957153],[1.738108020168966,41.36782520886629],[1.737766064652135,41.36756021822947],[1.736530263061184,41.36617960870194],[1.73614360224542,41.365628319791085],[1.735305626553384,41.36495159164264],[1.733551200327611,41.36399750807851],[1.725483083677375,41.36909282577329],[1.725805731649189,41.36942169255707],[1.723264421116141,41.371957301388306],[1.72108658957444,41.37027311671096],[1.719478368831631,41.36886263800034],[1.718736691645006,41.36802875872024],[1.717271428933316,41.366774398719485],[1.715449398870646,41.36554372326418],[1.71292718903851,41.36652965721788],[1.710506153835922,41.367097189683534],[1.709990477178792,41.36756853426044],[1.708762343207582,41.368105106665325],[1.707106953023469,41.36835308572631],[1.706688304221871,41.3685142999949],[1.704332333170612,41.37015050494182],[1.701959775023568,41.370895988059374],[1.700789571781286,41.37157417221027],[1.696294154051941,41.3700653931034],[1.695963560569851,41.36979080759966],[1.695691768360405,41.36999996742452]]]}},{"type":"Feature","properties":{"postal_code":"08232"},"geometry":{"type":"Polygon","coordinates":[[[1.960811533425499,41.57917666177349],[1.961618280159485,41.57764701389857],[1.962955224004361,41.57632151572534],[1.964819122004883,41.575608726561484],[1.965718289367544,41.57295969973035],[1.966694535824161,41.57302531336751],[1.967279683310721,41.57252165075357],[1.969618733617665,41.57223179386216],[1.97367498900951,41.57430540566992],[1.974835106355044,41.57426476980328],[1.976326812732225,41.57360275366415],[1.976408397429566,41.57346955417654],[1.97769284964528,41.57295405198789],[1.978503503034233,41.57246135840495],[1.980117070246592,41.57215589288012],[1.98135741071593,41.5722028860543],[1.982037274800405,41.57233813239884],[1.982852726971771,41.57204562970202],[1.987817294932199,41.56086137565194],[1.983042644002808,41.554742802138605],[1.981583120764412,41.55368926075079],[1.978962392900087,41.55280429098519],[1.977144487128385,41.550522681276675],[1.974773840040655,41.54962668402425],[1.974361118670686,41.54845739629178],[1.973326721151238,41.54716864891401],[1.972755389049951,41.547374920116454],[1.971783594237479,41.545947605197796],[1.970441962226744,41.545645016604226],[1.96887780916353,41.5436983243182],[1.965272487335426,41.54262868956238],[1.960935483385811,41.54045039666846],[1.9581656182487,41.539966013720516],[1.958581597862462,41.5394426361687],[1.958772087761645,41.538958421394],[1.958781610682763,41.538147089916265],[1.958200423810524,41.53744294773384],[1.957388870200191,41.53670375537399],[1.956663011188994,41.536456025425196],[1.955940304301578,41.536721359603064],[1.955868114821612,41.53703058429403],[1.955602349868514,41.537159099213056],[1.953634536104971,41.53681197079578],[1.953276114001426,41.53651233197854],[1.953092181958596,41.5356739560882],[1.952434898052104,41.535540283557225],[1.951774724623817,41.535838906140555],[1.951264010425746,41.53621208791748],[1.950234946785372,41.53654463922368],[1.950123928176708,41.53618930269414],[1.950294175235967,41.535281621449656],[1.950244181923438,41.53494161206572],[1.949705560862924,41.534478722015365],[1.94896088173931,41.53414173435351],[1.94865329021718,41.53372283913768],[1.946598437367982,41.53192079291023],[1.945070499104247,41.53089728528147],[1.942361214098753,41.528367108355326],[1.941863709142865,41.528127455217884],[1.94113527717127,41.528158825369474],[1.940068726190759,41.52862792613786],[1.938777669353954,41.52851136590681],[1.936282211654714,41.530194413841116],[1.93627529496888,41.53214165381422],[1.93580287300415,41.532871057053626],[1.933979948116075,41.53378791767824],[1.932906791615153,41.53605680197978],[1.932024927208602,41.53643799132021],[1.932129428430358,41.53670362856957],[1.93245194330251,41.53700484030111],[1.933248479134022,41.53755577308044],[1.931103696778166,41.53944870929047],[1.93241709906988,41.54190472722138],[1.931197082379413,41.54192907996304],[1.930453835875824,41.544130284884716],[1.929667134130909,41.544029061691845],[1.929240973292281,41.54646140317118],[1.928764885690896,41.547292167199714],[1.929294902038066,41.5481162834397],[1.92772276659241,41.54934585722549],[1.927496880276806,41.55015459595779],[1.925549176253469,41.55101484695757],[1.927723650625978,41.55250542018899],[1.927213761106202,41.552732739124565],[1.926288513404131,41.55238704602533],[1.92417863823357,41.55537560470037],[1.92015962736491,41.556276821617985],[1.919954420959755,41.55689052887476],[1.918569545048456,41.55680646294786],[1.922394056840233,41.55981038833875],[1.921945555043294,41.56068493496173],[1.920943358649083,41.5602778001803],[1.920406540729289,41.56204801310531],[1.921204673756677,41.562444232815096],[1.9214577133028,41.563406860837915],[1.922205038231937,41.56362798884061],[1.921577235001394,41.56467064573371],[1.920507541789618,41.56431139895187],[1.92185867873502,41.566794005339034],[1.923504137705777,41.567775628842185],[1.920146846199998,41.56997360879501],[1.920427901426478,41.57146395090058],[1.921087520872391,41.57130961824424],[1.921744787691807,41.5709662912613],[1.922427016093934,41.57079294603761],[1.926771044647978,41.570687389011766],[1.927603501200622,41.57091268807005],[1.928457135888095,41.57141623377214],[1.929188279315611,41.572357127879116],[1.92952263825913,41.57312606801361],[1.930532052612136,41.57378489965339],[1.932539069622351,41.57573333572486],[1.936725185319062,41.5777949191002],[1.938980397227567,41.57843607726312],[1.940402321609838,41.579626247253486],[1.94112801784371,41.579865099095],[1.942804712967131,41.58093622402748],[1.947055417073841,41.58069885157073],[1.947693934827214,41.58058127960237],[1.948014154629504,41.580378376360954],[1.948190505387515,41.58001965658184],[1.950965425613902,41.579458661288186],[1.952390458952493,41.57896499373942],[1.953719300805062,41.577998230633796],[1.954509017976761,41.577820047057514],[1.955167706624366,41.57780961492176],[1.955869541146399,41.57804936788398],[1.957412769683572,41.578315783946266],[1.958707388734979,41.57799868838873],[1.95974497794839,41.57839496925243],[1.960811533425499,41.57917666177349]]]}},{"type":"Feature","properties":{"postal_code":"08740"},"geometry":{"type":"Polygon","coordinates":[[[1.952442157379664,41.45567647668804],[1.952463946154182,41.45580530007453],[1.951022642281089,41.455579415557565],[1.951015596092873,41.45627295383372],[1.95082091355431,41.457172691366566],[1.950302497562177,41.458221446562504],[1.949884061000603,41.45869868799406],[1.947225971701243,41.46102745005675],[1.948697462218092,41.46150380835405],[1.95403819500666,41.464354118747565],[1.954928829601783,41.46395554820998],[1.961702615882984,41.459709688751104],[1.969604080064244,41.464282955394026],[1.972633163089995,41.464286744237825],[1.975968663123297,41.45830960620333],[1.977397056329096,41.45274437025648],[1.976861551419461,41.450905040834925],[1.978237211078408,41.4483975511061],[1.979236421723499,41.4478590343669],[1.985886937931809,41.44360874035107],[1.982062188718999,41.44288297397003],[1.981438670758052,41.4423951664038],[1.979635315117662,41.442600102112976],[1.979241367994746,41.44230209736389],[1.978983224795968,41.44111751216343],[1.975682220058388,41.4416011639625],[1.972191202062334,41.44258248709207],[1.968709316681611,41.44242669033946],[1.964975234419512,41.44288376087684],[1.959472796332477,41.44039541411706],[1.955496210082003,41.43924206866649],[1.95357753617435,41.43965132584799],[1.952599739286541,41.440790787564765],[1.950179186120522,41.441373549149944],[1.949442582908887,41.44145951714296],[1.948901961756121,41.442201817559805],[1.947558963675249,41.443106060696095],[1.946665303760767,41.44519736216853],[1.94603744387291,41.446223803385806],[1.947496095668271,41.44683616885408],[1.948256306083636,41.44801884479381],[1.94814000575667,41.449005235603124],[1.949604288207297,41.45000449481154],[1.950781081681555,41.45021477968828],[1.951045904145133,41.45039244075849],[1.951175628652322,41.451152135862344],[1.950998060212271,41.452276201185725],[1.951323628282807,41.45262231876495],[1.95188592759348,41.45356137825496],[1.952311343793497,41.4549025543094],[1.952442157379664,41.45567647668804]]]}},{"type":"Feature","properties":{"postal_code":"08733"},"geometry":{"type":"Polygon","coordinates":[[[1.696951268885925,41.40045110543417],[1.703540530471116,41.40321488845632],[1.702611336543953,41.404214048739334],[1.700641599130506,41.407118340938666],[1.705314868586299,41.4170021132569],[1.706103244868871,41.41748304280816],[1.709130888079983,41.42080728602741],[1.709896959377147,41.42114499314687],[1.710306347859671,41.42118226015316],[1.710806192851521,41.42098164298841],[1.713012350339682,41.423529175031376],[1.714319973587919,41.425231207654065],[1.720683272415101,41.43411743756968],[1.721098460625456,41.436045173945615],[1.721910642861872,41.43569662280089],[1.723378965067184,41.43581626410929],[1.723770412074828,41.435440005751616],[1.725302839754249,41.43512483024671],[1.725828764186133,41.434788019751295],[1.728458294614597,41.43409444909952],[1.728742358073362,41.433722599218584],[1.729508854749838,41.43324080811675],[1.729830802149763,41.43273236110957],[1.730056284669786,41.432542989067656],[1.730670813007578,41.43227454863148],[1.731138995568188,41.43196714686633],[1.731449467618802,41.43163021316377],[1.732240279265454,41.43131846767312],[1.732552860226292,41.43084635597455],[1.733699434681171,41.42999779526201],[1.733985518916541,41.42949076288835],[1.73393875506946,41.42917757488516],[1.735572282734665,41.42762455812681],[1.736355728933745,41.42737611231769],[1.736252075772654,41.426939225265016],[1.736855937251676,41.42668921013893],[1.737312907065018,41.42622914306048],[1.737794826769857,41.42594816427635],[1.737961343441214,41.42577020642983],[1.738053293724533,41.42522618224251],[1.738637336843624,41.42486892206307],[1.738747623404095,41.424576268280134],[1.745870260304287,41.41956398319127],[1.748308182076926,41.41755485547219],[1.745710372535655,41.41538429225125],[1.73770332344958,41.410909652458486],[1.731367111303143,41.40812492332651],[1.72769355791138,41.40532493629672],[1.718008041138205,41.40088081319897],[1.715280533170073,41.39690208476338],[1.712862015169833,41.39686012239673],[1.711526870868397,41.39426612867885],[1.707822799882308,41.39496803244873],[1.706979752013922,41.395353317301726],[1.706615844945304,41.39530362616142],[1.706232222039432,41.394959186717074],[1.705598369069492,41.39545337857055],[1.705061534961885,41.39613264910247],[1.704579001020079,41.396404554626486],[1.703445080026427,41.39643298489432],[1.703077651212595,41.39680822162211],[1.702458992288655,41.39685158243458],[1.701535679028382,41.39731255602959],[1.701238157215187,41.397828959338995],[1.700742333092194,41.398083357760754],[1.699294430893246,41.39856581166288],[1.698905803260175,41.39931103487635],[1.69869700406349,41.39940062443924],[1.697972566880424,41.399304236901],[1.697565013914243,41.3994559498322],[1.697273956427921,41.40006213965597],[1.696872460395696,41.40013257725661],[1.696813958597318,41.40031511445096],[1.696951268885925,41.40045110543417]]]}},{"type":"Feature","properties":{"postal_code":"08296"},"geometry":{"type":"Polygon","coordinates":[[[1.893990692216676,41.65583976259495],[1.893452891337859,41.655394732181094],[1.893418137936692,41.65493703391695],[1.893167361984183,41.65447959915417],[1.891839387078051,41.65359092328248],[1.89130330840095,41.65269545303272],[1.891021272014086,41.65261745393235],[1.889550985689425,41.65317536994735],[1.88900677084581,41.652964501410565],[1.88915428933899,41.65253505804645],[1.889577049840966,41.65209385604658],[1.889482092224739,41.651791766576764],[1.889026439018949,41.65164017955061],[1.88856249226518,41.65169599777204],[1.8881249487074,41.65162461858125],[1.887818407593443,41.65122352004937],[1.887676701418627,41.65077939615219],[1.887731319944464,41.6503899069686],[1.888024639225705,41.650143339843225],[1.888040844109639,41.64988155259158],[1.887752749889501,41.64972274760669],[1.88657684224745,41.649412771082496],[1.886648742145724,41.649094602633795],[1.887040619029335,41.64887981125429],[1.887759457932646,41.64822791968271],[1.888995299993098,41.64822023137856],[1.889370525029676,41.64762801612005],[1.889518555237146,41.6467303686116],[1.889864413811665,41.6460673830033],[1.890372222300186,41.64564056655888],[1.890412334761436,41.64537775857667],[1.890256209756274,41.645060305088975],[1.890383973741393,41.64437063030033],[1.890113624044488,41.64333775173583],[1.889603253387406,41.64262125017052],[1.889435251035991,41.64040458770154],[1.889849376247696,41.64080109519438],[1.890272148440886,41.64004477614549],[1.891271940048,41.638984684095874],[1.891472616567967,41.63624818110867],[1.891655562953872,41.635970297791005],[1.892085250933576,41.63578089067556],[1.892244162038423,41.635026820831115],[1.891197155124587,41.633405883674584],[1.891363697876329,41.63053571535096],[1.890976489373486,41.62954389083785],[1.891662051562434,41.62782201737218],[1.891878110985999,41.62671437996465],[1.891827685099599,41.625573124100356],[1.892585154381379,41.6248025112269],[1.893221181911997,41.62369494666444],[1.893338199897983,41.62143912771353],[1.893536540878642,41.620098162999795],[1.893817589809885,41.619690047957306],[1.893964987793936,41.61926058570742],[1.893383452884052,41.61918637185357],[1.893043448896037,41.61739122612414],[1.892259933449168,41.61655134926531],[1.89157330916089,41.616040459699434],[1.890668383439106,41.61565589520336],[1.89002801937761,41.61496293429195],[1.889631039740664,41.61479079505909],[1.888562639754014,41.61478232524411],[1.888118267643904,41.614459177249216],[1.887714799398452,41.614359312032605],[1.885353442307519,41.61438793115809],[1.883971758989503,41.61499599516901],[1.883345081710161,41.61495966525632],[1.881898167866154,41.61422902095251],[1.880476562743183,41.613992437201205],[1.879262585000276,41.61396304915536],[1.877666200234955,41.61411203174487],[1.877154180221225,41.613845687628384],[1.876394147871622,41.61299571767819],[1.874484570606455,41.612968864821255],[1.873490608404836,41.61251595994355],[1.872898135940204,41.61261314697913],[1.872539987230596,41.61311456218726],[1.872012237174999,41.613434077820386],[1.87139238844793,41.613487448087255],[1.870891679207602,41.614165974879825],[1.869973278943633,41.61503329904747],[1.868665859841542,41.615674057911406],[1.868512854584537,41.61603165084],[1.866127552144803,41.6181316910247],[1.865290992884979,41.61865339493818],[1.864567672659973,41.61813541691595],[1.862854763636449,41.619288491670545],[1.860289811725409,41.62378081483274],[1.857081911101318,41.62436691020474],[1.854116102576086,41.623223627268544],[1.853274452254141,41.62224076360036],[1.850780094425829,41.623066588552206],[1.848283744599144,41.62241816116921],[1.84628464701882,41.62279812833094],[1.845434804772424,41.62410294119775],[1.842360494840932,41.62454797071223],[1.841314147130163,41.62435863014662],[1.840938497613536,41.625274827970884],[1.836462206665487,41.624951677278034],[1.836028863840966,41.62524853629088],[1.833303800230169,41.62475007355704],[1.830928839094611,41.62399371583729],[1.830734752806563,41.62425626301609],[1.828809393338815,41.62498561229614],[1.828541764990462,41.625257996259506],[1.827645262318981,41.625304766401825],[1.827253326080097,41.625519321259674],[1.82678601316394,41.62536794017825],[1.825936060300933,41.62539472108949],[1.825331777039878,41.625177053678044],[1.824768342784807,41.62534484738677],[1.824131021129688,41.625326620826854],[1.823527872813088,41.6257661743694],[1.822640763560401,41.62593853933208],[1.819850876816474,41.62714527303592],[1.816159468284809,41.6267241960648],[1.812564180192737,41.6283967489108],[1.809456556674718,41.63001268403809],[1.809307533615765,41.62978489026045],[1.808719976845452,41.629791517364595],[1.808473398028866,41.62970281992915],[1.80840287409336,41.629561713602186],[1.808461934370769,41.629388181319484],[1.808679222268267,41.62924403888127],[1.808749566339429,41.629060992670645],[1.80866374493587,41.62887553807559],[1.807812293802328,41.628722166794546],[1.807634290989711,41.62729809573051],[1.807012961978614,41.62588359525171],[1.806691114403407,41.62542890342115],[1.806849158561818,41.62513414882187],[1.806625605087618,41.624549301708896],[1.806849848341813,41.62353150657373],[1.80713539208466,41.62301535597385],[1.807287965667058,41.622324683837064],[1.80696005306396,41.62162714537641],[1.806226387937443,41.62160389340494],[1.805892732263771,41.621473831652],[1.805472583392998,41.62098724266707],[1.805160667930465,41.618569382071314],[1.804705299809712,41.61809326479232],[1.804168052913326,41.61716142236173],[1.8041034006514,41.61661492503873],[1.804249427169339,41.6161586522],[1.804184869336268,41.61593625165665],[1.801140236132994,41.61338975383404],[1.800704968759305,41.61366909585206],[1.800652064341307,41.614571616786634],[1.800726690983993,41.615090707270326],[1.801384214110158,41.61635066734942],[1.801424335564604,41.61721333842479],[1.801709115783069,41.618461869919315],[1.801744130886902,41.61973889913088],[1.80148923963668,41.62083001059648],[1.801553182333464,41.621205459564294],[1.801965552068566,41.62223260225278],[1.802527970989047,41.62285730911748],[1.802621084995053,41.623141520065076],[1.802414704075318,41.62407752006146],[1.802831848311143,41.625329522039806],[1.802590362355318,41.62660013368918],[1.802676326751055,41.62727177437284],[1.803201157607305,41.62851935258601],[1.80321187572747,41.62882495930438],[1.804827791968989,41.629414516166946],[1.804838454331218,41.62955809293163],[1.804617912686524,41.62981941703242],[1.80454091992749,41.63007478132607],[1.804599626771335,41.63070253059726],[1.804026290081197,41.63138383269768],[1.803950844156134,41.63214325170969],[1.803612070440693,41.632751717717554],[1.803646759090668,41.63305635496681],[1.803349757085584,41.63341995087001],[1.803436970639666,41.633785429054285],[1.803327367563952,41.6339250676877],[1.803233969372172,41.63476629712687],[1.803297866203536,41.63514177037638],[1.803577262180909,41.6356702722652],[1.80367388084494,41.63632346695442],[1.803916647435301,41.636682445738245],[1.804153881396473,41.63825712086941],[1.804396682161155,41.63877814219751],[1.804358320679967,41.63922994000973],[1.804609073250106,41.63969661530655],[1.804249653798479,41.64018885832911],[1.80426234593051,41.64035935090328],[1.804817536999735,41.64056120823312],[1.80495521241312,41.64079851773738],[1.805003926889697,41.64129166188064],[1.804641869726481,41.641910065397155],[1.804854854368045,41.64251339177957],[1.804726649715121,41.64272581704279],[1.803982104590432,41.642721020059014],[1.803821929938124,41.642826750654024],[1.804141182969204,41.643245530756644],[1.804041642407867,41.64368187641742],[1.803563775947509,41.64403503388968],[1.803438967134639,41.64445440394758],[1.803057445944376,41.64465048313326],[1.803223030018785,41.64477859335739],[1.803262318701059,41.64498405427065],[1.80284089818889,41.64512774255127],[1.8033405165516,41.64603416744285],[1.804307550353144,41.64709205975072],[1.805271217992299,41.64794300186804],[1.8052575024318,41.64856484619065],[1.804871397397051,41.648860138584496],[1.804175353609651,41.64902433590436],[1.803850405172057,41.6493350606645],[1.803639848700072,41.64989312506765],[1.803656555405723,41.65011749332763],[1.804079690025674,41.65080201410166],[1.804648147893715,41.65085921368177],[1.80502572195951,41.65077140387717],[1.805536827362687,41.65038081392339],[1.806074248727612,41.64937690701862],[1.806639892616943,41.64907410078911],[1.807012869348455,41.64908545562923],[1.809385476058878,41.65015640879119],[1.809666804679296,41.65038768564318],[1.809879181379131,41.65098199272478],[1.810225741424802,41.65128257762882],[1.811070284865764,41.651661299229545],[1.811527692648895,41.65167813543758],[1.812631274113983,41.65150576238102],[1.815045579689752,41.65152984892336],[1.81640551830003,41.64948352434516],[1.818154709572184,41.650715522703194],[1.820406908751806,41.64985553340614],[1.821166617345511,41.64910334404408],[1.823114878049182,41.65058854292687],[1.82398933474002,41.65056864003071],[1.824063921812524,41.65187940640948],[1.823074830339124,41.652461230901054],[1.82243396805319,41.65368678022071],[1.821177089950709,41.65470186659786],[1.82118982704884,41.655838020608144],[1.823447607421144,41.656643401271936],[1.825176905689659,41.655850327830365],[1.828102087341449,41.65579751244525],[1.829853579079384,41.65657906467209],[1.835191976328645,41.65588696621052],[1.835472984790385,41.656595375676034],[1.837342127637044,41.6567050372077],[1.838101367683976,41.65593582637729],[1.840521260747551,41.65778626422468],[1.842140054819652,41.65648556935349],[1.843706993982551,41.65767982406459],[1.844442371418268,41.65533320596268],[1.845395987334939,41.65604130426277],[1.846873250600026,41.65620391607786],[1.850364425977489,41.655209374712854],[1.85501271586412,41.65684143378513],[1.857155574570072,41.657074204411],[1.865779844564145,41.65633985130307],[1.871179654717253,41.65726125170539],[1.873392867386883,41.65683519069148],[1.87561059555253,41.65821798017561],[1.88092453483938,41.659747466172576],[1.881810968701245,41.66098704491617],[1.884910929096066,41.66307766200447],[1.885004942424132,41.665110646039466],[1.885586357724208,41.665974950283726],[1.886519223583264,41.665918311880546],[1.888428968122355,41.666720338972425],[1.890923032771752,41.66682774140713],[1.892688079990876,41.66793410627395],[1.893441745140422,41.66536972273451],[1.890722411110346,41.66308306872861],[1.895959138203636,41.66389487864569],[1.89644526044043,41.66271212176696],[1.894035535111868,41.66069922858651],[1.893307652626049,41.65806590391833],[1.89237671131616,41.657033704341984],[1.893990692216676,41.65583976259495]]]}},{"type":"Feature","properties":{"postal_code":"08630"},"geometry":{"type":"Polygon","coordinates":[[[1.921045822906365,41.537351377863786],[1.924823557361265,41.53660398458618],[1.932129428430358,41.53670362856957],[1.932024927208602,41.53643799132021],[1.932906791615153,41.53605680197978],[1.933979948116075,41.53378791767824],[1.93580287300415,41.532871057053626],[1.93627529496888,41.53214165381422],[1.936282211654714,41.530194413841116],[1.938777669353954,41.52851136590681],[1.944138493896389,41.526849963754785],[1.948985364882674,41.52552449076262],[1.951208056406642,41.5227899716798],[1.951146039158346,41.51930892716524],[1.951244237031915,41.515577298253675],[1.95135185260591,41.515104510264905],[1.951118685379015,41.51471841602205],[1.951190242635562,41.514400191815355],[1.951475264771659,41.5140547676134],[1.951378828669988,41.51341969516278],[1.951472702603155,41.512767406990235],[1.951302979848606,41.51227052436519],[1.951447009871572,41.51149002434511],[1.951117847210867,41.510630950557925],[1.951138857172509,41.51027887766804],[1.951337272796877,41.51005422792025],[1.936701059206484,41.50943372268813],[1.936105893272327,41.5077582587366],[1.935372443983113,41.50520416793796],[1.934066417031488,41.504874891063366],[1.932848440003511,41.50256670818703],[1.933320843082413,41.500745735727094],[1.931050482094065,41.49703660065859],[1.929193454914014,41.495450802712355],[1.926143078640166,41.49501349837425],[1.924383538869222,41.49565739137552],[1.923960627281133,41.49655619271408],[1.924416126702852,41.49719502523021],[1.924447418613454,41.49744690285229],[1.922794969212475,41.498553237142175],[1.921007831046552,41.49867492620683],[1.920195823278618,41.49886167672497],[1.919472456288815,41.49784890610209],[1.912967915336992,41.50004370605217],[1.910830216940951,41.500911800938866],[1.910445747773053,41.501530369031286],[1.908417996893036,41.50196041404183],[1.907934122062045,41.50157595836379],[1.906170458000247,41.50184834862239],[1.905609506773317,41.50155723717671],[1.904950294720322,41.50187239289659],[1.904658098692266,41.502920315320296],[1.903569277799932,41.50308500277066],[1.902804388211962,41.50437818920204],[1.900698239831911,41.50503657208009],[1.896825429949615,41.505607110080064],[1.89395717628264,41.50648356596378],[1.891863204723109,41.50651096201125],[1.890134973050579,41.50726839262222],[1.88825979035704,41.50733142700375],[1.88616410199171,41.5079693682917],[1.881679112800782,41.50774673392459],[1.875020810262185,41.50760507361525],[1.872882146893573,41.50720074112127],[1.867805274293971,41.50721933820188],[1.864120269834586,41.50599699766326],[1.860927779093743,41.50654876591278],[1.859730751772759,41.50783181518608],[1.855561709705114,41.50862164117575],[1.855855076650471,41.510300878682585],[1.855408163056268,41.51248963788646],[1.854929024055195,41.512969112334645],[1.853946965280215,41.513451812651],[1.853694682963237,41.513921695829595],[1.854317237750308,41.516001064197724],[1.854922646063244,41.51623710026195],[1.855421621410699,41.51586427101927],[1.856832512910159,41.51599588590142],[1.857395036152013,41.51774463200911],[1.858744826812313,41.51753550995579],[1.859648563630287,41.51520976511853],[1.860614528137944,41.515149161604484],[1.861593968087163,41.51670296616891],[1.864228612060799,41.51732842126961],[1.863449895396343,41.517651267991596],[1.86462894706824,41.518833603987616],[1.867238803028329,41.51977517978071],[1.866124030399646,41.519923765769136],[1.867722212909769,41.521898630217606],[1.870613327343165,41.52370322782167],[1.870681360156652,41.52444592394022],[1.87270016458092,41.52420824121731],[1.874123607918136,41.52481457942929],[1.876761946306772,41.52262319780232],[1.883047664218338,41.52352619627692],[1.884736555947313,41.524785093357366],[1.890682366997623,41.52388462017905],[1.896944869809886,41.52557845368267],[1.897456760321234,41.52696337006347],[1.900450308434984,41.52677923207585],[1.902644415907048,41.528387648870876],[1.90687062697782,41.52961092560372],[1.911799167197785,41.53029184009631],[1.911479665054514,41.53208931237185],[1.911513975089861,41.53268995068066],[1.912653237157144,41.53334455011088],[1.913308682849447,41.53313640022469],[1.913566941161378,41.533690876332855],[1.91538919065863,41.53401789680845],[1.915756971107328,41.535397707738014],[1.916884893622921,41.53572918075707],[1.917273741589895,41.535487428601925],[1.917490843327755,41.53581855718062],[1.91810114485196,41.53565732312694],[1.921045822906365,41.537351377863786]]]}},{"type":"Feature","properties":{"postal_code":"08811"},"geometry":{"type":"Polygon","coordinates":[[[1.712325514710699,41.30114196393049],[1.72111969182032,41.3010689821478],[1.72144892912479,41.30116352157921],[1.725266500848306,41.30029522974104],[1.728926783843974,41.299235227623626],[1.73058040506163,41.298491831832564],[1.731747595575087,41.29779550026211],[1.733248190851327,41.29659022705732],[1.734455706965321,41.29595525083414],[1.736059286307011,41.295348891038486],[1.738116426132137,41.29474184056346],[1.738105113560152,41.29540857904266],[1.738316002781289,41.29601216622848],[1.738561731738514,41.29627211256792],[1.739502799414652,41.29673748294846],[1.740162472819861,41.29694439177024],[1.741481610987535,41.29702498541474],[1.742697834337548,41.296839728670534],[1.743311153087234,41.29657129812688],[1.744443895069708,41.29589427769872],[1.745308243380691,41.2951382581241],[1.745445727238518,41.294565362101764],[1.745430737338665,41.29304438998656],[1.746145192946301,41.29269070820959],[1.746812375690581,41.292014882980425],[1.748346604712026,41.29111414270352],[1.749317037051583,41.29132611201044],[1.749636437571553,41.29128589612719],[1.750266886607506,41.290926679922336],[1.750385410058641,41.29075073655724],[1.749687907570888,41.29002326236366],[1.749144305165544,41.28878523405126],[1.749071718185235,41.28795089971425],[1.749150637292075,41.287722527672486],[1.750385420850478,41.28730233563425],[1.751095495860454,41.28656168817133],[1.751673094437763,41.286132590146906],[1.752358242938556,41.285212925436156],[1.754168340796298,41.28237486111095],[1.75254891000418,41.28208978141828],[1.748665810978366,41.281872193147194],[1.748168806944875,41.281766683785406],[1.74276134985638,41.27781235035968],[1.741409817209274,41.27629249879976],[1.740441035125684,41.275441112417354],[1.740460196980507,41.27488212530983],[1.740651946829871,41.27423492010547],[1.741074701935929,41.27331711429338],[1.740677042411562,41.27309943339213],[1.73990584497875,41.27233895138147],[1.739774644684076,41.272011215944815],[1.740095826760978,41.26919782991587],[1.740046669817957,41.26884875266779],[1.739005927581502,41.26799128506974],[1.738736423247303,41.267894366032124],[1.738317370650122,41.26787563405327],[1.736805282038119,41.26825313077734],[1.735269145554639,41.26829845121256],[1.734368734429552,41.26789437772334],[1.73274673877097,41.267907168780766],[1.731362215393915,41.26773911696665],[1.726234406092942,41.26679766977662],[1.724014277636797,41.26629475899591],[1.723376985659343,41.26639298384913],[1.719946287890878,41.26796497900057],[1.715092898618366,41.26917324065249],[1.714205953042267,41.26911959339452],[1.705534620626224,41.26702607419395],[1.703802898684842,41.267006940218096],[1.703101212550905,41.26720673630183],[1.699401166930272,41.269023799408785],[1.698876420610304,41.269360391368934],[1.698594145003767,41.2697500748061],[1.697360932560969,41.270358727872974],[1.690816136155775,41.271787530270274],[1.690538962403195,41.27191591388828],[1.690266298750657,41.27310652184849],[1.69043389910513,41.273612895918404],[1.690687731853359,41.273989692969906],[1.691072414160601,41.27436115344443],[1.692826298095156,41.275018871723546],[1.69323480883935,41.27538931056819],[1.693728416133467,41.2791057247494],[1.693656786031852,41.27993699869353],[1.693578343565719,41.28017433337874],[1.693356424159617,41.280408490759214],[1.695742416379403,41.28221980539968],[1.696455699271098,41.28300999021883],[1.697179702081598,41.284114881996175],[1.700229833739797,41.28702439925661],[1.702828053371945,41.290285474095356],[1.703367741028387,41.29214519204697],[1.70264642988883,41.29290404088874],[1.701369456435259,41.29373963157872],[1.700860378103982,41.294462717980025],[1.700807595094432,41.29555435015311],[1.700894355390176,41.296262110308135],[1.70112162036645,41.296765989658695],[1.70269780276135,41.29892544355437],[1.703754355079411,41.29983657999412],[1.708222221178573,41.301031126984924],[1.709372536813135,41.30125407791337],[1.71015470957218,41.30133904586023],[1.711662747637661,41.3012231763085],[1.712325514710699,41.30114196393049]]]}},{"type":"Feature","properties":{"postal_code":"08198"},"geometry":{"type":"Polygon","coordinates":[[[2.117412182825944,41.4588280239941],[2.117969639287423,41.45648209027621],[2.119814577780517,41.45574982989069],[2.11920560635366,41.45349248299169],[2.119755191948514,41.450288773208285],[2.121795635859883,41.448245108824665],[2.123222963369074,41.44753146530485],[2.124561982849229,41.446444754222],[2.129850813963856,41.44311354125688],[2.129589282119639,41.442863225757264],[2.129597247415006,41.44248384765143],[2.129326788000867,41.44215234855204],[2.129185634009787,41.441736181879264],[2.129533606890448,41.44108078564972],[2.129551917087269,41.440882206348704],[2.12946306676713,41.44065043486967],[2.129057734227047,41.440240764],[2.128969251729586,41.439705769905345],[2.129142755233943,41.43861988619875],[2.128855116070724,41.43757178570934],[2.128476683152371,41.436755251653494],[2.128646661314349,41.43621604333572],[2.128922727102179,41.43580540209763],[2.128511182045429,41.435254901892165],[2.12799339288074,41.43417095532533],[2.127924690971724,41.43356150815703],[2.127064874344455,41.432835561911645],[2.126171549877142,41.431859662593354],[2.126086992920364,41.43171922266396],[2.126268770187608,41.43160198884067],[2.123563006927213,41.42934512667625],[2.123268748753731,41.428906098337734],[2.122754499320649,41.42868896242567],[2.122084355108882,41.42726062767582],[2.121792778713768,41.42700720591779],[2.121565558703537,41.426501057577696],[2.120874550220321,41.425854343403216],[2.12038014702614,41.42568999499724],[2.119484278376717,41.4256327648402],[2.117696027749446,41.426221981759056],[2.11695347732109,41.426252520937055],[2.11646939294809,41.426387725013456],[2.115389867448414,41.426929012563846],[2.114977072334,41.42768845585755],[2.114625201791625,41.427954952858784],[2.114673822738723,41.42994844226678],[2.112072102945206,41.4304214820657],[2.108760822553904,41.43467884205489],[2.090548783099848,41.43881794209432],[2.087119242758831,41.437990122446195],[2.083689702417814,41.43302320185927],[2.08420874703603,41.4296782508506],[2.083391932391748,41.43011930985824],[2.08339602970301,41.43031916709589],[2.08374860981047,41.43068493306316],[2.083602672325469,41.430877831346834],[2.083303918441061,41.43092956484753],[2.082292984233845,41.43077361610949],[2.082122241648108,41.43122003057994],[2.082323627733217,41.431665970208314],[2.082233461704902,41.43183136002921],[2.081976779904437,41.43198694723981],[2.081491172079893,41.4319254444037],[2.081155740245208,41.431754967118025],[2.080774669615323,41.43124573590194],[2.080851647085808,41.43070238440748],[2.080487723829378,41.43064328905655],[2.07981884856099,41.430915506645306],[2.079878389076384,41.43162103108568],[2.079606638235759,41.43188666383844],[2.07752896958624,41.43212766685832],[2.076434741070443,41.43282682859524],[2.076077495280174,41.43291859721546],[2.075246712365868,41.432898363368736],[2.074813017906422,41.43306691520593],[2.074568853769563,41.43344970264167],[2.074872114156733,41.434393438606264],[2.074455857551754,41.435389832574685],[2.07423991144276,41.43551759116389],[2.072478241177862,41.43508982503539],[2.072249691969716,41.43533223279627],[2.072874103856805,41.43717192014799],[2.072090307821441,41.43679945063411],[2.071369851937106,41.43631002338884],[2.070634536554621,41.435006179091886],[2.070588311401423,41.43437781558367],[2.070984985268865,41.433171661942595],[2.072015143384135,41.431842642923584],[2.072772643242899,41.43067921967025],[2.075059307141316,41.429595035682325],[2.076235509760977,41.428676479835644],[2.074576736327288,41.428209757774084],[2.072816737902144,41.427418465889446],[2.072573736588652,41.42629443743829],[2.07239889219511,41.42607946799302],[2.072281018953845,41.42510306235641],[2.074220627280113,41.42482066174409],[2.074767426775338,41.42500192819642],[2.075384389577891,41.424942892200704],[2.076739024886081,41.425056537729006],[2.078863416913123,41.42453959302776],[2.080232546594743,41.42442988742931],[2.080248142637686,41.424340583850835],[2.079782427816781,41.4242320608609],[2.079675625229925,41.42319454269398],[2.079490407156527,41.423002003239844],[2.07759282055224,41.42247401216588],[2.07511306141862,41.4221847452298],[2.076876603172707,41.42102633209953],[2.076601004133011,41.41993844920006],[2.07725977731684,41.418730392593545],[2.078770764259332,41.41893360340305],[2.078268528869501,41.418018947016776],[2.078587957268383,41.41762762501486],[2.07879036318468,41.41692837334574],[2.079124124978364,41.41649289373203],[2.079506474444202,41.41620441909862],[2.079779961875715,41.41573117425429],[2.079668528679633,41.415315790890986],[2.07929270829186,41.41507725740951],[2.078405510006291,41.41505849125633],[2.076657942010399,41.415929442389825],[2.075476509833038,41.4162602508099],[2.075208628775215,41.415986417139436],[2.074842157739397,41.41602776976572],[2.07366989864687,41.41697849436201],[2.073750885295112,41.41723657280954],[2.073658514129136,41.417439907725566],[2.07083437400712,41.41854756222017],[2.070137322979065,41.419422421807326],[2.069529767085044,41.424212620216224],[2.069585783157379,41.425073873060796],[2.067365314757467,41.42617494811532],[2.066819364222283,41.4262953097807],[2.066512089261494,41.427161311045666],[2.066461586932689,41.42740536726387],[2.066537809872045,41.42760380896857],[2.067010906328278,41.42829278498402],[2.067440992707645,41.42915028405832],[2.067429917556638,41.42956095317544],[2.064369845691829,41.42998598536491],[2.063260319707979,41.432322364685376],[2.063521203141022,41.433067710206615],[2.063051589759027,41.43302655722982],[2.063112767040536,41.43349933532602],[2.061263813074504,41.43372439426537],[2.059599454850968,41.43462783520641],[2.059279416711718,41.4357392236862],[2.05970890414261,41.43788108864129],[2.061788143907677,41.43753894786414],[2.063478848669945,41.44157771863678],[2.064137015710685,41.44221766271494],[2.063202662372987,41.44374322137253],[2.061965383195854,41.44437289879022],[2.061160846995506,41.4449965102807],[2.058357932672436,41.44480286016386],[2.055656460077557,41.44484033311488],[2.054796015723525,41.44547189641088],[2.053714918208925,41.445259565576464],[2.054445209978439,41.44716467500973],[2.058853953746961,41.44884419580296],[2.067811288560108,41.44791902634199],[2.070124217158877,41.44968526066623],[2.07120577512643,41.450701780562724],[2.070712961933623,41.45229255985373],[2.070298190109384,41.452815533609964],[2.071082469980013,41.453104478588784],[2.070557793807154,41.453463680404525],[2.07051074487498,41.45403872400789],[2.070871453954453,41.454059635044075],[2.070892364990641,41.453871439315435],[2.070719851639808,41.453829617243],[2.070772129230363,41.45357346064668],[2.071317759606927,41.45330064500871],[2.073552897748016,41.45510605020405],[2.074034230195537,41.45629430733641],[2.074526909389363,41.45640105416527],[2.074745599329958,41.456600727041916],[2.075116420386507,41.456363020936635],[2.075201993577139,41.45576400140749],[2.076556934654775,41.45533342579694],[2.077130580711696,41.45417511159212],[2.078638827419923,41.453487632048564],[2.080547109661381,41.45302817920708],[2.081796887616235,41.45468858311159],[2.082755852700416,41.454285818135986],[2.082778408596653,41.4525603257984],[2.082907153742156,41.452533330848496],[2.083904973135986,41.45118627592586],[2.085351809638269,41.45233376678988],[2.098353943379777,41.45797606294491],[2.106986923307829,41.45892214344212],[2.113018183442421,41.45738476319622],[2.115892078556556,41.46003758966299],[2.116680256088955,41.459862298306405],[2.116897582657316,41.45897761722324],[2.117412182825944,41.4588280239941]]]}},{"type":"Feature","properties":{"postal_code":"08980"},"geometry":{"type":"Polygon","coordinates":[[[2.033966913142535,41.39628372441433],[2.035194231428648,41.39697075789417],[2.033214989080477,41.399656899746105],[2.038991050396646,41.40430174522936],[2.04121469430271,41.40814863035496],[2.043727623131304,41.40832518615838],[2.044229754199762,41.408933313121906],[2.044934390110029,41.40876730276881],[2.045414300729362,41.40941300520598],[2.048523926138273,41.41064356285011],[2.049407234856005,41.41062439919665],[2.049039625278454,41.41173785521784],[2.04782051780262,41.41143981539517],[2.048497873677945,41.41354546824874],[2.052995947105273,41.414939897658144],[2.054565386383445,41.414187817114055],[2.054300886776502,41.41397904489696],[2.054925238408998,41.41324407395484],[2.055212309200726,41.41206812224601],[2.056556651768062,41.410588018022565],[2.058769384199707,41.41090409374891],[2.05905930764095,41.41216864037045],[2.058518458959725,41.412526610114924],[2.059407979294804,41.41278189167093],[2.060986842568695,41.41266037527606],[2.061828921867232,41.41347838871667],[2.063843451813852,41.41408360277603],[2.064353826068213,41.41560175191927],[2.064566868266354,41.41660622359831],[2.063863659580193,41.41785116769722],[2.064637575663596,41.41814186005877],[2.0667571410292,41.41812371983377],[2.067060010211264,41.418239122637374],[2.070283138156299,41.4183806228674],[2.07083437400712,41.41854756222017],[2.073574416725933,41.4174638278933],[2.073539966396311,41.41711372541806],[2.073225146123605,41.41658720293702],[2.072522250401505,41.41584516692092],[2.070736005262404,41.41504322976124],[2.070047639886639,41.41419653694061],[2.069993513290001,41.413956732717],[2.070227453034533,41.41333489109235],[2.070337905070232,41.412645081405344],[2.070141042575017,41.41218615826455],[2.071758192686445,41.412712749094055],[2.07366249902509,41.415019114440554],[2.074824450987592,41.416011475848904],[2.075194084939085,41.41597154774871],[2.075476509833038,41.4162602508099],[2.076657942010399,41.415929442389825],[2.078405510006291,41.41505849125633],[2.078173653990916,41.41507847689019],[2.07804281162646,41.41477742343932],[2.077973108771914,41.4142921132904],[2.078078709864542,41.41417407457385],[2.077822794286533,41.4142922526853],[2.077137027951494,41.41348576855336],[2.078142080592556,41.41241715902464],[2.076791619037976,41.41135994480561],[2.07648740087285,41.41129101806598],[2.076267325076969,41.410836708447334],[2.075775439085248,41.41117533917054],[2.075324268999793,41.411278674870914],[2.074595370280122,41.411155418287876],[2.073395092809278,41.41059019168398],[2.07211078268648,41.41099025329754],[2.071870877738831,41.410152255122455],[2.071576460385302,41.41017352229022],[2.07105357296399,41.409120543877975],[2.071147532332759,41.4085645146406],[2.071538339023107,41.407747685607205],[2.071396828001184,41.407487386733465],[2.071014719553659,41.40722009563086],[2.069360352798014,41.40706501923523],[2.069067225072388,41.40687638283879],[2.069244853766975,41.40630079064897],[2.070378188402685,41.405460695254874],[2.071796353618822,41.403879648426994],[2.072576975946674,41.4035407173302],[2.073303279222955,41.40371259036374],[2.074451367236804,41.402870437320814],[2.074985701229139,41.40311566265768],[2.075493870345838,41.40321591728076],[2.076517057815977,41.403120867933694],[2.077373644078421,41.40292222118353],[2.07783292425006,41.40297201214861],[2.076405493318873,41.400131355977294],[2.069819314609674,41.39693940213169],[2.065373398263716,41.39665750963633],[2.063595003306773,41.39454706879218],[2.059472361760072,41.39288328703407],[2.060713099729753,41.39038920259958],[2.059593467164746,41.38959648259157],[2.059289773304386,41.389771434903764],[2.057275961916105,41.38822817938694],[2.057325482185263,41.38764397708786],[2.057786096051473,41.38715099841983],[2.057651556574058,41.38662688971914],[2.05788005991684,41.386056467731805],[2.057683766692492,41.38572878265717],[2.057376330753073,41.38555016470832],[2.05749089089187,41.38500407028158],[2.057427741397134,41.38489555988218],[2.059065549835225,41.383023907927],[2.058686216695548,41.38286662819229],[2.058500871817785,41.382554355698915],[2.057963088026099,41.38244231815844],[2.056791725557673,41.38190834029763],[2.055963452651213,41.38147082102154],[2.05605158261443,41.38133119138138],[2.055605249082987,41.38115900538378],[2.056262831564425,41.38018489841431],[2.054485830556644,41.37962009359245],[2.052484810225792,41.37936582287438],[2.051816524912681,41.37919887992433],[2.048823960657273,41.376921414291814],[2.046279068124477,41.37523274739334],[2.035795538833042,41.370589660084704],[2.035512166952913,41.37094535094718],[2.0312730542081,41.37438938386293],[2.029626694116644,41.377989765715085],[2.026924611781396,41.37999041192796],[2.027045324182382,41.38264106023672],[2.026378164820414,41.38422055483471],[2.021786236345747,41.38946349084739],[2.032908113418671,41.395690989347656],[2.033966913142535,41.39628372441433]]]}},{"type":"Feature","properties":{"postal_code":"08635"},"geometry":{"type":"Polygon","coordinates":[[[1.859730751772759,41.50783181518608],[1.860927779093743,41.50654876591278],[1.864120269834586,41.50599699766326],[1.867805274293971,41.50721933820188],[1.872882146893573,41.50720074112127],[1.875020810262185,41.50760507361525],[1.881679112800782,41.50774673392459],[1.88616410199171,41.5079693682917],[1.88825979035704,41.50733142700375],[1.890134973050579,41.50726839262222],[1.891863204723109,41.50651096201125],[1.89395717628264,41.50648356596378],[1.896825429949615,41.505607110080064],[1.900698239831911,41.50503657208009],[1.902804388211962,41.50437818920204],[1.903569277799932,41.50308500277066],[1.904658098692266,41.502920315320296],[1.904950294720322,41.50187239289659],[1.904290365907627,41.50122536755663],[1.902224040407134,41.50113363580863],[1.899187434552459,41.50294869612543],[1.894264067232882,41.50340930189776],[1.891093462393371,41.50234875569049],[1.889685473905502,41.501148301952526],[1.892633125118607,41.50004911007835],[1.891452514921639,41.499964405632795],[1.898216330419302,41.4958042695514],[1.898034856223603,41.49293092841958],[1.895478432583559,41.493481797347044],[1.893339393298334,41.492906249224006],[1.89479854871405,41.49098138887996],[1.892342463333989,41.489699076151396],[1.894998170329302,41.48616445182796],[1.897159531687009,41.48561357031002],[1.899213576045668,41.48618145081326],[1.899471852344107,41.48277723987769],[1.897497689366844,41.4793135927481],[1.897309058366318,41.477917675860056],[1.901894867853855,41.47555251733479],[1.905816649418853,41.47533141990908],[1.905322576275864,41.47164145928588],[1.906623829626028,41.469543129611736],[1.911229292897531,41.468229063620356],[1.909287529795677,41.46550419696109],[1.907610401199065,41.465485930830994],[1.90642216744908,41.465131612334005],[1.905571449262936,41.465122995929505],[1.904822570305384,41.46502782427467],[1.903989534589357,41.46477532432175],[1.902169628725346,41.464610003748646],[1.900309785768002,41.463915179441926],[1.89863459431109,41.46344651124747],[1.893295887695047,41.462647943847514],[1.890525582789394,41.461622639373275],[1.88885005678469,41.46082975119202],[1.886723882301339,41.46009201123729],[1.885598584906745,41.45929359942005],[1.884197139886112,41.45911916511733],[1.883811090609356,41.45891951022719],[1.883027077837369,41.45804353278277],[1.881716283579635,41.45525424498737],[1.881086966790065,41.455001888926006],[1.880567199116911,41.45493397931966],[1.878201302248272,41.45514263462485],[1.877621943697704,41.455077227831794],[1.877008071865021,41.45517523504901],[1.875993020561452,41.455695141217745],[1.874813215257689,41.45799671857367],[1.874062676151595,41.45853380179352],[1.873569112024882,41.45912099883503],[1.872647505677833,41.46055567920121],[1.872634336905094,41.461177471363214],[1.873137768393292,41.461984415947995],[1.872963012133312,41.463324343743466],[1.872818902070662,41.46363661084092],[1.872812674265504,41.4645102113771],[1.871999977616838,41.46564314761315],[1.872645781677477,41.46738942238392],[1.872414736850601,41.469893187120874],[1.872481557377967,41.470304515441],[1.872980149614193,41.47088659084346],[1.873677405687715,41.47236054010682],[1.87358889261327,41.47261641971198],[1.87278632143159,41.47340679159015],[1.87199872935787,41.47455667914738],[1.872192011652032,41.47537679340428],[1.871391394697071,41.477310525560256],[1.869186778646906,41.47840353279679],[1.864946550742729,41.48013199289716],[1.86355558821981,41.480902256833645],[1.862922189407527,41.48139727426479],[1.861134341676518,41.48246346731514],[1.859591888354942,41.4829699735854],[1.858523065686938,41.483087259569345],[1.856903871416534,41.48384911124748],[1.855634794909861,41.48465009692438],[1.853684813803113,41.48563299206893],[1.852083411720059,41.48711428069947],[1.850253561152897,41.48762380959113],[1.847784267429972,41.489510881322076],[1.846060830043257,41.490484055694594],[1.844923904414657,41.49097325091475],[1.844663396898227,41.49117334827139],[1.843517389915576,41.49282433987139],[1.843045505745465,41.493240429202444],[1.842719884614951,41.494172519845904],[1.842414268004063,41.496013136197234],[1.842232942196517,41.49647098284953],[1.841741138043062,41.496941911040324],[1.841283720367414,41.49723131557272],[1.838233005049119,41.49839540702237],[1.838492489137082,41.49914078941589],[1.838534605287805,41.500030923088616],[1.840492248618375,41.50186439702429],[1.841048177131654,41.50466022558891],[1.843088481648124,41.50680812859224],[1.845039606692467,41.50695916523324],[1.845425641580107,41.506663245112634],[1.846148724384136,41.50672274156125],[1.847492998603002,41.5070801123573],[1.850190873010376,41.50711916361848],[1.851048389171808,41.506893849271705],[1.851669640841237,41.50655241086503],[1.853117999895744,41.50686030276074],[1.854211892964486,41.50691303810618],[1.854547062197128,41.507070841246275],[1.854555569783713,41.508303053642976],[1.85496763734659,41.50852872142332],[1.855561709705114,41.50862164117575],[1.859730751772759,41.50783181518608]]]}},{"type":"Feature","properties":{"postal_code":"08181"},"geometry":{"type":"Polygon","coordinates":[[[2.15478874360565,41.59246715503514],[2.154659750247276,41.59236781322397],[2.151768541385081,41.58378175902095],[2.152022259919363,41.58335677629418],[2.152718529436584,41.582759989781664],[2.153327044007881,41.58242598427171],[2.15196621506874,41.581901950214785],[2.152188535572463,41.58137711216398],[2.151315498911117,41.58050760174439],[2.1526244162838,41.57797296238226],[2.15171472415517,41.5773836258536],[2.149136517136526,41.57708588730384],[2.149911250703667,41.576122622560945],[2.146990462240012,41.5758852393123],[2.145918060270276,41.57566331091306],[2.14215819624377,41.57527497286168],[2.136979426859057,41.57407505691833],[2.131895550339379,41.574221173368414],[2.126331781186764,41.575119998988725],[2.125963387400418,41.576368746320554],[2.121940206375427,41.57795246503423],[2.118089257213455,41.577927516941315],[2.117535856694417,41.57866402392557],[2.117282398963539,41.582726676195136],[2.117405332689941,41.58336828042178],[2.117326386603452,41.58524553964992],[2.11849452590161,41.58773955573588],[2.117453897879045,41.590191507831776],[2.117916315785351,41.5970919186571],[2.117352355426874,41.599199035607],[2.118145340734884,41.60179140065259],[2.118019326830449,41.60458793338637],[2.115991997732522,41.60595576084967],[2.114735509036507,41.60856078565172],[2.112143638618022,41.610980606769544],[2.113328975651712,41.61307157639209],[2.11711147831204,41.61493690881127],[2.118698573080678,41.6146690979005],[2.118461464125232,41.61501168294279],[2.116820562019313,41.61534658687543],[2.11453966457384,41.61744589231404],[2.113694350413937,41.617376719160234],[2.106119752924258,41.6209638557973],[2.104104348836643,41.62325089111573],[2.101534262696077,41.62913566068215],[2.100341180700923,41.629982142162135],[2.099830405348939,41.63126527866967],[2.09807162370646,41.63497848586843],[2.100066060999893,41.64350731710897],[2.099606162094688,41.645435270221526],[2.097698438332259,41.647565485358825],[2.098637236119544,41.64865752582415],[2.096792855206104,41.651899081777174],[2.095592724324774,41.65281613485672],[2.093683449231776,41.65326957213301],[2.093025970172391,41.65406402693327],[2.092183147134506,41.65417463455174],[2.091313455951195,41.65487159834555],[2.091431378655216,41.657575696061485],[2.090869602749933,41.659580714778144],[2.097900043851951,41.658618931218655],[2.101865972236794,41.658208939291114],[2.10200150096847,41.65674560022927],[2.105450304787723,41.65587175597676],[2.106080611730818,41.65488991483767],[2.108102167181244,41.65449319780282],[2.108951698262274,41.653698511876826],[2.11047345458627,41.65079475207614],[2.110369052289911,41.649927231856225],[2.111956124575499,41.64814591140464],[2.111830849913758,41.64671945174126],[2.112916010565414,41.64526715995146],[2.116406655342871,41.644776592365815],[2.116003668234669,41.643632631340836],[2.117814095244285,41.644066679233845],[2.118902669722445,41.645376917710564],[2.121440105976092,41.64543521086625],[2.12374243606456,41.6410362256413],[2.126618393324179,41.63991729724546],[2.129518578319733,41.64031928340819],[2.132258878244613,41.63871113191317],[2.13311771101354,41.63728563992032],[2.135102214395658,41.63944749860315],[2.139591943013727,41.63705180899376],[2.141309771328849,41.63360711687494],[2.145920343648925,41.63258149404072],[2.149918036088479,41.629599799890855],[2.15420423014109,41.62332178467261],[2.156827948251191,41.62146789432785],[2.158937273936033,41.615889689257756],[2.160892791269305,41.61393636627025],[2.161070788685947,41.61270451540105],[2.162473204974447,41.610598842762386],[2.162803043026031,41.60691811278065],[2.164115499230888,41.60427630031097],[2.164254822202281,41.60122590874869],[2.164180482443271,41.59969875469375],[2.157711829837069,41.594718183297516],[2.15478874360565,41.59246715503514]]]}},{"type":"Feature","properties":{"postal_code":"08784"},"geometry":{"type":"Polygon","coordinates":[[[1.733151745756459,41.581633550248114],[1.733296030287534,41.58147449255375],[1.733378232819177,41.580795870433064],[1.733547040063854,41.58064481940289],[1.7350130806891,41.58035921360681],[1.736204212954078,41.57992284186565],[1.736430178409989,41.579733469823736],[1.736635728356191,41.579265783688925],[1.737326922099783,41.57855296664604],[1.737870485834264,41.57729701574465],[1.737786568295462,41.57664324728802],[1.737852742210293,41.57607326327047],[1.738039554781608,41.57584045577238],[1.73825683188727,41.57569640776296],[1.740710898289308,41.575315902806665],[1.742220969721984,41.574488171292046],[1.742614128139508,41.57445391701464],[1.743714957679117,41.573769101263],[1.745406931384764,41.57182638937633],[1.744984329163458,41.571132575008335],[1.744436838988918,41.57053400244223],[1.743933045073959,41.57020368235402],[1.742892186824974,41.568599055302116],[1.745949951029388,41.56550138458118],[1.745611736692297,41.56481307586273],[1.748230013004672,41.56226476590621],[1.749862010923039,41.5611437735663],[1.750759653035573,41.561124597322305],[1.75150468199547,41.560985697931585],[1.752886139583666,41.56135160958911],[1.753098645785883,41.56130681166002],[1.755092491325399,41.559891596220154],[1.756086272763241,41.558733943916366],[1.756196788650868,41.5581171582802],[1.755976606734976,41.55756805741987],[1.756172753369867,41.55697469462643],[1.756038117665014,41.55661112210555],[1.755688451360925,41.55625646366485],[1.755030635955052,41.55595061143157],[1.75460333567537,41.55551814544606],[1.754554322623903,41.55534011835175],[1.754975656801093,41.55438628389987],[1.755089713319592,41.553328121795346],[1.755795833111222,41.5510298872195],[1.756062060315799,41.55090182825677],[1.75681074771785,41.549835333933515],[1.75842251268881,41.54828288194943],[1.758407691861464,41.547266095853615],[1.758215037294121,41.546112601115624],[1.758292235997885,41.54569521226421],[1.758687404400177,41.545201641842255],[1.759313471039832,41.544914543171615],[1.759735859222531,41.544464849772964],[1.759833757621834,41.543677478033146],[1.760157065696035,41.54351099463668],[1.760684414654008,41.54122920416444],[1.760559477238075,41.540018874971054],[1.760663215834711,41.53947436335119],[1.760387697734075,41.53654157883079],[1.760645241984321,41.536458866383555],[1.760794107661923,41.53603851876261],[1.761013999096747,41.535865941559905],[1.761250895812168,41.533542527765405],[1.764603425407756,41.53121810762951],[1.768143623729259,41.53192614657439],[1.770818008744072,41.530426940750715],[1.771197694418049,41.53005098996118],[1.772476042035692,41.529187487012905],[1.773765813741306,41.52750413870501],[1.774117046664344,41.526742222275686],[1.774668003725367,41.52592696435789],[1.77517309356341,41.52546473800726],[1.775719949715892,41.52508184804884],[1.782116879590319,41.52149299640462],[1.781427722811145,41.519954495603486],[1.783014992048209,41.51954789681798],[1.782187559108536,41.51888742301611],[1.781929523828467,41.51733098793471],[1.78302183678835,41.51671142878939],[1.784885105263413,41.51404800561096],[1.786279986132456,41.51249577396078],[1.782707782737987,41.51018559458947],[1.782188169748224,41.50850781398441],[1.780755340186772,41.507757228113576],[1.780975067945008,41.507323205401576],[1.780146064789051,41.50518001124851],[1.783461269821714,41.5036828288994],[1.784170920351698,41.502102892734285],[1.784944756395362,41.499757786392706],[1.785688671095272,41.49604370235494],[1.786956103641273,41.494721882408896],[1.787784009624318,41.49133632790921],[1.789079501018136,41.4871518345895],[1.790227981136411,41.485843386662964],[1.790459389289367,41.481185602633445],[1.791688431575835,41.47724583732548],[1.792277448845198,41.473873029816446],[1.792607893039815,41.47380295014602],[1.792732397881821,41.47289849566903],[1.794305095403843,41.47231058726379],[1.795338111564604,41.47170917823598],[1.796195988354157,41.47084497021916],[1.796910675986908,41.470310903325526],[1.79819975971111,41.4683217657369],[1.797876120686396,41.46718173744722],[1.789832690426294,41.46734619916771],[1.788058658080615,41.46682658887596],[1.787371985228901,41.46708876103747],[1.785978176351762,41.46637317678068],[1.785457189197928,41.46515410168041],[1.782492658609272,41.46536775182028],[1.779896213339555,41.463430467342164],[1.778833884676033,41.463303063985165],[1.777396449686421,41.46475005157362],[1.774279301448587,41.4630537620215],[1.774426187718404,41.46049848591639],[1.774769990442678,41.45817983762936],[1.774593979628435,41.45741340840203],[1.774709191775742,41.45637320036286],[1.775174624209512,41.45602743531788],[1.774956040388929,41.45549631370392],[1.775089920663277,41.45504055977398],[1.774862590036491,41.45405963864141],[1.775694331628074,41.45284607818394],[1.776141182269726,41.45078477269908],[1.768852044885932,41.44571112866561],[1.7525085915982,41.45130633991562],[1.74926790978617,41.453304327732496],[1.751549763211017,41.45766663860445],[1.747267019857077,41.45867114625639],[1.746543865107299,41.459917703738995],[1.746567505585915,41.460240854431845],[1.748219061960128,41.46171214979586],[1.74885609133554,41.46174879537057],[1.749225938426321,41.461895589010226],[1.75012557973173,41.46274068193691],[1.750279171346676,41.463040452954544],[1.750848247948284,41.46362014155625],[1.751756306908021,41.46392466459156],[1.752503600360853,41.46465001368716],[1.753008333168054,41.46533142910215],[1.752241061275924,41.46564229325719],[1.750977291668676,41.46587471224814],[1.74915877165995,41.46588694932325],[1.747928046741947,41.4662440170477],[1.747545117213406,41.46673708025202],[1.746982703688786,41.46706646144804],[1.745761739112936,41.46755817207196],[1.74544594937106,41.46782330480164],[1.744455833569873,41.46819743176604],[1.742674066155246,41.46936954067172],[1.742441798250354,41.46963122719933],[1.742404402641057,41.46993892484147],[1.742841544201895,41.47051507191304],[1.743290894958818,41.47076659790014],[1.743961341342811,41.4714231722416],[1.744846796742252,41.471908780066144],[1.744979908096298,41.47209235687677],[1.745055836957306,41.47247637098769],[1.744702173166729,41.47287815480297],[1.744220688733776,41.473006081565416],[1.742414135104241,41.47269361391915],[1.741235981855084,41.47262528882601],[1.740517608800587,41.472132763416255],[1.740098059777608,41.47196099560347],[1.73957423886003,41.47200065210836],[1.737189639690087,41.473116554285525],[1.737080085177752,41.47325616414065],[1.738393823815898,41.47452543580022],[1.739613204685611,41.475321425743175],[1.740154467954312,41.47584829086588],[1.740473336974901,41.47595213288463],[1.741804107873293,41.47597820063345],[1.743084267624852,41.47629441125804],[1.743795687121235,41.47636405205935],[1.744066795845924,41.47646985909671],[1.744186064834992,41.476626994040544],[1.74402786239591,41.47708375521108],[1.743841804355782,41.477163436943044],[1.742994155555834,41.477027416282226],[1.742513347413023,41.477164383929164],[1.742033669718069,41.477481310414134],[1.741235111311312,41.47851371683453],[1.740830726656725,41.47920569928357],[1.74032230213254,41.47978493013039],[1.739542695139278,41.480258342248646],[1.739191820146345,41.48037188975087],[1.738593020951157,41.48036961176814],[1.737675546089577,41.48010138537063],[1.737140980971503,41.48015945009854],[1.7368537581944,41.4803243758692],[1.734651671937115,41.48230606437335],[1.733468785555999,41.48283205085846],[1.733221883882834,41.483058352660805],[1.732936914806771,41.48358331481808],[1.73299297584515,41.483860103660845],[1.733606012207701,41.48504133439002],[1.733588529387134,41.485294158998215],[1.733403261851038,41.48554487469619],[1.732540023303443,41.48602167186266],[1.730427606648732,41.48693714843063],[1.728654393585373,41.487415386311],[1.72675143712911,41.48956467606894],[1.726566944808667,41.49031961555778],[1.726198971905035,41.49085698116471],[1.72614791289584,41.491471318846266],[1.726324546040928,41.49192323986563],[1.72624149185134,41.49209774521472],[1.725183454752596,41.49286161407218],[1.724121169256534,41.493238511847835],[1.722082071630268,41.4946729916652],[1.71999422085662,41.49576733439494],[1.718795842753934,41.49674403141188],[1.717355130634758,41.49735252080217],[1.717158466889714,41.497612716253855],[1.71705418600186,41.49831927581391],[1.717319739614254,41.499830012744894],[1.717563579095895,41.500054042859745],[1.717905692893396,41.500805308618055],[1.717609377970405,41.50117763873703],[1.716895226333634,41.50156716659143],[1.716276436108615,41.50145755632116],[1.715846330843476,41.50114212630808],[1.714903309839883,41.49920902277813],[1.713165626292607,41.49902835707297],[1.712752927405688,41.49911733599623],[1.711060145209501,41.500708501995746],[1.710236389597696,41.50107543708174],[1.709006322983385,41.501288036813435],[1.708280956800706,41.501524848992574],[1.70678402895976,41.5028468416084],[1.705968913134825,41.50398717836555],[1.705531502676706,41.50539224495611],[1.705362155838827,41.50553427758484],[1.70353177377234,41.50605948255907],[1.703198485921405,41.50625324778912],[1.702821572857317,41.506835922140056],[1.702809138830673,41.507160583693974],[1.702937902861891,41.50761448681908],[1.703190840784657,41.50796424485401],[1.703528298791923,41.50815748667867],[1.703943449230792,41.50826654116793],[1.705104659252584,41.508092847007276],[1.705760643638769,41.50821902818558],[1.706696711983682,41.50873883183158],[1.707228077313914,41.50929330973844],[1.707333156799734,41.509586093923076],[1.707301908056593,41.5101456224225],[1.707813533267938,41.51009761211509],[1.708712884092336,41.5097815813549],[1.711900341327691,41.50897542907279],[1.713312592602051,41.510276951320236],[1.713624394750013,41.51028217458264],[1.71411157818676,41.51006406110753],[1.714489636087819,41.51015657886302],[1.714781682828402,41.511206994207384],[1.716627081774391,41.51204049037631],[1.717325190405177,41.51192177986621],[1.71766674932104,41.512006757705706],[1.717934540446663,41.51222983274056],[1.718114255568423,41.51288875790982],[1.718949574663156,41.513502645031],[1.72003487740767,41.513602047096754],[1.720929211813655,41.51404230031187],[1.719470826217673,41.51671350172671],[1.718311038023955,41.51970546163773],[1.720747063126453,41.521405980701445],[1.716246227881129,41.52837092957469],[1.716448282162503,41.52867775667312],[1.717409610665015,41.529538600326134],[1.717539336071468,41.529839359698656],[1.71753702841113,41.53013659103084],[1.717269293942763,41.530408704298225],[1.717258377971746,41.53124651721299],[1.717496308008208,41.53155184424219],[1.71750805315412,41.5317134461186],[1.71720447170901,41.53198701988504],[1.71729493901023,41.53240646998256],[1.71713189012462,41.53280032987129],[1.7171894818091,41.53293301314801],[1.717772571646833,41.53320621009851],[1.717940958908116,41.53337932779374],[1.718041388898996,41.53377135126681],[1.718017697158984,41.53476275669584],[1.718395930427846,41.53551249720397],[1.718165093344396,41.53596317805818],[1.717872999839074,41.536065251110415],[1.717617445788505,41.536669974139954],[1.717080091872731,41.53702522343531],[1.717206417841908,41.53744319774535],[1.716813138915199,41.53895397244787],[1.716714741392195,41.54089382538973],[1.717213115992479,41.54164764612193],[1.717232854312783,41.54241215439737],[1.71698761998266,41.54266534772762],[1.716952232559493,41.54283788176281],[1.717272548589222,41.54312182830972],[1.717550763756719,41.54365059100195],[1.717187243396552,41.54524120661637],[1.716692716095963,41.54585579071215],[1.716567895591879,41.5471034219853],[1.716087208857573,41.54774445514249],[1.715930535265954,41.54839015937836],[1.716179937953768,41.549181235425635],[1.717455164024614,41.55039832482282],[1.716949144287582,41.551184449202935],[1.716649322907926,41.55216917266915],[1.716480540844259,41.552320181431185],[1.715746778590926,41.55244936724449],[1.716710010058932,41.55250880523715],[1.717756558318513,41.552888954061984],[1.719151381630923,41.554758364906604],[1.719264653940627,41.55499681205322],[1.719225176400755,41.55593481124254],[1.719325218783808,41.55615578636042],[1.720161409321577,41.557102746394605],[1.720533700769636,41.55793378201838],[1.721863728827998,41.55907655144165],[1.721876695253286,41.55941814183376],[1.721273396749837,41.56117167503277],[1.721878046034988,41.56206516137809],[1.721835982044922,41.562309982020054],[1.720970809954906,41.562939842899425],[1.720280733169318,41.5638325747135],[1.719371698445116,41.564518255612995],[1.71717056187191,41.56573424963591],[1.717765361782028,41.567150369793694],[1.718094298712913,41.56755100787268],[1.718066133745083,41.567822307253664],[1.717765753886397,41.56863595088839],[1.717736114929721,41.56970861186295],[1.717618185031199,41.570064604897595],[1.717134624063647,41.57083182642765],[1.716421480566851,41.57141035310531],[1.716350838820119,41.57159331657829],[1.717583699628051,41.572551051389894],[1.718818433723754,41.57304046514531],[1.719652739282481,41.5734653138731],[1.71975019701398,41.573650385356984],[1.719237110404322,41.57467089644467],[1.719019148914583,41.57546317128828],[1.719019487059654,41.57579632334165],[1.719404624423873,41.57647374396811],[1.719239536775206,41.576840695241856],[1.718547781854625,41.57738236320546],[1.718525878866217,41.57790547006135],[1.71878313713205,41.57830903633294],[1.718872405637001,41.578710548552976],[1.719317507996607,41.57922344090906],[1.719510775002277,41.57989975626873],[1.719716483229092,41.58008934864449],[1.720287709210425,41.58002986838369],[1.720795554571168,41.58025203690198],[1.721570705423687,41.580193133106604],[1.722772452386778,41.57990054767214],[1.723135685863213,41.5799486164355],[1.723455696123494,41.580061493043445],[1.724885739585204,41.58141615533128],[1.725600142132862,41.58167482103613],[1.727262064992317,41.581444269937094],[1.729192681896734,41.58160776938303],[1.732912777003037,41.58148131031419],[1.733151594670346,41.58163344772544],[1.733151745756459,41.581633550248114]]]}},{"type":"Feature","properties":{"postal_code":"08106"},"geometry":{"type":"Polygon","coordinates":[[[2.243222262197605,41.523135023562475],[2.243183655201506,41.5233978864033],[2.243881008401786,41.52342900024814],[2.244763060766616,41.523226613217616],[2.245737120072022,41.52327210812126],[2.245744824563985,41.52455012568771],[2.246962660398424,41.52464746021212],[2.248083864978355,41.52458718764859],[2.24791468721304,41.525603223709766],[2.249299351783634,41.52583691164415],[2.250123897899584,41.52640235858195],[2.250755840709473,41.52961444465086],[2.252242742008946,41.52948332799315],[2.252852662220562,41.530355668579205],[2.25233516803354,41.53136069424062],[2.253084123433553,41.531731500008675],[2.257030674126327,41.5291389802797],[2.263521165869122,41.52644534617576],[2.264255628694286,41.52575439524912],[2.265098737716585,41.525220538796816],[2.267466500678438,41.52340126695486],[2.26947074597814,41.52167964799736],[2.270258467554243,41.520761198270634],[2.270825759001582,41.52051903332671],[2.271111428649476,41.52049690280978],[2.271925451798154,41.51990131599291],[2.273292752258726,41.519334267362524],[2.276287932641992,41.51889936421429],[2.277115512171122,41.51861825592772],[2.277692250996552,41.51805152295941],[2.279386336310381,41.51782048802505],[2.28051287207137,41.51665227228449],[2.281853376332265,41.515024029935034],[2.281883476641099,41.513924295769584],[2.27587558538994,41.511337999349166],[2.274631271715805,41.51164732206621],[2.268292348113391,41.509255886250116],[2.268094614175084,41.508886851247155],[2.268068264938449,41.507384586829176],[2.266600135188071,41.50465106509455],[2.266226344570157,41.50417306103793],[2.265006833298685,41.50449068989337],[2.263178339808519,41.50409801890845],[2.262595217595219,41.50488104512414],[2.262297365730831,41.50574934235823],[2.261317918587054,41.50758645405159],[2.260094256045079,41.507561587797],[2.258999601250594,41.50765386903083],[2.257539381037589,41.50839896993648],[2.256586682429429,41.509351965320946],[2.25676874388239,41.509676697021916],[2.256801498990001,41.510080346031145],[2.256146806929564,41.510425442879864],[2.25510574273585,41.511175397426655],[2.255134419417914,41.512119372610925],[2.253327298316151,41.513318533123766],[2.253328693164633,41.51481294735959],[2.253147970802218,41.51568550018567],[2.251103489834179,41.515437045383294],[2.250810932278682,41.516260690378544],[2.249060513431914,41.518753608392274],[2.248158913403131,41.51871385925716],[2.246615240600875,41.51828933158737],[2.245319026152117,41.51825861614219],[2.242531490236047,41.520816886989735],[2.243004774650615,41.5216324740594],[2.243586913005629,41.52216402375069],[2.243610566074778,41.52248097811463],[2.243222262197605,41.523135023562475]]]}},{"type":"Feature","properties":{"postal_code":"08206"},"geometry":{"type":"Polygon","coordinates":[[[2.096646174881073,41.56187887311148],[2.096991980395558,41.55896885762667],[2.097502522823163,41.55879404560869],[2.097622117366825,41.558267497047325],[2.097014175663674,41.5581874187144],[2.096872672735628,41.558312934394394],[2.096671066316674,41.55827798943761],[2.096824287410925,41.557278018865475],[2.097068629613545,41.55731659528465],[2.097341224018237,41.557087163841516],[2.098427643720754,41.54963599020874],[2.099818418285338,41.54498997920416],[2.099914389437515,41.544424122175485],[2.090955882807748,41.54683262892269],[2.090528996216165,41.54617338269543],[2.090003909952486,41.54586506362176],[2.089794754624222,41.545990089171255],[2.09045522123148,41.546350899874085],[2.090836602127467,41.54685922277491],[2.078154700778782,41.550281650377826],[2.076316435255251,41.550906706179546],[2.076088048824374,41.55121887615019],[2.075819653354301,41.55128263898257],[2.074964920594596,41.55112878206762],[2.068519206096482,41.55283878987825],[2.064868079098574,41.553609102378175],[2.065881321865504,41.55359703527495],[2.064947443369817,41.55433892380228],[2.064999808194557,41.555318504945035],[2.06693782562013,41.55618666458287],[2.063798840044399,41.5578839865567],[2.065245322213855,41.55906362098932],[2.064841025692772,41.5594134941374],[2.066419882671426,41.56044099295741],[2.067351847409839,41.559941176743905],[2.068815299786252,41.5607149444391],[2.067816004604936,41.56172973763728],[2.067474514037599,41.5625832599095],[2.063023154994596,41.5635986025934],[2.064284476647288,41.56563104343786],[2.064541922871456,41.56545980892304],[2.068293099446976,41.56497497721341],[2.078615257987735,41.56401394818516],[2.082173635205095,41.56322201868119],[2.087553389577238,41.56277008776931],[2.094533843661964,41.561993601423524],[2.096646174881073,41.56187887311148]]]}},{"type":"Feature","properties":{"postal_code":"08640"},"geometry":{"type":"Polygon","coordinates":[[[1.912116698027205,41.533036254419585],[1.911513975089861,41.53268995068066],[1.910513062927521,41.534193046971495],[1.909345070218819,41.53443157235915],[1.906497454194152,41.534013217635845],[1.897727547987927,41.534666620967755],[1.894878026299864,41.53358971159588],[1.894239529230902,41.53290795533786],[1.893389232826848,41.5329160834105],[1.886374573927412,41.53808548635607],[1.884590405322911,41.54032232871248],[1.882320434640349,41.54200305639591],[1.877692028764102,41.542605137217265],[1.874507319856889,41.54344395377541],[1.872990207631972,41.54398675308619],[1.872739177171297,41.54558989805531],[1.874166128763818,41.54687134113948],[1.874660765781698,41.54819241015156],[1.874635318565083,41.55214378210985],[1.875706858984358,41.555080608183516],[1.879334198014817,41.557087144955744],[1.878941284212885,41.55997364226977],[1.880989315704369,41.5618588029414],[1.879487918232826,41.56658756776204],[1.879801221349283,41.56740140025437],[1.878386754145367,41.56900057831399],[1.879932761587668,41.56979012011794],[1.881593205062359,41.5714497847797],[1.881565220858249,41.572989972709024],[1.883086543708998,41.57567121865179],[1.882723775182058,41.57626340872929],[1.883877874264499,41.578681779240696],[1.884656727625895,41.578997446674805],[1.900582809149284,41.573961432973704],[1.909176166746704,41.57075780682732],[1.920427901426478,41.57146395090058],[1.920146846199998,41.56997360879501],[1.923504137705777,41.567775628842185],[1.92185867873502,41.566794005339034],[1.920507541789618,41.56431139895187],[1.921577235001394,41.56467064573371],[1.922205038231937,41.56362798884061],[1.9214577133028,41.563406860837915],[1.921204673756677,41.562444232815096],[1.920406540729289,41.56204801310531],[1.920943358649083,41.5602778001803],[1.921945555043294,41.56068493496173],[1.922394056840233,41.55981038833875],[1.918569545048456,41.55680646294786],[1.919954420959755,41.55689052887476],[1.92015962736491,41.556276821617985],[1.92417863823357,41.55537560470037],[1.926288513404131,41.55238704602533],[1.927213761106202,41.552732739124565],[1.927723650625978,41.55250542018899],[1.925549176253469,41.55101484695757],[1.927496880276806,41.55015459595779],[1.92772276659241,41.54934585722549],[1.929294902038066,41.5481162834397],[1.928764885690896,41.547292167199714],[1.929240973292281,41.54646140317118],[1.929667134130909,41.544029061691845],[1.930453835875824,41.544130284884716],[1.931197082379413,41.54192907996304],[1.93241709906988,41.54190472722138],[1.931103696778166,41.53944870929047],[1.933248479134022,41.53755577308044],[1.932129428430358,41.53670362856957],[1.924823557361265,41.53660398458618],[1.921045822906365,41.537351377863786],[1.91810114485196,41.53565732312694],[1.917490843327755,41.53581855718062],[1.917273741589895,41.535487428601925],[1.916884893622921,41.53572918075707],[1.915756971107328,41.535397707738014],[1.91538919065863,41.53401789680845],[1.913566941161378,41.533690876332855],[1.913308682849447,41.53313640022469],[1.912653237157144,41.53334455011088],[1.912116698027205,41.533036254419585]]]}},{"type":"Feature","properties":{"postal_code":"08691"},"geometry":{"type":"Polygon","coordinates":[[[1.845376035875347,41.59146340101512],[1.843893409053578,41.60092544255508],[1.827463785425323,41.606971852668835],[1.830055704407243,41.6121302479126],[1.82921844727349,41.61200345789325],[1.824196355977051,41.6106212808474],[1.823115696432239,41.610126534112226],[1.823180563632093,41.610835094663855],[1.822969726571614,41.61154621288739],[1.823572725600798,41.61207006977787],[1.82395310015545,41.613629644392574],[1.824790955338301,41.61553013580709],[1.822863354759988,41.614620858265994],[1.822688417736288,41.61533048361491],[1.823057818763289,41.61626029627564],[1.823130742090086,41.617076567729384],[1.822936580258954,41.61785002695717],[1.822965399933253,41.61823596201998],[1.823686578872525,41.61857473573542],[1.825060382330776,41.61993948032273],[1.825471856341096,41.6205330265779],[1.826713629430458,41.62167057183939],[1.828809036307973,41.62273477738802],[1.829535817124224,41.62330737483546],[1.830314118301885,41.623445666284454],[1.830930784328245,41.623994777037296],[1.833303800230169,41.62475007355704],[1.836028863840966,41.62524853629088],[1.836462206665487,41.624951677278034],[1.840938497613536,41.625274827970884],[1.841314147130163,41.62435863014662],[1.842360494840932,41.62454797071223],[1.845434804772424,41.62410294119775],[1.84628464701882,41.62279812833094],[1.848283744599144,41.62241816116921],[1.850780094425829,41.623066588552206],[1.853274452254141,41.62224076360036],[1.854116102576086,41.623223627268544],[1.857081911101318,41.62436691020474],[1.860289811725409,41.62378081483274],[1.862854763636449,41.619288491670545],[1.864567672659973,41.61813541691595],[1.863579510186241,41.61727647173177],[1.863426298984507,41.61699484633505],[1.862881826035448,41.616774858672784],[1.862548468936666,41.61537547220024],[1.862910064747666,41.61491894755136],[1.863243928164763,41.61409448687107],[1.86316877901595,41.6135754647359],[1.86269834005634,41.613541411906624],[1.862282773231414,41.61327994571292],[1.861877893949611,41.612045645989724],[1.861453618989287,41.61119029989243],[1.861273262650911,41.61038764777169],[1.86156802444475,41.609681882313],[1.861679455842193,41.60845268894042],[1.861210936035832,41.607806324602166],[1.860906456167982,41.6071079920402],[1.860874982594339,41.606371053381395],[1.861776439631001,41.602569388866186],[1.862635554787005,41.60107444223172],[1.862886596938893,41.59994738126659],[1.863727344341441,41.598687270101436],[1.863944416401694,41.59806581698382],[1.864019328129473,41.59475843515361],[1.863823152716293,41.59406445980693],[1.86352841610352,41.59365379068987],[1.863460102701595,41.59322455506913],[1.863607016850324,41.59278617244388],[1.863359866064968,41.59232626184746],[1.851799144115205,41.590945571380985],[1.850783445299726,41.59099750632981],[1.850424772285407,41.590850658730915],[1.847703831166882,41.59119082639552],[1.846396471420007,41.59166926212674],[1.845410577036489,41.591476826094606],[1.845376035875347,41.59146340101512]]]}},{"type":"Feature","properties":{"postal_code":"08903"},"geometry":{"type":"Polygon","coordinates":[[[2.129965365109513,41.36979309907224],[2.130308642629757,41.369420502754],[2.129330238699538,41.369046370393676],[2.125600167413779,41.36805378235613],[2.123507783157663,41.36803519157081],[2.12255039998098,41.36936844729598],[2.122071781687339,41.37022592208859],[2.121887762410324,41.37024840963636],[2.12187616295455,41.37044684324718],[2.121478750743734,41.37106132571961],[2.121934546941759,41.371301052601495],[2.121901069678586,41.371364035721626],[2.121567884350384,41.37128122704695],[2.121010711175359,41.37214167319962],[2.121114412000509,41.37221660201453],[2.121060263820084,41.3722999718662],[2.120956476660069,41.37223462532768],[2.120066068694086,41.37368256170083],[2.119251602179702,41.37470784189338],[2.119112137115451,41.37518468132794],[2.119153617445477,41.375743878876904],[2.11796329007376,41.37575117058003],[2.117550832205154,41.375870989054874],[2.121203878356312,41.37803330099604],[2.121419052846989,41.37749453244669],[2.121428257408127,41.37585597217537],[2.121541149304562,41.37559652316099],[2.121916323079859,41.375311074746264],[2.123100978427374,41.37473056416417],[2.1234308542505,41.37441463682603],[2.123379955320672,41.37437552620952],[2.123915624806216,41.37362224057392],[2.125020721628971,41.37300667981441],[2.126791156686522,41.37181065613686],[2.126740218186512,41.371776392866195],[2.128737544102364,41.37086236510606],[2.129887780596562,41.36987415766623],[2.129965365109513,41.36979309907224]]]}},{"type":"Feature","properties":{"postal_code":"08110"},"geometry":{"type":"Polygon","coordinates":[[[2.188472456038994,41.5162988953777],[2.189038025284617,41.51565953855686],[2.189269946950503,41.51420857596497],[2.193571834172815,41.50781303464379],[2.199303329585007,41.50266359215101],[2.200378852202277,41.500850784635986],[2.202302259241833,41.50213086614656],[2.203576952914034,41.5036851212713],[2.20799770802779,41.50132428578712],[2.209152204610518,41.500048697289515],[2.21066623665746,41.498915177393485],[2.219013394052865,41.49654654928378],[2.223312173218233,41.495812560401305],[2.224856734550656,41.49222913166909],[2.223249754872256,41.49042018494356],[2.218379688571758,41.4882195223131],[2.217225039104278,41.488308631638006],[2.215673220242934,41.48702879923968],[2.21661790589161,41.48552846027019],[2.21531181778613,41.482977061142435],[2.213265296256395,41.481801217352256],[2.211929346162378,41.480365227573145],[2.212813073964185,41.47944444860241],[2.214904768440306,41.478961116961955],[2.217778418039529,41.47776974008144],[2.216896980810986,41.47544938667983],[2.21363369184138,41.471779978263385],[2.211513452883537,41.47131085860923],[2.211318573393442,41.47111995592121],[2.210343862978903,41.470615611621156],[2.205731901206264,41.47041990025815],[2.200013186059664,41.47329864631547],[2.192844724204633,41.471822895710034],[2.190216074212458,41.470386085749226],[2.189031237201846,41.470690092573705],[2.186989005438249,41.46745140365931],[2.186695082711879,41.46743940490461],[2.186658128669706,41.46785441594852],[2.185900089217739,41.46782763233932],[2.185915411866745,41.467697949200954],[2.185105295373091,41.46770759263126],[2.184206523712078,41.46816694384938],[2.183623880837445,41.468260789903525],[2.180595993910003,41.46770288737832],[2.179317705647577,41.467558343842484],[2.178543038630323,41.46789876241792],[2.178552068722979,41.46673168881637],[2.178652990643002,41.46647265528878],[2.179059705441034,41.465999746790885],[2.179221340592392,41.46599700655656],[2.179689683232311,41.46625087617696],[2.179980922381674,41.46661026325302],[2.180110856430872,41.46663163384278],[2.179867122169924,41.46602221365424],[2.179513309091931,41.465664351828366],[2.180045716736402,41.464890721729375],[2.180014101069901,41.46479114519519],[2.176973701874829,41.46417186933627],[2.174643198724652,41.463490921568734],[2.17409456461246,41.463211261190736],[2.173171593094537,41.46231401927656],[2.17267548568509,41.46212780115707],[2.171656148212662,41.46152598383708],[2.171279924928569,41.46100192100181],[2.170939351669745,41.461083312344954],[2.170523088769528,41.46103292423004],[2.169926195237736,41.4607875945718],[2.167921494881057,41.460288048154894],[2.167605009963211,41.45988488567889],[2.166836304551794,41.45958991973896],[2.16649696965942,41.45908881030033],[2.164646494939802,41.45807459356763],[2.164249384001835,41.4571230110181],[2.163449086306287,41.45590014887273],[2.164628279171723,41.45457221893275],[2.164698691591354,41.452643170445924],[2.165297223687901,41.45148652178551],[2.16388827112678,41.44990914239298],[2.163366176907516,41.44978508181606],[2.161753992852482,41.45021437499338],[2.158792671944241,41.450526259878984],[2.158745755212408,41.4504279621807],[2.157164413406917,41.449638370014725],[2.156945769331799,41.44961317460832],[2.15606707413616,41.449936442213016],[2.155612769913375,41.44993099681801],[2.154626023871913,41.44952292404366],[2.154009333563863,41.4493798356109],[2.15604750578774,41.4502667748917],[2.158343734875473,41.453564952160775],[2.157745461783634,41.45582573267143],[2.15710325231322,41.45632163413609],[2.157157859147844,41.45866839882751],[2.157951986594867,41.46007316684313],[2.158189621653719,41.46186311628975],[2.159615987787618,41.46415095740076],[2.159498791735814,41.465982158749625],[2.158174450090769,41.46709675960773],[2.158666179600516,41.46830695929873],[2.15592594442677,41.4669615654239],[2.157196859147746,41.471811051638724],[2.155696170341969,41.474615981342424],[2.154283998207916,41.47522810039652],[2.157987767021837,41.479807834963594],[2.157528180181373,41.481555954243845],[2.160041616227602,41.48455734984179],[2.15349470191893,41.488202558401326],[2.152685590867293,41.489462781981786],[2.154329606426188,41.48951551732722],[2.155584768622191,41.488584113765796],[2.158115128110637,41.48803139583225],[2.159437531716719,41.48854585031074],[2.16053120984742,41.490252244645376],[2.162291622860096,41.490263031113955],[2.165206642172791,41.48943119779153],[2.168019026356944,41.489087547951954],[2.172663889826651,41.49267680878768],[2.171201936620093,41.49366032986029],[2.170370258880325,41.49402822092566],[2.169731563960511,41.49445205341948],[2.170456669339785,41.49505011067407],[2.168045229903441,41.49635098001369],[2.165608327062614,41.50002817925707],[2.162625011435125,41.50399434326431],[2.16228577277019,41.50428168834924],[2.162033700894597,41.50425407916242],[2.160662412840054,41.50614477875848],[2.158675670146067,41.50740536026916],[2.160325713860573,41.508254036094854],[2.160828526615205,41.508860083825766],[2.160683340064054,41.51023330812063],[2.161326776209762,41.51077836383041],[2.161272628928657,41.51169648080793],[2.161532674193552,41.51245012527306],[2.162074266614127,41.51331409766743],[2.162075258566347,41.51475473424358],[2.162299730248321,41.51545381324286],[2.162302966009065,41.51615495079034],[2.162657085755882,41.51619476917324],[2.164174317590664,41.515693196583754],[2.16628426560635,41.51572477897537],[2.168679154819131,41.515104779162186],[2.170918341708102,41.51510229343609],[2.172074216951557,41.517272755932936],[2.174225035556958,41.517662454658534],[2.174287283930994,41.52008201497301],[2.174989044708639,41.52077059168943],[2.181575793587967,41.51760061187872],[2.186443548630848,41.51705702386255],[2.188472456038994,41.5162988953777]]]}},{"type":"Feature","properties":{"postal_code":"08734"},"geometry":{"type":"Polygon","coordinates":[[[1.720450199617005,41.33758220185712],[1.723004420817347,41.33749389292882],[1.727010012002438,41.336490629039304],[1.737972855662747,41.32899474920828],[1.763275822820958,41.33882582305324],[1.7634232855562,41.33856921319858],[1.763852256776204,41.338227272970244],[1.763835212824802,41.337993889906045],[1.763338260052649,41.33707813005162],[1.761764870052673,41.336143982658655],[1.760747870817568,41.33530380092964],[1.759453008049888,41.333601760213014],[1.757764319567684,41.33305048119473],[1.75676840493793,41.33249748716929],[1.756605842585543,41.33223411441281],[1.756670472364419,41.33082689214734],[1.755479618889296,41.32677954364101],[1.755350094930918,41.32582150126126],[1.755472582593598,41.32569939581043],[1.755685597812089,41.325672578027024],[1.75616045693954,41.32579696415854],[1.758056520092339,41.32657377875688],[1.759278721236001,41.32613596720108],[1.763116094232373,41.32650809767057],[1.765502245632092,41.325490718022195],[1.768094304008912,41.32418565694252],[1.764484665434964,41.321859503813016],[1.763096696755156,41.32116974628673],[1.763347868409369,41.320520092228435],[1.763311841568225,41.320026396800756],[1.763464235286222,41.31965990058393],[1.763403074192524,41.31914925023767],[1.763014254104519,41.318075922865546],[1.762815870855718,41.316175399974725],[1.762902876666431,41.31573064655208],[1.76497719534126,41.31371778214992],[1.765178137161286,41.31287207858355],[1.765062595862105,41.31259782942624],[1.763830753086779,41.311262343382396],[1.762780374614579,41.310450556847684],[1.760840069313758,41.30938755459192],[1.759915086012427,41.30898474734818],[1.758524438252209,41.308745250692766],[1.758051233877325,41.3083146768808],[1.758099102091876,41.30798850986184],[1.758606873708231,41.30741827673205],[1.75863287760518,41.30712008492395],[1.75846973519009,41.30684774502737],[1.757512699151732,41.3061671057273],[1.756896937843408,41.305418278031084],[1.756374772577658,41.3043144699368],[1.756692350171818,41.304085192277796],[1.75814850095253,41.30342167427085],[1.754110605220262,41.301094872730175],[1.753924029170605,41.30115660309474],[1.753220492231947,41.301824955857],[1.753020105293615,41.30186026324054],[1.749014941286475,41.30080144103363],[1.748248711708641,41.30126526368093],[1.747882318014547,41.301316441400616],[1.746874719392792,41.301087976728695],[1.746563427160424,41.300911763567],[1.744753930949116,41.29917677528795],[1.743592816255443,41.29782019294754],[1.743273150435527,41.296869982763496],[1.743311153087234,41.29657129812688],[1.742697834337548,41.296839728670534],[1.741481610987535,41.29702498541474],[1.740162472819861,41.29694439177024],[1.739502799414652,41.29673748294846],[1.738561731738514,41.29627211256792],[1.738316002781289,41.29601216622848],[1.738105113560152,41.29540857904266],[1.738116426132137,41.29474184056346],[1.736059286307011,41.295348891038486],[1.734455706965321,41.29595525083414],[1.733248190851327,41.29659022705732],[1.731747595575087,41.29779550026211],[1.73058040506163,41.298491831832564],[1.728926783843974,41.299235227623626],[1.725266500848306,41.30029522974104],[1.72144892912479,41.30116352157921],[1.72111969182032,41.3010689821478],[1.712325514710699,41.30114196393049],[1.71015470957218,41.30133904586023],[1.708222221178573,41.301031126984924],[1.703754355079411,41.29983657999412],[1.70269780276135,41.29892544355437],[1.70112162036645,41.296765989658695],[1.700894355390176,41.296262110308135],[1.700807595094432,41.29555435015311],[1.700860378103982,41.294462717980025],[1.701081963861554,41.294057514043004],[1.701369456435259,41.29373963157872],[1.70264642988883,41.29290404088874],[1.703367741028387,41.29214519204697],[1.702828053371945,41.290285474095356],[1.700229833739797,41.28702439925661],[1.697179702081598,41.284114881996175],[1.696455699271098,41.28300999021883],[1.695742416379403,41.28221980539968],[1.693356736224359,41.28040735311686],[1.693078854705391,41.28053686268606],[1.684001409137693,41.288442313561916],[1.686830616040083,41.30008816623587],[1.691477861813837,41.308947275296475],[1.692445153720882,41.31043839621498],[1.687648419039306,41.314809757864],[1.686165639332785,41.31595070616015],[1.683546940338999,41.31640917424397],[1.682808089721561,41.32092431680377],[1.683611391152795,41.3221323833028],[1.682766168723674,41.32350055070981],[1.683402007396694,41.33086616464175],[1.681543926211191,41.333102833428995],[1.684775046431241,41.33518551489959],[1.691258164632586,41.333635036927376],[1.694267551606231,41.333953862780504],[1.696238698257332,41.33280125387472],[1.697986828329476,41.33234992730729],[1.69751381101355,41.33026462071564],[1.698957608706678,41.330745802077104],[1.699544555736622,41.326118622876095],[1.702510958713788,41.32418804464254],[1.706111179587253,41.325084450187205],[1.709455913859301,41.328568534410294],[1.712433527785095,41.33027246100522],[1.716703295720492,41.33034198129735],[1.71935538294457,41.332160396085385],[1.720062330112455,41.331869653361764],[1.721408090910643,41.332309552244],[1.721760575689984,41.33337551956453],[1.722178145305179,41.33419402493428],[1.720906492240829,41.33346408479963],[1.720973828079707,41.33422664424421],[1.718540113335564,41.33344313329394],[1.718026285684516,41.333770968555314],[1.720902599075657,41.335383176892094],[1.720354906553666,41.336404536939824],[1.721368920039595,41.33687496420822],[1.720450199617005,41.33758220185712]]]}},{"type":"Feature","properties":{"postal_code":"08191"},"geometry":{"type":"Polygon","coordinates":[[[2.022407632805994,41.527856844717576],[2.023186551817901,41.52766925423265],[2.023122646892602,41.52796146015322],[2.025664030270775,41.52756413697534],[2.027847406132878,41.5243625379008],[2.027938375255815,41.52306177198318],[2.03055854464111,41.51948099804957],[2.033054998789169,41.517223152026816],[2.034388783315705,41.51681097744461],[2.033722353303972,41.51610014880282],[2.032734368896001,41.51401932533156],[2.033134381046864,41.51268787094847],[2.034500267773126,41.51346635199053],[2.034461903593979,41.512263821717966],[2.034666004732344,41.51228434694502],[2.035113690844128,41.51257694497002],[2.036192802655705,41.51255949182706],[2.036305455332467,41.51248003492566],[2.038268447830603,41.51310110223403],[2.039323863405571,41.51249767242962],[2.040824839095023,41.51270178615846],[2.041534593946324,41.512273903118114],[2.042818955330517,41.51231590415563],[2.04335854855816,41.51015957270607],[2.04394563588238,41.50986367237056],[2.043635463305975,41.50929395904893],[2.044509534187625,41.50949405820421],[2.044547799441375,41.50961155822682],[2.044800596170546,41.5097465455666],[2.044918484700304,41.50957699997855],[2.045083613717793,41.509624224278525],[2.045193500979281,41.509412677652904],[2.046684040935702,41.50979664679778],[2.049435846786878,41.50961361857361],[2.050500913886083,41.51175279725379],[2.051198089919922,41.51224539101196],[2.054549695012383,41.50975691564912],[2.054439645872947,41.50834660511174],[2.055177795918553,41.50721682459675],[2.055872915202883,41.5027662182863],[2.053917692847222,41.50287768475732],[2.052345807413076,41.500381090315045],[2.052325670693165,41.49828591905987],[2.050365733191995,41.49556156141688],[2.050011460560427,41.49378779167324],[2.049305241843399,41.49163843986207],[2.049485815817718,41.48887605528569],[2.04777004874876,41.48606212876422],[2.045385952299853,41.485896897223995],[2.043567433190503,41.48513847106358],[2.041427583616098,41.48071409887655],[2.039902621208967,41.48081767739387],[2.038133509953525,41.47760921739143],[2.039135927580958,41.476799895898466],[2.035650774063981,41.47338543269154],[2.0356760351209,41.472638759770916],[2.034228024104038,41.47140529012199],[2.033636090333289,41.47026083896651],[2.031605142363446,41.468611199946906],[2.027718756315551,41.46665741021127],[2.020321377429639,41.468970549251424],[2.017730942329138,41.46875189168645],[2.016637147286531,41.46826557879342],[2.01444910304366,41.46556172119648],[2.014717178355113,41.4639435530525],[2.014105771564118,41.463201791329595],[2.009635173324568,41.461723065766876],[2.006261617579582,41.46159179442577],[2.0027734639242,41.461670825048486],[2.003370734271982,41.46290522729436],[2.005450971385187,41.4630226589685],[2.005776304732649,41.46863551042043],[2.004588074579942,41.46937950516002],[2.003501093700493,41.471885937286174],[2.002879074909345,41.472200047993795],[2.002751981818506,41.47319593294594],[1.998020846384918,41.472845081335436],[1.996674745642963,41.4752699089791],[1.996938040158398,41.47806914777294],[1.996081250649183,41.480934094632744],[1.996484569607219,41.48196875475418],[1.995991760011691,41.48427763280648],[1.994922502071802,41.48578159424517],[1.990967940218241,41.486674029282995],[1.98945807832763,41.49147483609477],[1.988331850134784,41.49287432868732],[1.988373159593607,41.49387416256252],[1.987972942397391,41.49427702466494],[1.98852794820624,41.49542330773943],[1.988041431167119,41.49578772112642],[1.98769766891229,41.49926048468359],[1.987087636285366,41.499430516804864],[1.987301632664185,41.50002331032749],[1.987349523361786,41.50049950674679],[1.9867006202374,41.505442949632425],[1.985920205652974,41.508386056571226],[1.985906499085672,41.51256188312436],[1.985084649137264,41.51465150466316],[1.981195780960491,41.51563075485541],[1.978481423778646,41.52317632762538],[1.978928217763041,41.5235339466343],[1.98025516924065,41.52381112038688],[1.98138007003422,41.524887111550925],[1.981782159618945,41.52513073969186],[1.986179427138836,41.523580166391525],[1.986206009299906,41.52423623891127],[1.985708355056545,41.52508615400279],[1.985278366703255,41.52681547205634],[1.984839386928172,41.5273387389916],[1.984524698855751,41.52791962638963],[1.984614416122383,41.528617966146214],[1.985063456613204,41.52947175371844],[1.985176665071037,41.530475204666914],[1.984892831838692,41.53161296666508],[1.985274751428619,41.53174940730929],[1.985477172633409,41.532199782394],[1.984722312284873,41.533132900962585],[1.985235237915902,41.534037957086014],[1.985744201133969,41.535249265641085],[1.986676616432703,41.536203251179074],[1.987446841698386,41.53646674624332],[1.98901656786029,41.537980205422116],[1.98962293035396,41.53868810497204],[1.990156323655413,41.53956199059337],[1.990187059784944,41.53980092697117],[1.99109572578709,41.54073215516479],[1.996834815973955,41.54214689935992],[1.997098684256855,41.54201857509713],[1.997490654669946,41.54159864925822],[1.998454896975886,41.54114317411819],[1.998758885813913,41.540479301778305],[1.999743597588974,41.539519585760274],[1.999779055159252,41.53940730090619],[1.99942106562969,41.53881423309036],[1.999571871144951,41.5383381373951],[2.000462288104075,41.53732354564511],[2.000677896068055,41.53669941884306],[2.000991310700442,41.53644092760669],[2.001478211750054,41.535715580309784],[2.001896579963159,41.53533191513577],[2.003062739853533,41.53481960374171],[2.003544138850941,41.53447697643128],[2.004012075896583,41.53374245065356],[2.004486477269097,41.533534857447705],[2.004900642050984,41.53298451822093],[2.006266206819987,41.53258197267985],[2.008639234413124,41.532633981373124],[2.010162047440531,41.532827204312014],[2.011001023178665,41.53278938602131],[2.013523369707741,41.532432730186315],[2.017397506090049,41.53153812688305],[2.018464652421756,41.53104734166146],[2.019207342245011,41.53050872239959],[2.019368030410249,41.530311920158965],[2.01954377322653,41.52978651463593],[2.019523372105937,41.52905222717851],[2.019834266837961,41.52863158997587],[2.020368985740106,41.52839291260284],[2.021687347792863,41.528030314047726],[2.022407632805994,41.527856844717576]]]}},{"type":"Feature","properties":{"postal_code":"08290"},"geometry":{"type":"Polygon","coordinates":[[[2.152685590867293,41.489462781981786],[2.15349470191893,41.488202558401326],[2.160041616227602,41.48455734984179],[2.157528180181373,41.481555954243845],[2.157987767021837,41.479807834963594],[2.154283998207916,41.47522810039652],[2.155696170341969,41.474615981342424],[2.157196859147746,41.471811051638724],[2.15592594442677,41.4669615654239],[2.158666179600516,41.46830695929873],[2.158174450090769,41.46709675960773],[2.159498791735814,41.465982158749625],[2.159615987787618,41.46415095740076],[2.158189621653719,41.46186311628975],[2.157951986594867,41.46007316684313],[2.157157859147844,41.45866839882751],[2.15710325231322,41.45632163413609],[2.157745461783634,41.45582573267143],[2.158343734875473,41.453564952160775],[2.15604750578774,41.4502667748917],[2.153299590403776,41.4490934042372],[2.153035288647629,41.44881734924127],[2.152959891285946,41.44852492118815],[2.152443500567074,41.447673559986754],[2.151985929107354,41.4473804448516],[2.151572838115953,41.447276304258025],[2.151116004100288,41.44736266165751],[2.149284347694504,41.44731318905241],[2.148302679225253,41.446797206625774],[2.147426780021874,41.44701270397309],[2.14704494316959,41.447177854574306],[2.146610085886721,41.44751694125381],[2.146258685689759,41.44757455002542],[2.145425992615458,41.447539026804634],[2.144985950741045,41.44735880986116],[2.144681494255565,41.44744727976814],[2.144032848337247,41.44739531514165],[2.143299236270707,41.4476409847436],[2.141174239899215,41.447094473930804],[2.140436678909566,41.44758240470418],[2.137235303766261,41.447910091577455],[2.136916408665343,41.44766431315753],[2.136333906984191,41.447767933943],[2.13581104204593,41.4473921846016],[2.134346454725119,41.447599552077634],[2.134274281432909,41.447227919832585],[2.133303340077077,41.44585660389913],[2.133086868763996,41.445668756208136],[2.132518486438983,41.445440405750105],[2.132490729763333,41.44473018774795],[2.131899222271272,41.44417823243947],[2.130298098978074,41.44379921316312],[2.129849796830626,41.443111069020574],[2.124561982849229,41.446444754222],[2.123222963369074,41.44753146530485],[2.121795635859883,41.448245108824665],[2.119755191948514,41.450288773208285],[2.11920560635366,41.45349248299169],[2.119814577780517,41.45574982989069],[2.117969639287423,41.45648209027621],[2.117412182825944,41.4588280239941],[2.116897582657316,41.45897761722324],[2.116680256088955,41.459862298306405],[2.115889850036524,41.460012921259306],[2.116175256183112,41.4631709355902],[2.117429448909945,41.466021308036886],[2.111947098080122,41.466023830635265],[2.106693047346255,41.46785872819771],[2.104568423294097,41.471734613761384],[2.104604907890177,41.47280489872708],[2.10228830376218,41.473636671794964],[2.095072326226841,41.48003177784426],[2.120272363278957,41.50266592679105],[2.122182623129561,41.50394933669253],[2.125931397615886,41.506018315193046],[2.1254165276506,41.506546546386005],[2.134610006446621,41.50661395596927],[2.139285989157088,41.50229966259934],[2.140410951104514,41.500015436762965],[2.141166511125562,41.49883083267679],[2.14315306586127,41.497301316102835],[2.144386347551915,41.49696885832611],[2.144865026999412,41.4973474926926],[2.149227810015418,41.494130401896484],[2.147771466779773,41.493283569680955],[2.151430192149633,41.49061739367778],[2.152685590867293,41.489462781981786]]]}},{"type":"Feature","properties":{"postal_code":"08230"},"geometry":{"type":"Polygon","coordinates":[[[2.015642601424929,41.65635205240528],[2.016684996615311,41.65617141367977],[2.0178039519908,41.6562034574236],[2.018192433034358,41.65610541423348],[2.018978975599225,41.65541374384918],[2.020822768356084,41.65673748834439],[2.022340047854925,41.65679706303399],[2.024070721186831,41.65651416060001],[2.025951217974296,41.65645869940943],[2.026967057083993,41.65578393358163],[2.027552174892946,41.65512806970463],[2.028031575596742,41.65480996420848],[2.028595328211793,41.654650155580214],[2.032145582752435,41.6549174799577],[2.032715632420491,41.65483846732138],[2.033376401199916,41.654998518766604],[2.034176333770802,41.6555575670281],[2.03541908532253,41.655944155898055],[2.037551665676801,41.65496810909093],[2.040699430434358,41.65291974664899],[2.039677341935771,41.64960790418144],[2.03740288903208,41.64829549833854],[2.031179621842057,41.636079869390414],[2.028074119824737,41.63487410695444],[2.025126363390939,41.63232211337481],[2.025308091195427,41.62972016515346],[2.026040989200283,41.62957264666028],[2.028654630406834,41.62646729393043],[2.030000044066753,41.62648141508521],[2.032361284245837,41.62521583784064],[2.035046024054736,41.62456620896336],[2.035506540794188,41.62246683877356],[2.036229935663016,41.62112959185714],[2.03777140602557,41.61720742628165],[2.039271793558441,41.61491039769669],[2.042367713299313,41.61461107993739],[2.042292959852205,41.612273589054894],[2.042963371162614,41.610561643205244],[2.045301234364445,41.60977511233153],[2.046248087379297,41.60868680944867],[2.045558202149323,41.6047755193747],[2.028471031113156,41.593614770005615],[2.020344141968565,41.59675270607249],[2.021201576291674,41.59991218989563],[2.018010849121367,41.601364169620695],[2.017748660772043,41.6008607696088],[2.016163432996052,41.598737696887156],[2.015116050165545,41.597916775039096],[2.013898822272836,41.598001698019914],[2.013360977327238,41.59899246582961],[2.013474207368745,41.600294616703195],[2.013672361290446,41.60122876859276],[2.01350251532881,41.60258753628574],[2.013635953136713,41.603354801882574],[2.009951641155283,41.60503104015038],[2.007367656891859,41.60527898683574],[2.001563886564099,41.60778227673069],[1.998947872046642,41.60931775221246],[1.998224659740231,41.60943177995267],[1.996130697173896,41.61182728160372],[1.993273313612519,41.613042176655085],[1.98915781268289,41.61582081467884],[1.989255283004923,41.61724025873093],[1.987030442101229,41.6170135396431],[1.985817312419044,41.61747122891404],[1.985389460854947,41.618146948023195],[1.984109633852484,41.618967825804475],[1.983524417118133,41.62009335612345],[1.982567157148594,41.62074361722415],[1.982086126873241,41.62135160299408],[1.979326604838946,41.62338102571374],[1.98190605112336,41.641098088206206],[1.982451185074126,41.648311425332],[1.989755710757436,41.65428577187083],[1.991339719052803,41.65443289196435],[1.992294484302988,41.65467040021878],[1.99424804201351,41.65478338834265],[1.995322862260252,41.655330754410784],[1.996113889744208,41.6553142599451],[1.996694758256467,41.65506390037865],[1.997786447986186,41.65489924170663],[1.999544896879456,41.65435441532401],[2.001203113632755,41.654993306296035],[2.00188184996739,41.65461255222749],[2.002633641829107,41.65439971057816],[2.003885448654501,41.65459712975371],[2.005259842068028,41.654672188071004],[2.005620498087524,41.65514262073532],[2.006235267443628,41.655484874827096],[2.009412484998165,41.656822601981446],[2.00998005433604,41.65732896795748],[2.010488331371391,41.658153058117136],[2.010519500974169,41.65685521679478],[2.010645735212506,41.65647158579503],[2.012064755683923,41.65619347225095],[2.013757760911915,41.65758694118438],[2.013898940084005,41.6580128879844],[2.014140150847254,41.65833548289618],[2.014512314591627,41.65849023463659],[2.014805177017308,41.65839640477026],[2.014966470426259,41.65815525875814],[2.014555878650867,41.65687639582899],[2.015642601424929,41.65635205240528]]]}},{"type":"Feature","properties":{"postal_code":"08830"},"geometry":{"type":"Polygon","coordinates":[[[2.026063471352131,41.32810862471325],[2.021462197122673,41.33226197001386],[2.019553258376163,41.33336962270988],[2.015777032084372,41.337074175732596],[2.01294165223544,41.337800169642094],[2.01106601898158,41.33780281364892],[2.006265689709778,41.34310760323331],[2.005489209659288,41.34295242881154],[2.005608510124659,41.3438835778648],[2.006207471197854,41.34546004624411],[2.006183301018496,41.34576720339368],[2.005489948002662,41.34685083609719],[2.005298868148259,41.34731835226012],[2.004282027193767,41.34776784061336],[2.003431643555473,41.34836313874786],[2.000625795643941,41.351033379686726],[1.999349041624953,41.35245751999855],[1.999402353435869,41.35346357268571],[1.999259063554916,41.353775936909926],[1.998774328972104,41.35431024302329],[1.998855714019953,41.35521600061793],[1.999178073309452,41.35614843390306],[2.007242998265724,41.35707408809867],[2.012265600377134,41.356809754866276],[2.012590754759515,41.356218768980966],[2.016084137073278,41.354572078838316],[2.019271743596107,41.35733060712181],[2.017650753379542,41.35846501464869],[2.019720039448259,41.360192052920866],[2.021587321597622,41.359769892266684],[2.021951848299125,41.35923059221801],[2.022931001364611,41.359215882007334],[2.023217185424755,41.35695828329813],[2.023921254762115,41.35714340784199],[2.024276156019766,41.356873799186474],[2.024815475853529,41.35690337608992],[2.025179175178778,41.3571200137776],[2.025239391084995,41.35703139638184],[2.029964681824595,41.35916384723373],[2.030834667985516,41.3604832569967],[2.03140719798381,41.36101974216734],[2.031912774355021,41.361292406719144],[2.032107475779355,41.361309810399405],[2.032153681147463,41.361048738108764],[2.03229450598667,41.36117170780807],[2.0443540468018,41.36195882593904],[2.044576421264821,41.361442594400216],[2.048287599593039,41.3616844922455],[2.048668690907334,41.361048775880306],[2.048586795044571,41.36037184718299],[2.047028100866157,41.360255908383465],[2.035944685099139,41.356022029692895],[2.035853566688729,41.35400725513068],[2.036513009867519,41.35229458532683],[2.03868464058371,41.350435228003334],[2.039596707821772,41.35002182224929],[2.040034579632106,41.35002546900017],[2.04063516218298,41.35025801839282],[2.044295130415946,41.352973756033975],[2.045426717668875,41.35304001358571],[2.045692527588074,41.35241640119591],[2.045808350375069,41.351723270312675],[2.045849284816654,41.34994853739505],[2.045698966733937,41.348866325620406],[2.045822073130182,41.348708059329454],[2.046246829227755,41.348575019021894],[2.046832406590283,41.34821541161193],[2.046852394022778,41.348090845616014],[2.0492283471105,41.34751984176728],[2.049157577660083,41.347456265094536],[2.050148471374825,41.34729868408698],[2.057623235124197,41.34956065440065],[2.061242909232874,41.348933975322666],[2.063213876918894,41.34723484391287],[2.068443839311726,41.34550993343663],[2.069389773219427,41.345071432100895],[2.068931074009868,41.34393815682046],[2.070020404817797,41.34136065666894],[2.072008247382712,41.33880532480589],[2.073265120988538,41.339461558304265],[2.0726926359564,41.34008052569567],[2.076091612837672,41.34169707236197],[2.075977655244571,41.34222261997792],[2.076816372877317,41.34241058997674],[2.078660771777209,41.33971799818704],[2.073393909301444,41.336656409165926],[2.073771822411686,41.33629644202716],[2.072236961166823,41.33514888910992],[2.071897837615097,41.33555214331676],[2.071075829386018,41.334966674772204],[2.072020072568307,41.33405276392392],[2.071224793989018,41.333654629557486],[2.072173621015793,41.33187676609987],[2.067341193141544,41.32918122363452],[2.072737682098364,41.3237744572254],[2.070050902627031,41.32239929399219],[2.070412302385819,41.321671558095886],[2.069904195322351,41.32128039257606],[2.070531563281008,41.31967717116447],[2.062703924446566,41.31606156199149],[2.064054731340775,41.3143898482129],[2.067021919426054,41.30784983799958],[2.063354133386554,41.306588169208624],[2.058406253246005,41.30561069607671],[2.059518837824101,41.30302110993625],[2.057400001808617,41.302484326190665],[2.062013278390054,41.29176708378384],[2.067777406602033,41.288063358137435],[2.070122345669688,41.28551205523712],[2.070198852794817,41.28527233285183],[2.066354875177353,41.28833436164143],[2.058874249646919,41.291624196799205],[2.055905074959242,41.29767171397839],[2.054355945970144,41.2975514530371],[2.053721187382905,41.2989186087068],[2.052408018914946,41.29876263119047],[2.050445782746692,41.30457435961898],[2.048790007652713,41.30539281282802],[2.049034312083847,41.306392106210694],[2.047099450379335,41.3090064821634],[2.045821186398598,41.30930464968981],[2.043506466350323,41.311496829015425],[2.044026411189918,41.311887556565466],[2.033966783640153,41.32097302138783],[2.033906859114268,41.32092515227396],[2.03232794817626,41.32192330171898],[2.031371021855136,41.3226355836652],[2.031785353011628,41.32294277678767],[2.031669487956492,41.32304740391453],[2.031243535760552,41.32273131739635],[2.030547625072813,41.32329025234327],[2.030432790640759,41.32339396396026],[2.030900883269112,41.32374137836189],[2.03051996282602,41.324085301595346],[2.030022222247737,41.323763211203186],[2.02941237488119,41.32442821668883],[2.02918670170493,41.32482049826734],[2.025746983736326,41.32788981336415],[2.026071498700674,41.328101359090454],[2.026063471352131,41.32810862471325]]]}},{"type":"Feature","properties":{"postal_code":"08329"},"geometry":{"type":"Polygon","coordinates":[[[2.321435105345813,41.48793579969737],[2.321250391792148,41.48784135559407],[2.320737664011972,41.48783103317561],[2.320533358727516,41.48796042493365],[2.320105406439325,41.488678503909796],[2.31942273736945,41.488951417573844],[2.318952173404057,41.48974182542486],[2.318327746228476,41.48988558834918],[2.318286543788929,41.49039037871296],[2.317923402942654,41.490277324938575],[2.317540514782934,41.48977900879419],[2.317328917795294,41.4885730458094],[2.316138019354071,41.487836519939435],[2.31497006891351,41.48765490365088],[2.314537819664622,41.48768439242076],[2.313962029623951,41.48793091727799],[2.313253574293014,41.48852289781348],[2.313049392215646,41.488392765014055],[2.311642563853241,41.48829142041268],[2.310598936591646,41.488607812700366],[2.309947677243485,41.48852284115617],[2.309261621326755,41.488260285883484],[2.30929049855763,41.490139005610615],[2.309593596167531,41.49016553561097],[2.309675797799798,41.49116930312084],[2.308615217418321,41.50001290067479],[2.306656946360988,41.50694560615477],[2.30720914898302,41.508135398429886],[2.307173766056451,41.513116718961385],[2.309539766347143,41.516113060369435],[2.310627332685272,41.516521829219016],[2.311962191002294,41.51658605610157],[2.312592578884392,41.51638578697447],[2.313275533938736,41.51653420568903],[2.315736265216458,41.51747345673459],[2.316417998092106,41.517411326171725],[2.317738344049303,41.517056556215095],[2.319169938841583,41.5171560302266],[2.320224757266715,41.51699526471964],[2.321798692255811,41.51691210171208],[2.323712690588195,41.516437838835145],[2.323557186115238,41.515274726747236],[2.324721295551342,41.51471708412612],[2.324898769562537,41.51309679088416],[2.327226999226639,41.511835230011854],[2.328854141705278,41.50876343728277],[2.328596017392272,41.5079455083785],[2.330349409397741,41.50742231428836],[2.332306789226948,41.50400038490983],[2.334751673550898,41.5019792431475],[2.333864960899234,41.49935626428015],[2.334912856343237,41.497687045220914],[2.335620503183691,41.49785108066283],[2.335915164253436,41.497350677192],[2.335135050042538,41.49718159115747],[2.336514333069999,41.495027081734406],[2.336128095834965,41.494414878144084],[2.337018929180203,41.49447470824117],[2.33745742062348,41.49499446871971],[2.338350754983367,41.49392602196832],[2.337727216337953,41.493476790821205],[2.337932900283135,41.492918611304844],[2.338652249101983,41.49293014241209],[2.340374653167714,41.49058243163387],[2.340952428911464,41.49076088590613],[2.342884711360341,41.48950901073226],[2.342450837036495,41.48904530769477],[2.343699419792358,41.48831515891743],[2.342793791700103,41.48772069895108],[2.341179183972145,41.48698407415566],[2.338991234158129,41.48577525222606],[2.337353245855581,41.4844007086258],[2.336317398629035,41.48456120613474],[2.335972828782985,41.48471962620977],[2.335889919384272,41.48481662888429],[2.335698374580318,41.48616769298462],[2.335128529058352,41.48727069168905],[2.33441541703786,41.48796120464584],[2.333151713081065,41.48890074167588],[2.33217440182716,41.488171122599226],[2.332012539147343,41.48774405704256],[2.331247588405461,41.48747270190364],[2.330293203568488,41.487674935150096],[2.329614571555226,41.48839372279207],[2.329221051610205,41.48854770831008],[2.328702203943521,41.48891082127733],[2.328532446115503,41.488924514354835],[2.327962209388431,41.48820789767632],[2.327465832182384,41.48780812924173],[2.327263177153895,41.48776281779976],[2.326773462125573,41.48801798244392],[2.325273839016461,41.48704594661314],[2.324573497368988,41.48688816415745],[2.323807036665414,41.48929196115506],[2.321975415333156,41.48848797174247],[2.32188591390377,41.48877565856975],[2.321689438117062,41.488560036216654],[2.321622373873424,41.48803153882443],[2.321435105345813,41.48793579969737]]]}},{"type":"Feature","properties":{"postal_code":"08107"},"geometry":{"type":"Polygon","coordinates":[[[2.233870190656774,41.524896352984285],[2.23360673336407,41.52489877216061],[2.233423126875778,41.52452373688095],[2.228068148825969,41.52581653210723],[2.220620613850258,41.531197193895366],[2.229144377411103,41.53987564624407],[2.232617400872357,41.542074824093845],[2.249711886993964,41.53550623072795],[2.249067076684241,41.53390398418151],[2.252390437668566,41.53233947768473],[2.253083841046418,41.5317313462246],[2.25233516803354,41.53136069424062],[2.252852662220562,41.530355668579205],[2.252242742008946,41.52948332799315],[2.250755840709473,41.52961444465086],[2.250123897899584,41.52640235858195],[2.249299351783634,41.52583691164415],[2.24791468721304,41.525603223709766],[2.248083864978355,41.52458718764859],[2.246962660398424,41.52464746021212],[2.245744824563985,41.52455012568771],[2.245737120072022,41.52327210812126],[2.244763060766616,41.523226613217616],[2.243881008401786,41.52342900024814],[2.243183655201506,41.5233978864033],[2.243222262197605,41.523135023562475],[2.243612336839874,41.52247800225797],[2.243586913005629,41.52216402375069],[2.243004774650615,41.5216324740594],[2.242531490236047,41.520816886989735],[2.241730224869968,41.520690338888016],[2.240264292163317,41.52092892093293],[2.239991331734586,41.521996430590775],[2.238830440972038,41.522454607294264],[2.237786919830455,41.5221421846141],[2.23658170058502,41.52323257302481],[2.236123294554375,41.524530789364405],[2.234082918991533,41.525074065315835],[2.233860069686443,41.524867109729314],[2.233870190656774,41.524896352984285]]]}},{"type":"Feature","properties":{"postal_code":"08034"},"geometry":{"type":"Polygon","coordinates":[[[2.132442941588465,41.389548965112624],[2.101129718861444,41.3818690714005],[2.101321132364376,41.38358221334846],[2.102023742102006,41.38362160905001],[2.102256799611609,41.383728327999904],[2.103232508273607,41.38471670721026],[2.102902567699346,41.38507953509247],[2.102476394270184,41.38533625916102],[2.102286103121173,41.385691064191235],[2.10206605880154,41.385751341251364],[2.101923642162319,41.38599460786486],[2.100636801347321,41.38697939518289],[2.101757983444145,41.387408805272116],[2.10143087303635,41.38752197685773],[2.100968373291778,41.38785280776085],[2.100401622337017,41.38801315598232],[2.10014525709795,41.38822421427602],[2.100069240103323,41.38847658112928],[2.1003156588406,41.388837432301614],[2.101504099434635,41.391783552868674],[2.101113235187654,41.39276413225889],[2.101106195294676,41.393526412913616],[2.100773405668122,41.394152196266816],[2.100819951879259,41.394502341010195],[2.101216845181227,41.394937559820505],[2.101307609258754,41.395487013215075],[2.101113530165264,41.39581190409609],[2.101303392337684,41.39628507699467],[2.102138754599821,41.397685569633325],[2.103141614693754,41.39793569267806],[2.104237664336722,41.39876387565232],[2.10421536384797,41.399088326764854],[2.104746005223944,41.399402551686364],[2.104952035408076,41.39971687283537],[2.104956820700693,41.40050735173287],[2.105512813965163,41.401266115139094],[2.106148132830072,41.40157567617649],[2.107135803374604,41.40138795888714],[2.108043248097431,41.400664706111286],[2.109610754732557,41.40056613771708],[2.113028781952721,41.400083216167445],[2.114527383432005,41.401051496429375],[2.115614142178913,41.40224194341096],[2.115506085037794,41.40228786729119],[2.11654608083694,41.4032758642897],[2.116867850171161,41.403376733149685],[2.119871563321965,41.401624576812765],[2.119898950376239,41.40142200272322],[2.120282760341127,41.40097227335173],[2.121145045607363,41.40017469070938],[2.122064571822534,41.39909428837069],[2.122205125965763,41.39830988889025],[2.122611612336016,41.39791898327445],[2.122561324945195,41.39783143427326],[2.122800415107065,41.39774729729993],[2.127802762687338,41.39402793963768],[2.128097102699144,41.39392296717119],[2.12942092543534,41.392775189423446],[2.130097776790933,41.39244393583897],[2.132346077409522,41.390018502951534],[2.132442941588465,41.389548965112624]]]}},{"type":"Feature","properties":{"postal_code":"08871"},"geometry":{"type":"Polygon","coordinates":[[[1.896239904747802,41.28157284481091],[1.908097386784959,41.26646041411681],[1.912841201760045,41.25613582380919],[1.91205821871182,41.25588547863191],[1.908995638637805,41.25522346519074],[1.908846435714452,41.255327827916915],[1.908308838981725,41.255160448795664],[1.907531578319663,41.25509729930087],[1.907290795633685,41.25520592211558],[1.906375504326036,41.25514570980664],[1.904989381055088,41.25440125911081],[1.904205824239398,41.254311024733965],[1.902725776673265,41.253762947302164],[1.902662048914408,41.253656582685096],[1.902787712982558,41.253200278370116],[1.902668312692469,41.25285285767325],[1.902036627987968,41.2524166460114],[1.90171703681176,41.25190501990073],[1.901256228691977,41.25081407840696],[1.901124085008519,41.250697155749094],[1.900959583717793,41.25079045321684],[1.901329891261469,41.25186082901405],[1.901272477642692,41.25192739323461],[1.900918580028417,41.252012254162196],[1.900476963441122,41.251948735945405],[1.9002745701153,41.251840838883595],[1.900182559577445,41.251625676983394],[1.899971995910846,41.251910676636385],[1.899640992337936,41.25183478194958],[1.89924139117727,41.25171435283511],[1.898920041826443,41.25131971593214],[1.899233564377482,41.251199115946406],[1.899538163855141,41.251270237031804],[1.899818347638643,41.25120786994722],[1.900152741655688,41.25146109025707],[1.900398710731906,41.251311213741474],[1.900539520282621,41.25132786558851],[1.900559177663922,41.25124294440633],[1.900140393964023,41.25116581944701],[1.899889204323301,41.25089273041516],[1.899776741403457,41.25100724019194],[1.898252099155059,41.250918608407005],[1.897030041003575,41.25004507981657],[1.896374233783831,41.24973819875885],[1.890095293163256,41.24856530564432],[1.886631941910593,41.2475535737384],[1.885202957850197,41.247749447878675],[1.880213768250769,41.24571556991759],[1.869940959107964,41.27790370439243],[1.871377930047402,41.278830393707665],[1.872168051014739,41.279185153771834],[1.873817477794375,41.279385233141966],[1.882790503079264,41.27822737669203],[1.885728698820401,41.280012771072506],[1.885570064706712,41.281882076696434],[1.887102651566124,41.28195188926827],[1.889217994614739,41.283428999648606],[1.896239904747802,41.28157284481091]]]}},{"type":"Feature","properties":{"postal_code":"08028"},"geometry":{"type":"Polygon","coordinates":[[[2.130940324636242,41.387509515851434],[2.131328496313017,41.38659339626821],[2.131271565630243,41.38630406817816],[2.131363352236917,41.385905975180606],[2.132148297605852,41.38457456576356],[2.133241473914893,41.38197978873626],[2.134089293586044,41.380502858220325],[2.134103349090253,41.380272770272086],[2.136086877607283,41.37606483612325],[2.129965365109513,41.36979309907224],[2.1291536730036,41.37048804658605],[2.129210915751173,41.37053203242732],[2.128737544102364,41.37086236510606],[2.126740218186512,41.371776392866195],[2.126791156686522,41.37181065613686],[2.125020721628971,41.37300667981441],[2.123915624806216,41.37362224057392],[2.123379955320672,41.37437552620952],[2.1234308542505,41.37441463682603],[2.123100978427374,41.37473056416417],[2.121916323079859,41.375311074746264],[2.121541149304562,41.37559652316099],[2.121428257408127,41.37585597217537],[2.121419052846989,41.37749453244669],[2.121203878356312,41.37803330099604],[2.117490804257216,41.375834549424894],[2.108913165010563,41.37598940278866],[2.108897701167962,41.377126087399006],[2.108291793731269,41.37795578393224],[2.107432338631497,41.37815316803426],[2.107153668407079,41.37842603673221],[2.106791629230315,41.37850760973839],[2.106494995947287,41.37882552727626],[2.106030887315569,41.37890076006198],[2.105362560633637,41.37943139784073],[2.10439869334499,41.37943990362862],[2.103462008964527,41.380106294070174],[2.102816089790679,41.38029492237274],[2.10179260644361,41.38087430340636],[2.101505812643154,41.38113280273666],[2.101129718861444,41.3818690714005],[2.130306799918856,41.38905712768428],[2.130611703367379,41.388572252807194],[2.130566989075248,41.38794123000372],[2.130940324636242,41.387509515851434]]]}},{"type":"Feature","properties":{"postal_code":"08018"},"geometry":{"type":"Polygon","coordinates":[[[2.193493705570063,41.41541355259335],[2.202287575111484,41.40885496688321],[2.2006659859465,41.406532412840534],[2.198163021606149,41.40335224371108],[2.198305876215215,41.40326938917093],[2.198146227666257,41.403062105331855],[2.198013060554274,41.403161708845744],[2.19418058436645,41.398471273130724],[2.194339818327933,41.398415844315764],[2.194306457976666,41.398341071083564],[2.194119084228362,41.3983965547572],[2.191398437188127,41.395163930870694],[2.191243716923964,41.39471144777508],[2.186858747633096,41.39140924963715],[2.18678173688761,41.39121533422025],[2.184853412355096,41.38979057337622],[2.183106383053143,41.38818585909013],[2.182623260954699,41.388406543727],[2.183361976673893,41.38894785286112],[2.180163028800735,41.39147583634076],[2.180801923370041,41.39206284002802],[2.181102129659564,41.39218854006907],[2.181191854120755,41.392583099630315],[2.181009906881684,41.39260946865204],[2.181228484407029,41.393410919278494],[2.181196607937068,41.393675033076306],[2.181509763564748,41.39378168817433],[2.183722484305179,41.395414470301546],[2.185373040633294,41.3963542015851],[2.186686815244343,41.3967350033177],[2.186668012219002,41.39918669820753],[2.186768447605743,41.40018609860954],[2.186650351332617,41.40145875891454],[2.186773340817012,41.40239306638688],[2.186922255057993,41.402764866805114],[2.185534813380912,41.402456034218574],[2.184737413300979,41.40215457787144],[2.184212295560997,41.40219347624793],[2.184173398083828,41.40231016867932],[2.187112420301958,41.40323966208069],[2.187548211081094,41.40432772304598],[2.187522752173265,41.404525742968644],[2.186372979729242,41.40435621087039],[2.186634660860875,41.40451932270855],[2.186845604940686,41.40495540576734],[2.186841084948128,41.40861087739006],[2.188316824761671,41.40973359462964],[2.189383951308287,41.4101403373067],[2.189704922943804,41.41076072472765],[2.192220833025033,41.41262231506778],[2.192322093989446,41.41292012196601],[2.19213733906696,41.41445984224788],[2.192256546902115,41.41458799114287],[2.191717129941594,41.41501117972217],[2.191946606350768,41.41525257574574],[2.192747938266734,41.41480827288348],[2.193493705570063,41.41541355259335]]]}},{"type":"Feature","properties":{"postal_code":"08905"},"geometry":{"type":"Polygon","coordinates":[[[2.1116781881978,41.37414998613292],[2.116415257358256,41.36956406512945],[2.116558926753044,41.3693515886049],[2.116685776127667,41.36804115497529],[2.115402722357715,41.36776189479559],[2.109426740851404,41.3657437387825],[2.108688784160051,41.36560464333962],[2.108134910597641,41.365095861784596],[2.106698819195117,41.36495065814631],[2.106475947407034,41.36556711193265],[2.106103541745028,41.36588992627907],[2.105962741187568,41.36575838783932],[2.105746959654482,41.36597416937241],[2.105842374126269,41.36611631531565],[2.105275187899565,41.366727247264635],[2.104480822132246,41.36901104862096],[2.104210517401441,41.36892830289884],[2.104286812286546,41.36874457230414],[2.104404145035232,41.36880438801205],[2.104500771793198,41.36850511072225],[2.104386422095672,41.36845620738802],[2.104499439897211,41.36771813558346],[2.104852146809094,41.36642487810559],[2.105814074260081,41.36544157466892],[2.105945172032079,41.36476735742758],[2.104544344845635,41.3644922197401],[2.103832035919709,41.36662191057269],[2.103253526329183,41.36907180501976],[2.103190113333028,41.36957681571744],[2.103266887556799,41.36977258014042],[2.104390659701153,41.37105358705338],[2.104821189446341,41.37109122907691],[2.104678004786081,41.37164783208175],[2.104834062342093,41.371809403381235],[2.104747059229396,41.371883273694095],[2.104860327042445,41.37201131556975],[2.105091767571025,41.371908142646646],[2.10645800863017,41.37336442742634],[2.107850794978219,41.374120367860655],[2.108772091958485,41.37446893339455],[2.109317484913959,41.37457968490452],[2.110594550997746,41.37458735162494],[2.111396173394667,41.37439491469354],[2.1116781881978,41.37414998613292]]]}},{"type":"Feature","properties":{"postal_code":"08904"},"geometry":{"type":"Polygon","coordinates":[[[2.116537816067364,41.37584454538944],[2.117721071170479,41.375865869214465],[2.11796329007376,41.37575117058003],[2.119153617445477,41.375743878876904],[2.119112137115451,41.37518468132794],[2.119251602179702,41.37470784189338],[2.120066068694086,41.37368256170083],[2.120956476660069,41.37223462532768],[2.121060263820084,41.3722999718662],[2.121114412000509,41.37221660201453],[2.121010711175359,41.37214167319962],[2.121567884350384,41.37128122704695],[2.121901069678586,41.371364035721626],[2.121934546941759,41.371301052601495],[2.121478750743734,41.37106132571961],[2.12187616295455,41.37044684324718],[2.121887762410324,41.37024840963636],[2.122071781687339,41.37022592208859],[2.12255039998098,41.36936844729598],[2.123507783157663,41.36803519157081],[2.12022520912609,41.36792601027713],[2.119628480170206,41.36783226944368],[2.116685776127667,41.36804115497529],[2.116558926753044,41.3693515886049],[2.116415257358256,41.36956406512945],[2.1116781881978,41.37414998613292],[2.111866302088174,41.37467513714785],[2.110837985784428,41.375053990049594],[2.110169008892626,41.37574076902126],[2.1104322602406,41.37596086010558],[2.116008109086977,41.37585623297872],[2.116537816067364,41.37584454538944]]]}},{"type":"Feature","properties":{"postal_code":"08906"},"geometry":{"type":"Polygon","coordinates":[[[2.1104322602406,41.37596086010558],[2.110169008892626,41.37574076902126],[2.110247565572706,41.37557552938716],[2.110837985784428,41.375053990049594],[2.111866302088174,41.37467513714785],[2.1116781881978,41.37414998613292],[2.111396173394667,41.37439491469354],[2.110594550997746,41.37458735162494],[2.10987935434872,41.37459420355964],[2.108772091958485,41.37446893339455],[2.107850794978219,41.374120367860655],[2.106242760395048,41.37320012668448],[2.105091767571025,41.371908142646646],[2.104860327042445,41.37201131556975],[2.104747059229396,41.371883273694095],[2.104834062342093,41.371809403381235],[2.104678004786081,41.37164783208175],[2.104821189446341,41.37109122907691],[2.104390659701153,41.37105358705338],[2.103266887556799,41.36977258014042],[2.103190113333028,41.36957681571744],[2.103253526329183,41.36907180501976],[2.103832035919709,41.36662191057269],[2.10414073001067,41.365698964235776],[2.103467789806643,41.3651528095545],[2.099983969984237,41.363964469684504],[2.097423288054301,41.36352826161993],[2.095205202857812,41.36286126413603],[2.093338204894224,41.36185645700988],[2.091177350754151,41.36166572519306],[2.090379488422627,41.361697202363985],[2.090168138748595,41.36160127977524],[2.088927908895869,41.36290303224911],[2.088534862893596,41.36303721469568],[2.088778297680278,41.363424141710766],[2.088761485753935,41.363601990739255],[2.08841957969986,41.3635475871514],[2.087739603200134,41.36416616243844],[2.087336470401794,41.36397460864123],[2.086016603783207,41.366626515101586],[2.086657782630539,41.36676954687704],[2.086929109890491,41.366982711383],[2.086547426822278,41.3678092755776],[2.086674701576214,41.3678876020312],[2.086473857782323,41.36824479835872],[2.0870650604042,41.368936384206734],[2.090212068831875,41.36932245236926],[2.091006161205371,41.36890675334399],[2.092170788650947,41.368894635878746],[2.09240605939209,41.36792757329886],[2.094039856853897,41.36698350458505],[2.095126716324899,41.36753320079657],[2.094723227395036,41.36801748571838],[2.096436133720601,41.36824760963947],[2.096477447676079,41.36807186322591],[2.097202854328259,41.36825756513451],[2.098661990858204,41.368440073550516],[2.098622959382055,41.36860025180016],[2.09885856736895,41.368839441786804],[2.098280550606887,41.37010879528464],[2.100925903707491,41.37392210062444],[2.100958317072639,41.37421012739543],[2.100338781309688,41.375418111156876],[2.100207060307582,41.37561747826396],[2.100101566234287,41.37562629971393],[2.099591152409744,41.37648097221904],[2.100015541583957,41.37646696078161],[2.100737032587972,41.37748926241949],[2.100905879402774,41.3774231217796],[2.101882750888251,41.37769718117994],[2.101522202787407,41.37835797603975],[2.101314123048326,41.379489144208605],[2.10141030823911,41.37967956216204],[2.102623054810124,41.38041172632006],[2.103462008964527,41.380106294070174],[2.10439869334499,41.37943990362862],[2.105362560633637,41.37943139784073],[2.106030887315569,41.37890076006198],[2.106494995947287,41.37882552727626],[2.106791629230315,41.37850760973839],[2.107153668407079,41.37842603673221],[2.107432338631497,41.37815316803426],[2.108291793731269,41.37795578393224],[2.108897701167962,41.377126087399006],[2.108913165010563,41.37598940278866],[2.109242026398363,41.37598322804354],[2.1104322602406,41.37596086010558]]]}},{"type":"Feature","properties":{"postal_code":"08901"},"geometry":{"type":"Polygon","coordinates":[[[2.116685776127667,41.36804115497529],[2.119628480170206,41.36783226944368],[2.118593913578252,41.36749578360349],[2.117948682385759,41.36713636055458],[2.117306544861151,41.36657076792659],[2.116839497244996,41.36598721313936],[2.116554752100114,41.36486254616955],[2.116415168325375,41.363160367856665],[2.116190040138235,41.36281583398352],[2.115682523929308,41.359014247709354],[2.115268395120324,41.35942323239624],[2.115439742050455,41.360857923554306],[2.115370135423404,41.361093905659175],[2.115485898855127,41.36256179529062],[2.107677786100965,41.35973703283776],[2.10759959994158,41.35985181690779],[2.107375790160575,41.359892509431745],[2.106656039344728,41.359686502629984],[2.106862529082434,41.3594371709886],[2.105021203165961,41.3587660546097],[2.104818799947623,41.35904828525014],[2.104696152205634,41.35900789579773],[2.104916656078785,41.358724834183704],[2.097128429133704,41.35551967109592],[2.096563419266374,41.35636269108528],[2.09665964492666,41.356790768379255],[2.095237912099947,41.3591270793512],[2.093325111664569,41.35858753288829],[2.092804301677177,41.35936646988665],[2.091888520239024,41.360256519023096],[2.090177985425669,41.3615234551433],[2.090168138748595,41.36160127977524],[2.090379488422627,41.361697202363985],[2.091177350754151,41.36166572519306],[2.093338204894224,41.36185645700988],[2.095205202857812,41.36286126413603],[2.097423288054301,41.36352826161993],[2.099983969984237,41.363964469684504],[2.103467789806643,41.3651528095545],[2.10414073001067,41.365698964235776],[2.104544344845635,41.3644922197401],[2.105945172032079,41.36476735742758],[2.105814074260081,41.36544157466892],[2.104852146809094,41.36642487810559],[2.104499439897211,41.36771813558346],[2.104386422095672,41.36845620738802],[2.104500771793198,41.36850511072225],[2.104404145035232,41.36880438801205],[2.104286812286546,41.36874457230414],[2.104210517401441,41.36892830289884],[2.104480822132246,41.36901104862096],[2.105275187899565,41.366727247264635],[2.105842374126269,41.36611631531565],[2.105746959654482,41.36597416937241],[2.105962741187568,41.36575838783932],[2.106103541745028,41.36588992627907],[2.106475947407034,41.36556711193265],[2.106698819195117,41.36495065814631],[2.108134910597641,41.365095861784596],[2.108688784160051,41.36560464333962],[2.109426740851404,41.3657437387825],[2.115402722357715,41.36776189479559],[2.116685776127667,41.36804115497529]]]}},{"type":"Feature","properties":{"postal_code":"08208"},"geometry":{"type":"Polygon","coordinates":[[[2.10584920897378,41.590545777765385],[2.11078307497894,41.589397491900684],[2.117453897879045,41.590191507831776],[2.11849452590161,41.58773955573588],[2.117326386603452,41.58524553964992],[2.117405332689941,41.58336828042178],[2.117282398963539,41.582726676195136],[2.117535856694417,41.57866402392557],[2.118089257213455,41.577927516941315],[2.121940206375427,41.57795246503423],[2.125963387400418,41.576368746320554],[2.127347723718458,41.5716084036049],[2.12804728295572,41.568678359318824],[2.124750700184677,41.569156895774086],[2.121809838852982,41.57062732688962],[2.121898956271821,41.56741911420073],[2.120874109552517,41.56380987492577],[2.120250291217928,41.561982975933574],[2.117922502221688,41.56116894738898],[2.117612033768353,41.558911858595366],[2.117220311568133,41.55770535871528],[2.116430240063494,41.55690732281465],[2.114925132888573,41.55703828388965],[2.114508976108368,41.55663995706834],[2.114565038046067,41.556058408668605],[2.111718426564096,41.55487878682652],[2.11219250867731,41.55387952042349],[2.113602277822849,41.55421473821957],[2.113659933359202,41.55407636583158],[2.112263499361006,41.55378511768902],[2.107511460985108,41.55243088437777],[2.107389901422778,41.552494232622735],[2.106284034780344,41.55228066881779],[2.106284045572238,41.55210104362823],[2.104518817589337,41.551606069364595],[2.098765418289418,41.55022057292109],[2.098440342148081,41.54959346126918],[2.097341224018237,41.557087163841516],[2.097068629613545,41.55731659528465],[2.096824287410925,41.557278018865475],[2.096671066316674,41.55827798943761],[2.096872672735628,41.558312934394394],[2.097014175663674,41.5581874187144],[2.097622117366825,41.558267497047325],[2.097502522823163,41.55879404560869],[2.096991980395558,41.55896885762667],[2.096646174881073,41.56187887311148],[2.101070619013854,41.56125877077562],[2.10251119533541,41.56077884216978],[2.102005066780407,41.56122643834942],[2.100994178438555,41.5616395509245],[2.100696704289476,41.56312138634286],[2.100807517852672,41.564436384031865],[2.101384235094372,41.564425801709376],[2.101392087974489,41.564615263683436],[2.100823140875264,41.56462177207709],[2.100816305128376,41.566266894701414],[2.10024222020229,41.56696058136572],[2.09935717219571,41.56710410237241],[2.099369132279605,41.56798915037899],[2.099242926819613,41.56819592789975],[2.098573805136994,41.56880180026286],[2.097987906716526,41.56909807831363],[2.095752527557067,41.570909410041224],[2.094412996362678,41.57212136700747],[2.094108627111439,41.57346931765488],[2.094214661677256,41.57471169418932],[2.093852367992383,41.57685274435863],[2.092731393638871,41.57842855263556],[2.091451980324621,41.57976820343981],[2.09048949529398,41.58047960764776],[2.090039390005813,41.5816195936693],[2.090242302240426,41.583349732803924],[2.091230034838247,41.58308472058337],[2.093339304765095,41.58337652810428],[2.094488521428104,41.583955633046],[2.096640779848087,41.58403162306092],[2.096535343331425,41.584821238609265],[2.097977875678396,41.584712099583726],[2.098861663734795,41.58527486384389],[2.100869571073815,41.58534874404927],[2.101096281168452,41.58396003342875],[2.105233159882403,41.585179842375794],[2.104904912731513,41.58649143703019],[2.106770594087664,41.58657997618491],[2.10554761143311,41.587796394687814],[2.106382013219331,41.58787458624312],[2.10584920897378,41.590545777765385]]]}},{"type":"Feature","properties":{"postal_code":"08320"},"geometry":{"type":"Polygon","coordinates":[[[2.321288833313019,41.48786101657265],[2.321622373873424,41.48803153882443],[2.321689438117062,41.488560036216654],[2.32188591390377,41.48877565856975],[2.321975415333156,41.48848797174247],[2.323807036665414,41.48929196115506],[2.324573497368988,41.48688816415745],[2.325273839016461,41.48704594661314],[2.326773462125573,41.48801798244392],[2.327263177153895,41.48776281779976],[2.327465832182384,41.48780812924173],[2.327962209388431,41.48820789767632],[2.328532446115503,41.488924514354835],[2.328702203943521,41.48891082127733],[2.329221051610205,41.48854770831008],[2.329614571555226,41.48839372279207],[2.330293203568488,41.487674935150096],[2.331247588405461,41.48747270190364],[2.332012539147343,41.48774405704256],[2.33217440182716,41.488171122599226],[2.333151713081065,41.48890074167588],[2.33441541703786,41.48796120464584],[2.335128529058352,41.48727069168905],[2.335698374580318,41.48616769298462],[2.335889919384272,41.48481662888429],[2.335972828782985,41.48471962620977],[2.336317398629035,41.48456120613474],[2.337353245855581,41.4844007086258],[2.338991234158129,41.48577525222606],[2.341179183972145,41.48698407415566],[2.342793791700103,41.48772069895108],[2.343699419792358,41.48831515891743],[2.343992873072636,41.48814353589546],[2.345180001555832,41.48699947324707],[2.346600871033388,41.484924513355566],[2.343937392096962,41.484123070823046],[2.322255177334569,41.47930477489541],[2.316912670183569,41.4772118492474],[2.316300356875956,41.47640386414702],[2.316109725783235,41.47793550761759],[2.312771445945486,41.476936728647104],[2.313518686338284,41.476263476378335],[2.312072251832944,41.47614196807734],[2.311927780242854,41.47657066140687],[2.311078625977814,41.47658184627517],[2.311423870315366,41.4761157240614],[2.309971707128568,41.475924138787946],[2.309096618214369,41.47635010357442],[2.298157297221451,41.47300447087963],[2.296024152092912,41.472171974756805],[2.295642075121634,41.47367408629003],[2.295440287938902,41.47379500463575],[2.295448148912953,41.47454942161846],[2.295275677830261,41.47488332370642],[2.295238150919943,41.47527322298083],[2.295066151081983,41.47554238737126],[2.295074677554339,41.47574960106323],[2.296077961228889,41.47569494836313],[2.297115642173139,41.475782912851116],[2.297403317309261,41.47649121799532],[2.297732512345533,41.475919623291986],[2.299375124962012,41.47582209901066],[2.29993436208116,41.4766840092596],[2.302869420087632,41.47986340677079],[2.304299422180577,41.48023011972424],[2.303886416624835,41.48113005870522],[2.305111814858378,41.481626142732296],[2.306104019784698,41.481875335878044],[2.306571118662191,41.48216187517039],[2.306801102289,41.48215082430107],[2.306698958190339,41.48252800985972],[2.307289557367142,41.48288283917168],[2.306686676149184,41.483468654854505],[2.306496324745581,41.48388321443878],[2.306085383133905,41.483736604260855],[2.30597880178027,41.48413819921848],[2.305499038649714,41.48398442594049],[2.305261364920057,41.48470572538889],[2.304426215797207,41.484812129576085],[2.304352521751468,41.485005278770586],[2.303813019355346,41.48507656173393],[2.303399144155151,41.48687833726541],[2.304293512735399,41.48709027329744],[2.30476083464481,41.48732280110636],[2.304016438807594,41.48775911529094],[2.305040188353985,41.48800520037969],[2.305410161349869,41.488939664334],[2.305380229214222,41.489221505568025],[2.309290662234275,41.490141285391985],[2.309261621326755,41.488260285883484],[2.309947677243485,41.48852284115617],[2.310598936591646,41.488607812700366],[2.311642563853241,41.48829142041268],[2.313049392215646,41.488392765014055],[2.313253574293014,41.48852289781348],[2.314086446332396,41.487853413704045],[2.314537819664622,41.48768439242076],[2.31497006891351,41.48765490365088],[2.316138019354071,41.487836519939435],[2.317284805149654,41.48853115808646],[2.317419107206035,41.48879317556458],[2.317540514782934,41.48977900879419],[2.317923402942654,41.490277324938575],[2.318286543788929,41.49039037871296],[2.318327746228476,41.48988558834918],[2.318952173404057,41.48974182542486],[2.31942273736945,41.488951417573844],[2.320105406439325,41.488678503909796],[2.320533358727516,41.48796042493365],[2.320737664011972,41.48783103317561],[2.321250391792148,41.48784135559407],[2.321288833313019,41.48786101657265]]]}},{"type":"Feature","properties":{"postal_code":"08859"},"geometry":{"type":"Polygon","coordinates":[[[1.944176494749399,41.3500122381742],[1.943889920383526,41.344498774398915],[1.944948766872074,41.3417605878808],[1.943522830614143,41.33761574836808],[1.943946176574798,41.33689694813563],[1.946861803829165,41.33659123169997],[1.949184062894176,41.33492399114925],[1.959146731836199,41.3333600071586],[1.958241080361574,41.33071561992989],[1.958336205251669,41.330081277728766],[1.958498379096909,41.32985818920406],[1.958914709446276,41.32967814223247],[1.959615989985934,41.32916164989018],[1.961158071887496,41.328707841193875],[1.961307276609489,41.32690074707182],[1.959678766262016,41.32574671543853],[1.959285317363481,41.32497257002808],[1.95505192970279,41.323326618228805],[1.945463114331233,41.31751953659733],[1.931174938372692,41.3019536245601],[1.929319195424512,41.29413854385871],[1.914860411778591,41.288869802699196],[1.913220745341107,41.28834633521518],[1.911221794350297,41.28492899867433],[1.90840937599188,41.282446787988874],[1.905622347293502,41.282684076808664],[1.901401801052259,41.28020836192633],[1.889217994614739,41.283428999648606],[1.887102651566124,41.28195188926827],[1.885570064706712,41.281882076696434],[1.885728698820401,41.280012771072506],[1.882790503079264,41.27822737669203],[1.873817477794375,41.279385233141966],[1.872168051014739,41.279185153771834],[1.871377930047402,41.278830393707665],[1.871027878833559,41.28053903634742],[1.869298451961981,41.28120605541511],[1.871325942937915,41.291266316986935],[1.872886267587148,41.293459935227816],[1.869163817156448,41.29621087683046],[1.867513498249309,41.29617282471605],[1.866099314331905,41.29625978286265],[1.864308062666964,41.29609261238414],[1.86353454768124,41.29612538188087],[1.862364471243325,41.29644503600957],[1.861996387723082,41.29663170289075],[1.861749329567886,41.29700229731816],[1.861543550294584,41.2976052630724],[1.861469551378661,41.29853574842605],[1.861211840753811,41.29876271033078],[1.860078236321556,41.29925191094691],[1.85963656217757,41.299252590834385],[1.859337569073546,41.299085188330764],[1.859003754219884,41.29828897715453],[1.858793318257028,41.29802778975068],[1.857943761095669,41.29816277798977],[1.856339519852952,41.298905898588316],[1.8558654764106,41.29895298259407],[1.855073903038203,41.298743363215635],[1.853992517740494,41.29929328335834],[1.854436296298047,41.30044496866037],[1.851015293221167,41.30180503407502],[1.846724402908876,41.30640696930618],[1.848145158172485,41.30930006314736],[1.848238811771751,41.31007943271965],[1.848164370389384,41.31277458128187],[1.850349571875256,41.316148609170966],[1.849743639257554,41.31811894913017],[1.847733102300822,41.319347289945426],[1.850565716734422,41.31905657779879],[1.851558615937392,41.319239707646375],[1.852535324645487,41.32000871343138],[1.856106852649134,41.32707843422236],[1.857484051947438,41.32792952202982],[1.857667456088222,41.32814684679954],[1.857844664799416,41.3289226352714],[1.858089698580727,41.32932642187683],[1.858468304168866,41.32959850816462],[1.858939362761362,41.32966859233164],[1.859448656929942,41.32961102133157],[1.860132570661619,41.330293336967884],[1.860117060953598,41.33072616627953],[1.859786692302009,41.332063661408824],[1.859933157689056,41.332426608900846],[1.86101058417114,41.33374048243729],[1.861463171588071,41.3338833793145],[1.861984871005006,41.33431143772265],[1.862570362032557,41.33431364915555],[1.863564460931116,41.33482976198388],[1.864143410290126,41.33490428430525],[1.864977214926512,41.33519305571491],[1.867012113618159,41.33652934934997],[1.871547288576494,41.33855181131702],[1.870604386283389,41.34048254243538],[1.869345503592115,41.34202150368941],[1.86978677933638,41.34265100843726],[1.871846856347304,41.343680037004106],[1.873636568372945,41.344288290772],[1.874318812063507,41.34430432928133],[1.877103383814074,41.343996989569405],[1.878531503625993,41.34424240556257],[1.880130071945246,41.34421047783127],[1.881561459893476,41.34386148332078],[1.882422970843436,41.34387885192746],[1.882976656447511,41.344890698047266],[1.883279939317731,41.345111861123485],[1.887046595923664,41.347067364067584],[1.88844146779951,41.34766519918958],[1.889009992217382,41.34775800113084],[1.889384782881393,41.34797615057886],[1.891034247432572,41.3498956059974],[1.891917155952001,41.350515254175605],[1.894025692032073,41.3507494664147],[1.894820765565839,41.35099465308076],[1.895860963712494,41.351481477688026],[1.896631573887987,41.3531502578781],[1.897892132915615,41.35481614225114],[1.899292282013221,41.35548505439175],[1.899984466809713,41.35562715536889],[1.901326846157019,41.35489458471727],[1.90390102691083,41.35480148240248],[1.906330792731865,41.35279004162709],[1.909877019209034,41.35244143202647],[1.91075420624162,41.35329299197798],[1.911194466651295,41.35581481060501],[1.912087482651202,41.354336038277495],[1.919034693296453,41.352344723430235],[1.925341020971302,41.3515255984276],[1.927933788013888,41.350730620221896],[1.93192603056184,41.35043250125892],[1.937568990416537,41.35143341881718],[1.94122833182206,41.35036431825864],[1.944176494749399,41.3500122381742]]]}},{"type":"Feature","properties":{"postal_code":"08391"},"geometry":{"type":"Polygon","coordinates":[[[2.258549335883117,41.47323549412272],[2.260127825938412,41.47656786001869],[2.259064025084683,41.47894874678724],[2.256581824291743,41.480164518677554],[2.252467836921141,41.47992652029268],[2.247452532808154,41.48544406069482],[2.247261086030278,41.488406851994625],[2.246946919564664,41.48866316867026],[2.252505066155891,41.492243401211965],[2.253604017911073,41.492103124959215],[2.253598819829676,41.49191911107812],[2.253818704969262,41.492073691048006],[2.254258456362663,41.49201797355062],[2.254440299280361,41.49268118578806],[2.255152006559854,41.4935279847287],[2.255195865596704,41.494600160968616],[2.255099205563852,41.49509494277737],[2.255314071587122,41.49587996998463],[2.257425580825895,41.496223921097055],[2.259281892145623,41.49755392127645],[2.26007470478379,41.49921188262226],[2.26132780123703,41.5000440873647],[2.263029700760057,41.501693377447396],[2.262341944225341,41.502500634996295],[2.263178160843438,41.50409824823555],[2.265006833298685,41.50449068989337],[2.266226344570157,41.50417306103793],[2.266600135188071,41.50465106509455],[2.268019700648665,41.50413568791163],[2.267917554751364,41.50214288288771],[2.269142503323849,41.50070803974421],[2.270632602612523,41.50003750073006],[2.271479072401235,41.499115204603015],[2.276693668977657,41.49756155022533],[2.277760731672402,41.4958103579616],[2.279780805040104,41.49503370973787],[2.282674514017572,41.49115588073926],[2.282932086146843,41.49020716163119],[2.287236832313965,41.487201021210126],[2.287303047597561,41.486643024256125],[2.277330001378459,41.48203299062999],[2.275798000877046,41.48012799091401],[2.275875097957396,41.476257777374485],[2.276300578009284,41.47522517310324],[2.275938432712508,41.47503585771864],[2.27573722469316,41.47329801409205],[2.273732479370437,41.47263340790545],[2.274060201317241,41.47209787871412],[2.27229950771607,41.4710534591498],[2.270051300627017,41.4721105573563],[2.267470073684933,41.471140336357394],[2.266384847382767,41.47191884527848],[2.261444839907426,41.47064321811001],[2.260796170606795,41.47076296194109],[2.258549335883117,41.47323549412272]]]}},{"type":"Feature","properties":{"postal_code":"08017"},"geometry":{"type":"Polygon","coordinates":[[[2.070141042575017,41.41218615826455],[2.070337905070232,41.412645081405344],[2.070227453034533,41.41333489109235],[2.069993513290001,41.413956732717],[2.070047639886639,41.41419653694061],[2.070736005262404,41.41504322976124],[2.072522250401505,41.41584516692092],[2.073225146123605,41.41658720293702],[2.073539966396311,41.41711372541806],[2.073574416725933,41.4174638278933],[2.073658514129136,41.417439907725566],[2.073750885295112,41.41723657280954],[2.07366989864687,41.41697849436201],[2.074842157739397,41.41602776976572],[2.075208628775215,41.415986417139436],[2.074824450987592,41.416011475848904],[2.07366249902509,41.415019114440554],[2.071758192686445,41.412712749094055],[2.070421730878195,41.412277550068836],[2.070141042575017,41.41218615826455]]]}},{"type":"Feature","properties":{"postal_code":"08907"},"geometry":{"type":"Polygon","coordinates":[[[2.115282464114443,41.35948823359507],[2.115682523929308,41.359014247709354],[2.115549053745838,41.35693877430498],[2.115448283811247,41.3515514449432],[2.116645313830134,41.35136589591934],[2.117327197791951,41.351706837900224],[2.118234628125549,41.352650985754394],[2.11845492875193,41.352472646595345],[2.117437347655482,41.35154948082385],[2.116650558676326,41.35122427428081],[2.115425778277029,41.35132649032522],[2.115393480924411,41.351003668784244],[2.114262070837867,41.34889066127499],[2.113463872159969,41.34829262290617],[2.113977209680456,41.34632614373652],[2.113315641403744,41.345955665321696],[2.113280357402573,41.34642317429007],[2.113148042847911,41.34674072760248],[2.112404234268013,41.347498705001215],[2.104267017308985,41.3414355180347],[2.102014008739502,41.33987373108778],[2.098841473954849,41.33727776875401],[2.09854777156238,41.33725066138891],[2.092019208819409,41.340755358073295],[2.093534715754515,41.34171063144049],[2.094584614888049,41.34254409163651],[2.088231712223717,41.34590693105997],[2.089163751605838,41.34614646368834],[2.089612113108501,41.34638742623872],[2.091216352552635,41.347755718651456],[2.094606792169714,41.349612949977654],[2.097129907619149,41.350919102834325],[2.099512611917476,41.351973724307925],[2.097128429133704,41.35551967109592],[2.104916656078785,41.358724834183704],[2.104696152205634,41.35900789579773],[2.104818799947623,41.35904828525014],[2.105021203165961,41.3587660546097],[2.106862529082434,41.3594371709886],[2.106656039344728,41.359686502629984],[2.107375790160575,41.359892509431745],[2.10759959994158,41.35985181690779],[2.107677786100965,41.35973703283776],[2.115485898855127,41.36256179529062],[2.115370135423404,41.361093905659175],[2.115429994298779,41.36075428927899],[2.115282464114443,41.35948823359507]]]}},{"type":"Feature","properties":{"postal_code":"08793"},"geometry":{"type":"Polygon","coordinates":[[[1.740414123812741,41.38699792211639],[1.73953700962528,41.3859897443312],[1.737821925141702,41.38476399626137],[1.737785690557189,41.38459442998891],[1.738043966855571,41.38452975794195],[1.739160786341188,41.38476272372071],[1.739763261964981,41.38417064965574],[1.740967428104341,41.383796780796786],[1.741374937003741,41.382825573241576],[1.741802999009167,41.382465731108596],[1.742310424386574,41.382210660893236],[1.743634192264153,41.38200290401079],[1.744815965284545,41.38214316677369],[1.745947262056461,41.38241151637834],[1.747000060604307,41.38242201506392],[1.747441590856738,41.38257485934224],[1.748343336575715,41.382645564041525],[1.748850184588321,41.38303875483467],[1.750740392255295,41.384041013282115],[1.752577518337773,41.3844781818226],[1.753356541671053,41.38483308128167],[1.753637104069071,41.385073531218495],[1.756223832164096,41.388243752047515],[1.756659185872707,41.38782052479735],[1.758107560215706,41.38751739391256],[1.75870638459196,41.38720447390733],[1.759061687846611,41.38666753637767],[1.759270987965692,41.38658681862677],[1.759510668082839,41.386594898136025],[1.760083207074331,41.38690426491985],[1.760326644558972,41.387290360961345],[1.760799956852509,41.387549847747266],[1.761227151012179,41.387343035152924],[1.761537146422143,41.38618672823492],[1.762398607909404,41.3860525529829],[1.761260517658741,41.37743558638317],[1.77105752698327,41.37439513502744],[1.775152949648884,41.38075611000647],[1.775479020440457,41.380673507276526],[1.776206919114031,41.38016604592627],[1.777346380830807,41.38005560378309],[1.779156106369214,41.37930499093255],[1.782112439637388,41.3787046763797],[1.78302294385378,41.378243577778846],[1.785033971840335,41.37698027761769],[1.78638129026433,41.37677106563217],[1.787165242781725,41.37637821478279],[1.788766813037967,41.37588823355509],[1.790516069960631,41.375130969318775],[1.791429103969961,41.37454364637216],[1.793392716100982,41.37410153335907],[1.795821114952503,41.37299170070639],[1.796342808074144,41.37244769090819],[1.797206733703774,41.37233058658728],[1.798169332948362,41.37176812090206],[1.798681067876998,41.37173774989719],[1.800518156187934,41.37006731315597],[1.801039211690238,41.3685418992892],[1.802212880919683,41.367763518971174],[1.802913220768517,41.36688789855765],[1.802923191552054,41.36621221811936],[1.803690347431598,41.36543285484237],[1.804324479191337,41.36511820723945],[1.805167087291238,41.364875851639226],[1.806682203021239,41.36402910575862],[1.807268633840351,41.36387848370504],[1.807369882214289,41.36363118093425],[1.807291128582733,41.363535404934964],[1.806343941919351,41.36316991416021],[1.806232726359212,41.36295849973493],[1.806267158702383,41.36261493802897],[1.806504731708003,41.36210977174852],[1.806678184850341,41.36203048661764],[1.807461203871469,41.3624388588662],[1.807798773394666,41.36247876628204],[1.808126375731661,41.36238398673157],[1.808462583681262,41.36143354632111],[1.808334354746648,41.36099759636198],[1.808030320942521,41.36092043902704],[1.806803246372738,41.36097185776498],[1.806136094205385,41.36083772568048],[1.805968626950573,41.36067363807791],[1.806073200118078,41.360309123966886],[1.806032154160562,41.36007677782101],[1.805609237176554,41.359851360052176],[1.803858645659943,41.3592853726218],[1.803780544936217,41.35903655629204],[1.803920844571337,41.35883259544789],[1.805162482762341,41.35849254019854],[1.805425270060141,41.358328457991945],[1.805431193894492,41.35808512932522],[1.804609902425057,41.35666993996574],[1.804672068960826,41.35605509956315],[1.804441144643079,41.35551555310025],[1.804155233976871,41.35536545355279],[1.802653564910088,41.35541926268883],[1.802282972281319,41.355254707438746],[1.802031511944733,41.35492310491736],[1.80200575266332,41.35441096259581],[1.802241392126518,41.35339272139697],[1.80304156391702,41.35208974404645],[1.803107780099936,41.35169081018273],[1.803039642965132,41.350928373945294],[1.803389112317689,41.34983330905993],[1.803647858961483,41.349615412321384],[1.804606749401955,41.34933218613145],[1.8054478178625,41.349558106621316],[1.80583428712265,41.34993807827965],[1.806138055626775,41.35000638538634],[1.806965234957602,41.34988173935079],[1.808266249088092,41.35018737574677],[1.808951159268588,41.35007767284628],[1.809718823265086,41.35011755867839],[1.810242265568093,41.34992454977811],[1.810502272162125,41.34956250160815],[1.810753700123144,41.34892173644897],[1.811909024981503,41.34790094926939],[1.81713489096245,41.344728644711154],[1.818667867228271,41.343971016249384],[1.818646003810045,41.34367482273484],[1.8182614204282,41.34283563026008],[1.818740360679101,41.34236535317848],[1.818621260762541,41.3420462440389],[1.818277804277216,41.341763553844885],[1.818202287305724,41.34138855543745],[1.818054677980967,41.3411696631494],[1.817560391698692,41.340947321062],[1.817376387710112,41.34055889937366],[1.816807294920693,41.33997052332097],[1.816485723437381,41.33982197510403],[1.815627575951851,41.33968689603341],[1.815322498934165,41.33943859231715],[1.815311871645577,41.33929497328438],[1.815788263217769,41.338950850401375],[1.816067363318155,41.33852501691598],[1.816151359997264,41.3382063484442],[1.815682922029225,41.33817197365761],[1.814744768156515,41.33840939287916],[1.814091092330045,41.338454833823505],[1.813840281303953,41.33829426886541],[1.814406573604458,41.33787438169736],[1.815068857741608,41.337621506727146],[1.817115882891699,41.33719351217081],[1.818078447062646,41.33680199861334],[1.820872114556437,41.335163077713844],[1.82222101308929,41.33466529037082],[1.824127782671042,41.33492726288284],[1.825060485752829,41.33445590661478],[1.825236426419906,41.33425044030554],[1.824678399788297,41.3276743636809],[1.827642368300644,41.326730422670835],[1.829562289568003,41.325398199367385],[1.832116910067327,41.325218662311386],[1.833146016875162,41.3247612023676],[1.83439774276161,41.32360103106271],[1.836217011006227,41.32252506687831],[1.837727543791118,41.32050769867135],[1.838686873100698,41.319593887647784],[1.839457258445691,41.31919228369691],[1.84017815229987,41.31908985271451],[1.847344855980282,41.31942673875295],[1.847733054636763,41.31934730523392],[1.84059400510921,41.31584009044781],[1.837939387192932,41.317887751418596],[1.835775568887357,41.31866318915485],[1.834449012212133,41.31929525966848],[1.833502911030507,41.3203885340036],[1.832215238342542,41.32073984876496],[1.830488204566961,41.320803528859756],[1.829087470010734,41.32140266799871],[1.828713754935848,41.32135536275979],[1.826139691993205,41.32014009808705],[1.825042813175287,41.319195806341384],[1.823818564275314,41.31943632462668],[1.823401257262219,41.319768982952155],[1.821574498564246,41.320259875193074],[1.819490404258715,41.32131078786256],[1.815503837332244,41.32134302496058],[1.81388588682421,41.32061855270405],[1.812561654896456,41.32112423969187],[1.81225874524489,41.321551078619336],[1.811232160136058,41.32236840317927],[1.810643450434895,41.32248308742453],[1.810084496602201,41.32219137433242],[1.809460724133089,41.322316554565305],[1.808244975625087,41.32348391235263],[1.802683779432869,41.32354556087893],[1.80190716628266,41.32370408617459],[1.801427616291448,41.32367908771971],[1.800206552790144,41.32315395019464],[1.797870192355504,41.32305348782819],[1.796575737880005,41.32282846576106],[1.794679152221079,41.32334885936234],[1.79361433873072,41.323434675369924],[1.792278647641467,41.33047866565789],[1.771040515407435,41.343645412206],[1.772193129709137,41.34430051525658],[1.76935946756538,41.34688523966207],[1.768176564097132,41.348681082366056],[1.767980981337189,41.34927443526698],[1.767367619420099,41.350200284615426],[1.767139231190583,41.350344854231594],[1.766068295115701,41.350569353792594],[1.765718338330657,41.35035878922673],[1.764934732951531,41.35042734364697],[1.763726447917236,41.351224777901166],[1.76355837901599,41.35121375311218],[1.763191933161181,41.350940820562414],[1.762889506445561,41.3508903407166],[1.761670819852441,41.3513820477433],[1.763124123379555,41.35442806320452],[1.762390530198786,41.35485463143607],[1.761951899360668,41.35457572558926],[1.761760619856716,41.35457465989259],[1.761045418711092,41.35525257784417],[1.759590546766333,41.35545696496695],[1.760893540304608,41.35660940120289],[1.761371948156864,41.356778660806526],[1.762264046848259,41.35688569272054],[1.762972664956521,41.357261486128664],[1.763444897164277,41.357674060009856],[1.765001595747037,41.35771752064704],[1.767073361246617,41.35745140136106],[1.767184244956923,41.35798703757172],[1.76779568862014,41.358177720825154],[1.768086157949824,41.358390763023294],[1.768468378812599,41.35887910118953],[1.769251166707988,41.359287763919156],[1.768548888820135,41.360469381356836],[1.76723169498672,41.36059612461145],[1.767746055036412,41.36158314494617],[1.767025843767669,41.36170312799692],[1.767307372936898,41.3635911629018],[1.76746273441762,41.36391787311135],[1.765559892175247,41.364699140253094],[1.764717551174044,41.36527432505005],[1.764214831948948,41.3657543822589],[1.760582766081768,41.366751423739174],[1.756391381257231,41.36745636182161],[1.753418957319013,41.36848882130204],[1.752603059983244,41.368936766418585],[1.750593259571247,41.36973122661482],[1.748666492664483,41.37018911013928],[1.74806252596477,41.370430164420554],[1.743415782012733,41.3712885466291],[1.741766923604644,41.3717888250942],[1.740623703620997,41.3723402462054],[1.738274776060052,41.37373375291037],[1.737037463608033,41.37430705722488],[1.735181280891368,41.37475278821057],[1.733286285233874,41.37548819172662],[1.730708110590797,41.37619768487525],[1.729604344764709,41.376306186281454],[1.731675064352714,41.379471236908046],[1.732038123360667,41.37986141407299],[1.730623589606978,41.38128829911568],[1.730398673659863,41.381648712318224],[1.731909148888121,41.38269389091033],[1.732169258004831,41.38281826175336],[1.732667273775633,41.38276168180613],[1.732962730745442,41.383208705117625],[1.733179184072071,41.383884072591854],[1.733105365020549,41.38418423481454],[1.732704780001598,41.38475898883627],[1.732374950043891,41.38482659537107],[1.733149503746574,41.385613993191214],[1.734746200576694,41.38669164630244],[1.736215371741991,41.388152680401845],[1.736954723281826,41.38911253131823],[1.738012710917872,41.38975863755104],[1.738151256874971,41.38886266188234],[1.738687038775822,41.388795689369545],[1.739267469318236,41.38850547364865],[1.739669306193491,41.3875678548726],[1.740115791710423,41.38712137025499],[1.740414123812741,41.38699792211639]]]}},{"type":"Feature","properties":{"postal_code":"08430"},"geometry":{"type":"Polygon","coordinates":[[[2.299221145739295,41.57595992171298],[2.299137191328327,41.57815325037217],[2.297993422758225,41.58422284500824],[2.292504598608332,41.58344428842315],[2.293155357034095,41.58394911386051],[2.293910076189036,41.58642654015267],[2.294725396160118,41.587595816193925],[2.294409928375501,41.587987354033146],[2.294977037260423,41.589500055982796],[2.294654188739798,41.59053337701374],[2.295179064562149,41.59078764593306],[2.296227180340111,41.59728585835563],[2.296497348373919,41.60145956340813],[2.298289238557516,41.604581109330695],[2.298668483563631,41.606724217148894],[2.300093450352449,41.60654861912343],[2.301094441655152,41.60572868113371],[2.30303128186813,41.60744198675826],[2.303255956796932,41.6074969740061],[2.310161036003024,41.6077593925819],[2.312589049045357,41.61015087876001],[2.318900002832834,41.612647205204325],[2.31734520721551,41.61808297744744],[2.32400239369548,41.62708435026252],[2.32648233629078,41.63241311127604],[2.330545217887504,41.6354047249481],[2.33094493416138,41.63428623811939],[2.334694886759621,41.63362784175149],[2.33783936179708,41.63334639711849],[2.338288135189259,41.633694037249995],[2.340107291018683,41.6329059811261],[2.342146429114393,41.6331907361635],[2.342947830278149,41.63287202542364],[2.343031889010433,41.63446325977162],[2.345132941831764,41.634905445629784],[2.346721575340439,41.63583849315194],[2.3508254660224,41.63612518173176],[2.350647015347477,41.634980099252175],[2.351039051411078,41.634936444361415],[2.35143203356148,41.63620379686773],[2.352554791270563,41.636277935178555],[2.352885532241487,41.63332824070574],[2.355618083607681,41.63400234013585],[2.358159193591916,41.63382727540841],[2.358610507568869,41.632467078692684],[2.35697125841682,41.62819433130335],[2.357925787145348,41.62524078323554],[2.357266347563893,41.625246298777654],[2.357123753758231,41.62612509739529],[2.355843067003946,41.626168082291144],[2.353192150697168,41.62473336325411],[2.351446400231168,41.62581361270804],[2.347237727738957,41.62469623114612],[2.34635386593817,41.62546610387756],[2.346457502911392,41.6271464475505],[2.344985491687055,41.62705195758173],[2.344536020421003,41.62567753179263],[2.347862677420608,41.62108577239047],[2.350498205427812,41.61655149765346],[2.355906177827819,41.618979958558214],[2.360855575124674,41.6196403523204],[2.361878473013121,41.61881041656744],[2.363630598773113,41.61535251790434],[2.375440441922819,41.606632221899474],[2.377382803073885,41.601004578398545],[2.377225507151422,41.59968974438618],[2.376164523873683,41.59904464359539],[2.375441958179806,41.5974327716051],[2.3763661689635,41.597144669291026],[2.378542584972308,41.59750390707961],[2.379717146329256,41.59706053771362],[2.382696667717028,41.59698255929766],[2.380604323930413,41.595046794673806],[2.378389943940761,41.595097278116896],[2.375064001002841,41.59533490058516],[2.373130642964782,41.592570095033864],[2.368543535755578,41.58542269620045],[2.365735409861259,41.58337387240624],[2.356181445017683,41.57371255638935],[2.353863464027654,41.57236187629951],[2.352366520898215,41.571657542561525],[2.35121975398846,41.57069382186239],[2.348680383293072,41.56970498309846],[2.348387596410419,41.56848528566735],[2.347888821611832,41.567527290052396],[2.347419229813568,41.56706348359285],[2.34505747792025,41.56575979307996],[2.344211351672527,41.56538512022712],[2.3439862846393,41.56483747986579],[2.343984703631179,41.563658215953865],[2.343841822042464,41.56294466326557],[2.342262277981717,41.56109173159814],[2.340253056733161,41.56042015296765],[2.338698951795152,41.56105067664737],[2.337748055428392,41.56129300167066],[2.337429464298339,41.561208791852266],[2.333864514835454,41.56236497736177],[2.330836576646675,41.562748897943266],[2.328756986146004,41.56331372704682],[2.323380912698951,41.56435120114702],[2.320419903855452,41.5643851172793],[2.318641213920898,41.56424709562691],[2.315732649042502,41.563724783771704],[2.314337194405994,41.563591440392656],[2.313491704878288,41.56389618825847],[2.311439001408758,41.5649096108898],[2.309889748313196,41.565503544752744],[2.308004760311405,41.5663425528665],[2.308041428369222,41.56639539343263],[2.307419657790945,41.566271083743516],[2.307900558563915,41.56676109824605],[2.308596596056077,41.56809772912686],[2.31151164414706,41.57124921078241],[2.31174939971504,41.57169315481519],[2.308557273199597,41.5722226783339],[2.308571638070646,41.572708172843875],[2.309052360777798,41.57369869064206],[2.307843130556023,41.57307947413841],[2.306928770046682,41.57274821335932],[2.307029933884337,41.57238342855237],[2.306032537171859,41.57220003790138],[2.305812834594633,41.57245328339229],[2.304530086594184,41.5721615280321],[2.303969794570378,41.57324078283585],[2.303748910283957,41.57446637532291],[2.303487112240418,41.575248211735584],[2.302855140652184,41.576587312154686],[2.300230192269566,41.576002006387455],[2.299221145739295,41.57595992171298]]]}},{"type":"Feature","properties":{"postal_code":"08440"},"geometry":{"type":"Polygon","coordinates":[[[2.369933320166581,41.648989659844915],[2.370867172581939,41.64434205973822],[2.372589100006962,41.64153527833042],[2.374746857781247,41.63848013205245],[2.367957486248997,41.626411479306284],[2.360855575124674,41.6196403523204],[2.355906177827819,41.618979958558214],[2.350498205427812,41.61655149765346],[2.347862677420608,41.62108577239047],[2.344536020421003,41.62567753179263],[2.344985491687055,41.62705195758173],[2.346457502911392,41.6271464475505],[2.34635386593817,41.62546610387756],[2.347237727738957,41.62469623114612],[2.351446400231168,41.62581361270804],[2.353192150697168,41.62473336325411],[2.355843067003946,41.626168082291144],[2.357123753758231,41.62612509739529],[2.357266347563893,41.625246298777654],[2.357925787145348,41.62524078323554],[2.35697125841682,41.62819433130335],[2.358610507568869,41.632467078692684],[2.358159193591916,41.63382727540841],[2.355618083607681,41.63400234013585],[2.352885532241487,41.63332824070574],[2.352554791270563,41.636277935178555],[2.35143203356148,41.63620379686773],[2.351039051411078,41.634936444361415],[2.350647015347477,41.634980099252175],[2.3508254660224,41.63612518173176],[2.346721575340439,41.63583849315194],[2.345132941831764,41.634905445629784],[2.343031889010433,41.63446325977162],[2.342947830278149,41.63287202542364],[2.342146429114393,41.6331907361635],[2.340107291018683,41.6329059811261],[2.338288135189259,41.633694037249995],[2.33783936179708,41.63334639711849],[2.334694886759621,41.63362784175149],[2.33094493416138,41.63428623811939],[2.330545217887504,41.6354047249481],[2.331576106252271,41.635967412765865],[2.332815981772114,41.63702658211105],[2.33394085378734,41.63829762723367],[2.33343146518996,41.63866382307697],[2.334652919896314,41.64269271030031],[2.33662137127925,41.64805764744244],[2.338390461850338,41.64797438191215],[2.338699323215167,41.65387634381818],[2.340340463641496,41.65832566409807],[2.345716788898699,41.65801410476712],[2.348299902618407,41.65703797702099],[2.34795085864522,41.660782895214425],[2.349509661641548,41.663787877308664],[2.34823869565929,41.666702182559675],[2.347312884082328,41.66972413665957],[2.348834078330015,41.67184854217646],[2.348971197962385,41.67407589578596],[2.34995747815509,41.67410299056053],[2.349684742556803,41.67486180432877],[2.350267754153492,41.675086634840284],[2.350204853770947,41.67548569640775],[2.351182048113003,41.67510695682057],[2.351124633594964,41.674560471188784],[2.351576870276347,41.67480045437742],[2.352273796298675,41.673795603184544],[2.353076574324461,41.674208227427755],[2.353432516997032,41.67386754265294],[2.353983421897397,41.67413886271834],[2.354796024117206,41.673947861104864],[2.354990439557128,41.673686687190866],[2.355409035298749,41.67395520317007],[2.360668189685214,41.672944057622146],[2.365326280383499,41.66962017772897],[2.366104250610647,41.66671134395335],[2.366854706979154,41.66158982181281],[2.3696196654152,41.650550347820285],[2.369933320166581,41.648989659844915]]]}},{"type":"Feature","properties":{"postal_code":"08192"},"geometry":{"type":"Polygon","coordinates":[[[2.075351381760868,41.54239801165886],[2.076397762746524,41.542254854877626],[2.076346980728545,41.542437506285864],[2.078180293685591,41.54320316839147],[2.078918700937265,41.54161136477262],[2.080677517653328,41.54093548558416],[2.082199988039008,41.541277959110516],[2.083566555552068,41.5383898304263],[2.090754533594861,41.542628763306766],[2.091213018765814,41.54251835623711],[2.091776882896795,41.54054641188736],[2.093444582101768,41.538896807941285],[2.095128684041526,41.53867007986025],[2.096609007699556,41.53586677972805],[2.097327572309609,41.53570826432491],[2.0975833925595,41.53439145000539],[2.100930930018421,41.53262202398719],[2.101688525205248,41.53266148533925],[2.100854186371578,41.53119624061401],[2.097762052776488,41.53089002595391],[2.098241481359253,41.52885161361104],[2.098766292430469,41.528391843308896],[2.098917421701628,41.527619403013034],[2.097898598641393,41.52503680460484],[2.097681065228983,41.52365002482878],[2.09794667639801,41.522383262277685],[2.097093597491494,41.51991227513139],[2.096885070789369,41.51964416924301],[2.096207212193065,41.51979740832371],[2.093939881919994,41.51686240607518],[2.094022511629589,41.5141043796134],[2.093401879593046,41.51367336693232],[2.093562788991505,41.512827818049345],[2.089054215979274,41.51139896798799],[2.087145106361561,41.51069791317815],[2.085814176283179,41.51046863911637],[2.085606538111222,41.510608133858284],[2.084549718694575,41.5103464419347],[2.084308235436708,41.510161848890164],[2.083251056291203,41.50984693508798],[2.081001112611261,41.50938702898816],[2.080815502433495,41.50909048473807],[2.080540047285353,41.50912479927007],[2.080323885338998,41.508304926930805],[2.079976615728242,41.50775006771141],[2.075753269897461,41.506741326051326],[2.073586134892196,41.50705102468504],[2.072389962826492,41.50691543479945],[2.067670089602927,41.50966465330106],[2.064479514418053,41.512973576569266],[2.064552733621724,41.51927248663594],[2.064129788758748,41.51984823800575],[2.058050148695372,41.51854096998977],[2.056726251315411,41.516160103905634],[2.052855380371511,41.513829538702225],[2.051198089919922,41.51224539101196],[2.050500913886083,41.51175279725379],[2.049435846786878,41.50961361857361],[2.046684040935702,41.50979664679778],[2.045193500979281,41.509412677652904],[2.045083613717793,41.509624224278525],[2.044918484700304,41.50957699997855],[2.044800596170546,41.5097465455666],[2.044547799441375,41.50961155822682],[2.044509534187625,41.50949405820421],[2.043635463305975,41.50929395904893],[2.04394563588238,41.50986367237056],[2.04335854855816,41.51015957270607],[2.042818955330517,41.51231590415563],[2.041534593946324,41.512273903118114],[2.040824839095023,41.51270178615846],[2.039323863405571,41.51249767242962],[2.038268447830603,41.51310110223403],[2.036305455332467,41.51248003492566],[2.036192802655705,41.51255949182706],[2.035113690844128,41.51257694497002],[2.034666004732344,41.51228434694502],[2.034461903593979,41.512263821717966],[2.034500267773126,41.51346635199053],[2.033134381046864,41.51268787094847],[2.032734368896001,41.51401932533156],[2.033722353303972,41.51610014880282],[2.034388653813323,41.51681085693548],[2.035428265601979,41.51770241963095],[2.035939326938376,41.51886236790392],[2.037778568226315,41.51870763774724],[2.041644686253278,41.519906434934],[2.043233091334059,41.522573755774204],[2.044352425324178,41.52549773233443],[2.046558582812338,41.5260232718565],[2.050973466252458,41.52518157117254],[2.053226371399887,41.52549737620291],[2.054901886612754,41.52517325334293],[2.057071283412995,41.52410418336137],[2.056571458206236,41.52553015379357],[2.054270367383538,41.53043285559181],[2.051469266093761,41.531607772180905],[2.051483475382099,41.53151153303082],[2.050869438074074,41.531696911183474],[2.050071716036882,41.532080515203575],[2.049678055797642,41.53233909996948],[2.049402111418317,41.5333752313818],[2.049499525082979,41.53352641731027],[2.050426245874519,41.53406461299147],[2.051218402007635,41.5342495360872],[2.051441703671685,41.534459506201244],[2.051455411138306,41.534818099175936],[2.050930454376953,41.5363636488633],[2.051342898755763,41.537285780414436],[2.051735376386489,41.53785564212416],[2.052458678625101,41.53821548515651],[2.053382185239627,41.54056335061813],[2.054226625258536,41.54059955822299],[2.055202129774443,41.540954812914265],[2.057801567987951,41.5409598796947],[2.058542312577629,41.540572584856875],[2.059573959070917,41.54056664303613],[2.059612831367076,41.54043224475225],[2.059317031755597,41.540028807983106],[2.0593630707491,41.539904771687816],[2.06042188756004,41.53892962959873],[2.061421013668848,41.53910329498103],[2.06221541900635,41.53897436097793],[2.062578067923482,41.53984169323951],[2.063718134884027,41.54047658312777],[2.064048751748487,41.5414790789963],[2.064921345044013,41.54160073388675],[2.065160741874706,41.54251943092697],[2.065674593807444,41.542037235130294],[2.066022268113159,41.54250859139836],[2.066695387282266,41.54253763500384],[2.067699990262327,41.54311818785408],[2.069509576405835,41.54327174619414],[2.069917293048604,41.542736103688185],[2.074111818305767,41.542573615080244],[2.075351381760868,41.54239801165886]]]}},{"type":"Feature","properties":{"postal_code":"08908"},"geometry":{"type":"Polygon","coordinates":[[[2.137026517160052,41.34896909834521],[2.135672639081008,41.348486264029816],[2.135252070226841,41.34877944481548],[2.134866524570441,41.34860993609965],[2.134494577562691,41.349102082894774],[2.133347537258999,41.34860939290911],[2.133088227639576,41.34787065740488],[2.132769512403058,41.34771872773706],[2.132462823800267,41.347868260711664],[2.132217100238961,41.34783841221292],[2.131661907371097,41.34739005340822],[2.13005031327134,41.34641500394923],[2.129967009070185,41.34651362990007],[2.129587353073873,41.34638934629129],[2.129485363658603,41.346516738856394],[2.128570434777714,41.34614105426624],[2.128506234874806,41.346221934794414],[2.128334183775564,41.34614439974422],[2.127910370167456,41.346679115049085],[2.126550723836829,41.34589195644861],[2.126904606162611,41.34536518485538],[2.12603335555491,41.34493415778513],[2.102250623967109,41.33696203387075],[2.100639618023934,41.336127704929595],[2.09854777156238,41.33725066138891],[2.098841473954849,41.33727776875401],[2.102014008739502,41.33987373108778],[2.104267017308985,41.3414355180347],[2.112404234268013,41.347498705001215],[2.113148042847911,41.34674072760248],[2.113280357402573,41.34642317429007],[2.113315641403744,41.345955665321696],[2.113977209680456,41.34632614373652],[2.113463872159969,41.34829262290617],[2.114262070837867,41.34889066127499],[2.115393480924411,41.351003668784244],[2.115778546342824,41.351148206924165],[2.116584911764278,41.3510404240763],[2.117844102023696,41.351633909177565],[2.12339773311885,41.35558621193411],[2.133614313949408,41.36336022509431],[2.135468288830452,41.361945674253434],[2.133743045605058,41.36065129532102],[2.133000060804136,41.35993838924526],[2.132867010604059,41.359070849240254],[2.132841837680644,41.35750317982786],[2.132672835283131,41.35662290272478],[2.132371306090874,41.35591742055249],[2.131652645253382,41.35562164882003],[2.13287318534924,41.354052025180806],[2.13339330915386,41.353101475952315],[2.133621420392217,41.35319315014374],[2.133884565620178,41.35284025167624],[2.133653155668583,41.35274176062376],[2.134026540692275,41.35231930409259],[2.134225887115008,41.35237901098253],[2.134772430303428,41.351640088419344],[2.135174641296658,41.35133144738836],[2.135415766624305,41.35102222989195],[2.135308225694075,41.350982309885694],[2.135940110947331,41.35028914662678],[2.136130772617037,41.35025183105711],[2.137002166216973,41.34942790367478],[2.136787793921542,41.34936194199997],[2.137143743788727,41.34901090782711],[2.137026517160052,41.34896909834521]]]}},{"type":"Feature","properties":{"postal_code":"08923"},"geometry":{"type":"Polygon","coordinates":[[[2.221794411682765,41.45100866162039],[2.221613763964001,41.45112717607827],[2.221712381820964,41.45121460996626],[2.22188121694461,41.45110373255119],[2.221794411682765,41.45100866162039]]]}},{"type":"Feature","properties":{"postal_code":"08921"},"geometry":{"type":"Polygon","coordinates":[[[2.220280547809011,41.460868077599685],[2.22024916326825,41.460616832201026],[2.218564216865104,41.46067351377161],[2.218238530084079,41.46043421856433],[2.218107686820304,41.46029936072688],[2.217537603877304,41.45835945562436],[2.216024143799189,41.45763249944025],[2.219603913190042,41.455291826756365],[2.218581553995534,41.454377352033134],[2.218691511404131,41.45426783978894],[2.217937653799652,41.45360951626611],[2.218115536103085,41.45349176533267],[2.217224921293052,41.45289698430838],[2.216785902847107,41.45234681235547],[2.216602305352126,41.45153595661907],[2.215897006641512,41.45116821843851],[2.215169693426617,41.45093820513404],[2.215305899347754,41.450655446591554],[2.215214206270616,41.45063800603913],[2.215072745610712,41.45090754724549],[2.213721674315821,41.45053249757666],[2.213786626951276,41.450341584996124],[2.213606812904061,41.45030033759048],[2.213526844288424,41.45047998436377],[2.213183112610523,41.4504116376869],[2.212169924702266,41.450599389150454],[2.212241821003204,41.45083485414517],[2.212144156427655,41.45084545085683],[2.212093438261547,41.45061359484151],[2.211129449564453,41.4507834677828],[2.211208417234673,41.45105165191217],[2.211087211105905,41.45107566920677],[2.211004641650902,41.45081384328421],[2.209681521285177,41.45106056509297],[2.209544023038234,41.45082150730667],[2.209150638890833,41.4511005147769],[2.209087940855795,41.45097817820033],[2.209085288755034,41.45108940814964],[2.208956111934981,41.45111688333748],[2.206703714904506,41.45091279928624],[2.201597734847553,41.44911222075234],[2.201328023669362,41.44866099490895],[2.200969143810937,41.44901025112216],[2.201239456635619,41.44911994772741],[2.200907971925346,41.44950150039392],[2.19919711965133,41.450894399157164],[2.199056636554531,41.450821969558206],[2.197120115600853,41.45237581818941],[2.190290228711092,41.4572703460496],[2.188779421633001,41.458902846689],[2.187832552430336,41.46033843537049],[2.18839189477012,41.46078179574323],[2.190381134881477,41.46140698464461],[2.190140884594143,41.461856492782886],[2.190057487762829,41.462325535994694],[2.190647550943709,41.462605417605914],[2.192562832608644,41.462529674005225],[2.192185163214674,41.46126573172813],[2.191106385950945,41.46106273585656],[2.192639120299134,41.45838852710881],[2.195239802275069,41.45671790330857],[2.196349787812437,41.4551868506926],[2.198327161369377,41.45295411194269],[2.199933105928096,41.45140497935631],[2.203961696375188,41.45441090034274],[2.204890658277236,41.45457729200842],[2.206183955325287,41.45604653511947],[2.206825061327493,41.45651835723635],[2.20788780637713,41.45718009458568],[2.208678812277356,41.457269893690636],[2.209235969264569,41.45789825989675],[2.211827052776243,41.459035172934875],[2.212320908283289,41.45915278627206],[2.212873842054137,41.4591449226001],[2.214220840319513,41.45965675825278],[2.215189985729239,41.46034591503195],[2.21700930973185,41.46090914604025],[2.219350805295392,41.460908059659175],[2.220280547809011,41.460868077599685]]]}},{"type":"Feature","properties":{"postal_code":"08922"},"geometry":{"type":"Polygon","coordinates":[[[2.221074069113001,41.45148320688446],[2.219889895802055,41.45051553996018],[2.219769378553963,41.450463890096444],[2.219409009418257,41.45073382340718],[2.219386586621681,41.45061424055473],[2.219750698735766,41.45036335218691],[2.219393838754627,41.45007743432609],[2.219333618351811,41.449810760158414],[2.218712750692873,41.4494048619448],[2.214874458589406,41.447783094714055],[2.213849230557514,41.447668322335176],[2.213993346016082,41.44748225710049],[2.213911907908198,41.44745804465299],[2.213775101239946,41.44765823194183],[2.212710839933322,41.447574468187156],[2.212644067969336,41.447406118697415],[2.212508806336359,41.447554426795364],[2.210791684888363,41.44620335190314],[2.210893409902951,41.4455531699428],[2.210456648755326,41.444939331385],[2.210068128141586,41.44477953264931],[2.209902636697336,41.44460059634042],[2.209089028136134,41.44526097031752],[2.20579504800304,41.44436760538065],[2.205674634177001,41.44411534734536],[2.201328023669362,41.44866099490895],[2.201597734847553,41.44911222075234],[2.206703714904506,41.45091279928624],[2.208956111934981,41.45111688333748],[2.209085288755034,41.45108940814964],[2.209087940855795,41.45097817820033],[2.209150638890833,41.4511005147769],[2.209544023038234,41.45082150730667],[2.209681521285177,41.45106056509297],[2.211004641650902,41.45081384328421],[2.211087211105905,41.45107566920677],[2.211208417234673,41.45105165191217],[2.211129449564453,41.4507834677828],[2.212093438261547,41.45061359484151],[2.212144156427655,41.45084545085683],[2.212241821003204,41.45083485414517],[2.212169924702266,41.450599389150454],[2.213183112610523,41.4504116376869],[2.213526844288424,41.45047998436377],[2.213606812904061,41.45030033759048],[2.213786626951276,41.450341584996124],[2.213721674315821,41.45053249757666],[2.215072745610712,41.45090754724549],[2.215214206270616,41.45063800603913],[2.215305899347754,41.450655446591554],[2.215169693426617,41.45093820513404],[2.215897006641512,41.45116821843851],[2.216602305352126,41.45153595661907],[2.216785902847107,41.45234681235547],[2.217224921293052,41.45289698430838],[2.218115536103085,41.45349176533267],[2.220939980195908,41.45157256262365],[2.221074069113001,41.45148320688446]]]}},{"type":"Feature","properties":{"postal_code":"08923"},"geometry":{"type":"Polygon","coordinates":[[[2.221613763964001,41.45112717607827],[2.221997046926163,41.45087574182202],[2.220147812371636,41.4493012285688],[2.221209553777896,41.44825589439398],[2.221326409885876,41.44801776021143],[2.220666877674262,41.447333174686264],[2.219722020255006,41.44667976415974],[2.218932189768736,41.44599184664639],[2.218291035203094,41.44513584224529],[2.217459529233849,41.44453586044159],[2.21630190211107,41.443296439978724],[2.214196611684258,41.44164007133219],[2.212930412108847,41.43995871592199],[2.212923047560594,41.43948432803927],[2.212727463002011,41.439185541779295],[2.213244279100195,41.43648444959763],[2.213733643392914,41.43573512367698],[2.213888914941435,41.43575286909959],[2.214227093305681,41.4353560603339],[2.214152756244687,41.435297428133765],[2.214006178442389,41.435559175815285],[2.213868297983538,41.43549521962865],[2.214333764591572,41.43486524183743],[2.210550928282714,41.433677316554906],[2.210152010606805,41.433671229943286],[2.209342768254146,41.435205993162015],[2.208894940948767,41.436548291570375],[2.208957737009939,41.436753759678254],[2.207978860036349,41.44021609379769],[2.207699261711525,41.4409544174124],[2.207091623079918,41.44218364495924],[2.206439360987702,41.44318390691177],[2.205674634177001,41.44411534734536],[2.20579504800304,41.44436760538065],[2.209089028136134,41.44526097031752],[2.209902636697336,41.44460059634042],[2.210068128141586,41.44477953264931],[2.210456648755326,41.444939331385],[2.210893409902951,41.4455531699428],[2.210791684888363,41.44620335190314],[2.212508806336359,41.447554426795364],[2.212644067969336,41.447406118697415],[2.212710839933322,41.447574468187156],[2.213775101239946,41.44765823194183],[2.213911907908198,41.44745804465299],[2.213993346016082,41.44748225710049],[2.213849230557514,41.447668322335176],[2.214874458589406,41.447783094714055],[2.219026936943578,41.449581993314325],[2.219333618351811,41.449810760158414],[2.219393838754627,41.45007743432609],[2.219750698735766,41.45036335218691],[2.219386586621681,41.45061424055473],[2.219409009418257,41.45073382340718],[2.219769378553963,41.450463890096444],[2.219889895802055,41.45051553996018],[2.22116544023288,41.451563495658775],[2.221323638175363,41.45148082008376],[2.221212883068063,41.45139070261882],[2.221516478902345,41.45119100006457],[2.221613763964001,41.45112717607827]]]}},{"type":"Feature","properties":{"postal_code":"08916"},"geometry":{"type":"Polygon","coordinates":[[[2.246946919564664,41.48866316867026],[2.247261086030278,41.488406851994625],[2.247452532808154,41.48544406069482],[2.256656103796161,41.47531883659502],[2.255290252143425,41.47475668926978],[2.254415459106156,41.473405926442354],[2.252241838190287,41.47247403095173],[2.250449589177208,41.47326029202884],[2.249957556595973,41.474835804428835],[2.24768594914724,41.47534353467637],[2.242494491227774,41.47463650117356],[2.242218765383711,41.473851001822254],[2.244105146435345,41.470668171598845],[2.243556106728931,41.46996349971573],[2.242818178815867,41.46925201366946],[2.242320371687811,41.468556457314605],[2.24179457495967,41.468415842017464],[2.24113815170432,41.46746136185237],[2.24063133966456,41.46697411816098],[2.239097014415677,41.46605158731086],[2.239596711019374,41.465766027380255],[2.237344989379721,41.46349162393926],[2.237119739784134,41.463579897794034],[2.236293218757055,41.46289780429021],[2.23354159277028,41.4613654377647],[2.233899560716168,41.46245106606381],[2.23159968757551,41.46168873504706],[2.229352217930511,41.46137060436985],[2.22547887924685,41.46143492927854],[2.22391455621181,41.46163472716091],[2.220801347903887,41.46247522724991],[2.220547820925162,41.462602029859795],[2.221636337846689,41.463836592184975],[2.221602052093033,41.46518858528498],[2.211318573393442,41.47111995592121],[2.211513452883537,41.47131085860923],[2.21363369184138,41.471779978263385],[2.216896980810986,41.47544938667983],[2.217778418039529,41.47776974008144],[2.214904768440306,41.478961116961955],[2.212813073964185,41.47944444860241],[2.211929346162378,41.480365227573145],[2.213265296256395,41.481801217352256],[2.21531181778613,41.482977061142435],[2.21661790589161,41.48552846027019],[2.215673220242934,41.48702879923968],[2.217225039104278,41.488308631638006],[2.218379688571758,41.4882195223131],[2.223249754872256,41.49042018494356],[2.224856734550656,41.49222913166909],[2.225439357640255,41.49233205817791],[2.228764459712011,41.491989563967195],[2.231018285765288,41.49291044006475],[2.235131827072166,41.49210412680401],[2.236511110998947,41.491392693817716],[2.240577147417412,41.49163000601993],[2.242561178655478,41.49039682415406],[2.245662971868626,41.4904081906854],[2.246488991074045,41.488622242322606],[2.246681551212589,41.48863944635332],[2.246946919564664,41.48866316867026]]]}},{"type":"Feature","properties":{"postal_code":"08915"},"geometry":{"type":"Polygon","coordinates":[[[2.252057307198982,41.47255498972095],[2.252241838190287,41.47247403095173],[2.254415459106156,41.473405926442354],[2.255290252143425,41.47475668926978],[2.256656103796161,41.47531883659502],[2.260796170606795,41.47076296194109],[2.261444839907426,41.47064321811001],[2.26131237876325,41.4700359589923],[2.263997731010477,41.46713874265885],[2.264671971634186,41.465560445957806],[2.267972888238205,41.46391498428909],[2.268397670416164,41.46334661005801],[2.266705568107454,41.462589978045],[2.262020649733188,41.46077836572897],[2.260094361265772,41.46018174918834],[2.260292200424715,41.45969226798377],[2.260093801887422,41.459617641341026],[2.259884987402245,41.460115209249466],[2.257808872781254,41.459481966019894],[2.253854799259557,41.45851083940369],[2.252304373448055,41.45925611028122],[2.25064551727678,41.461010338656195],[2.249757701156966,41.460475563096736],[2.250055854294203,41.46001800962341],[2.252041219226896,41.458409916584344],[2.250889976391306,41.45807004119939],[2.249743083576448,41.457579316232454],[2.248153199110845,41.456724500735106],[2.245564493406619,41.45509248213233],[2.242846327595942,41.453785256384435],[2.242673576824075,41.45382630324127],[2.241221964921749,41.45749756965711],[2.240568066962737,41.458830789409376],[2.239093954022735,41.46113960990505],[2.237327026321225,41.46347348011699],[2.239596711019374,41.465766027380255],[2.239097014415677,41.46605158731086],[2.24063133966456,41.46697411816098],[2.24113815170432,41.46746136185237],[2.24179457495967,41.468415842017464],[2.242320371687811,41.468556457314605],[2.242818178815867,41.46925201366946],[2.243556106728931,41.46996349971573],[2.244105146435345,41.470668171598845],[2.242218765383711,41.473851001822254],[2.242494491227774,41.47463650117356],[2.24768594914724,41.47534353467637],[2.249957556595973,41.474835804428835],[2.250449589177208,41.47326029202884],[2.251751311074145,41.47268924141531],[2.252057307198982,41.47255498972095]]]}},{"type":"Feature","properties":{"postal_code":"08800"},"geometry":{"type":"Polygon","coordinates":[[[1.703811787583902,41.26700649865097],[1.705534620626224,41.26702607419395],[1.714205953042267,41.26911959339452],[1.715092898618366,41.26917324065249],[1.719946287890878,41.26796497900057],[1.723376985659343,41.26639298384913],[1.724014500668659,41.26629478597556],[1.724003823017995,41.26565703174657],[1.722707401725188,41.262899518797724],[1.730520800694364,41.25319490132364],[1.730054801687743,41.25160069561559],[1.729264166308212,41.25164022801408],[1.728078213238916,41.25353775436383],[1.725983026695303,41.25326103207095],[1.726536472180442,41.25112631492749],[1.728750068860563,41.24768733440294],[1.728693018567924,41.24755627440254],[1.72964529629337,41.24595286683132],[1.730556627886074,41.24614341878373],[1.730924501864251,41.245829053567945],[1.732703432817175,41.24484075889387],[1.73424517297633,41.24563139517272],[1.733731258990417,41.24709407143422],[1.734264063235912,41.24817805217532],[1.736092965018315,41.243747570893674],[1.739429337393972,41.237929283709434],[1.739643125130101,41.2359396667822],[1.741191168637499,41.23376836791584],[1.742412100837782,41.230530166433994],[1.74113619308082,41.22954737561088],[1.741237511601867,41.22765241412759],[1.744473998076558,41.22524261415532],[1.745085007367209,41.22428889121932],[1.751709855125682,41.218621431134125],[1.750680686264673,41.217918331265935],[1.749010629936606,41.217742557872725],[1.748336683391187,41.21848227004068],[1.746800603564964,41.218509156172615],[1.743548628966039,41.21822981325528],[1.741212051794719,41.217417398094426],[1.736883497875112,41.21428135420109],[1.738103616188937,41.210711126617184],[1.734633393216541,41.20988059731167],[1.733136263927406,41.20746621079695],[1.729697611655467,41.20575352390597],[1.729137744111597,41.205920077449605],[1.7336301464141,41.20852633522219],[1.734003855193748,41.21106858734538],[1.734629082765935,41.210646117324416],[1.737316005229445,41.21119378196744],[1.736693390187781,41.212811977990384],[1.73417301137539,41.2125838406717],[1.736656196026615,41.2134438182776],[1.736494383708816,41.21384722087254],[1.735751564383179,41.21363582533303],[1.736436464671101,41.21403809837949],[1.736039338444698,41.21497455343285],[1.735351017135713,41.214859415929254],[1.735519571670864,41.214382589085176],[1.735191240883069,41.21495604088858],[1.736014988400996,41.21512748314683],[1.735752555436079,41.21578826271815],[1.733642022861034,41.21545877720081],[1.734382117240898,41.213492483291475],[1.733294237938708,41.2154280896346],[1.731122674671667,41.215078569920024],[1.730596556885587,41.215558861851946],[1.7290319352756,41.21518993027104],[1.728643942563906,41.21428019587432],[1.729549216323278,41.214096646043345],[1.728055091669148,41.213555981723175],[1.729397205716452,41.21001739318814],[1.731177777932089,41.21023112966287],[1.729055680075589,41.20957000295323],[1.728054147380988,41.21221389735348],[1.722630283960427,41.212735126424946],[1.716600909704198,41.21211893973725],[1.712768205088594,41.210222150831555],[1.712449161599523,41.21060380871876],[1.710426049422608,41.209490905780626],[1.707162434898464,41.207382089112116],[1.702764286942283,41.20773375820636],[1.702449689701382,41.20799704103058],[1.697373638182853,41.20787255057775],[1.687650840913591,41.20428794823022],[1.683471780398349,41.20236204826989],[1.683417453252844,41.20177056775748],[1.683320948802759,41.201763248175325],[1.68280975976262,41.202442467445906],[1.680207175720568,41.20957146704956],[1.670471698909751,41.23823946887637],[1.668637161975425,41.245300438364495],[1.669226538973589,41.24637666425161],[1.670072139117906,41.24869173863283],[1.671229384028834,41.25003189575534],[1.670276764561038,41.2540660646971],[1.672048837284024,41.255490927164544],[1.675105679683384,41.25652587506903],[1.676880300185701,41.26031686103431],[1.679559340091487,41.26290897516907],[1.68269257360339,41.264835331085635],[1.690815447275043,41.27178783334182],[1.697360932560969,41.270358727872974],[1.698594145003767,41.2697500748061],[1.698876420610304,41.269360391368934],[1.699401166930272,41.269023799408785],[1.703101212550905,41.26720673630183],[1.703802898684842,41.267006940218096],[1.703811787583902,41.26700649865097]]]}},{"type":"Feature","properties":{"postal_code":"08298"},"geometry":{"type":"Polygon","coordinates":[[[1.802527817204975,41.6145503532162],[1.802535903908847,41.61446071598925],[1.797338675039782,41.608803944346505],[1.795323920262717,41.60970763529912],[1.793327371361102,41.610124230049166],[1.792119511706062,41.61049885703659],[1.791758040900845,41.61047792981259],[1.789946744246834,41.60999541655519],[1.789525508095721,41.60997699843972],[1.7878192693438,41.61058846368661],[1.787388051617256,41.610597450611806],[1.787231940101947,41.61091909494024],[1.787405384251088,41.61115493495225],[1.787401383167264,41.61142519741492],[1.786471902356425,41.61264347841376],[1.786475280210027,41.61317455236366],[1.785530510025012,41.61418636970518],[1.785456062347407,41.61447757018368],[1.785406393690096,41.616883592104045],[1.785021681705246,41.61800708365996],[1.785908290934856,41.619446650042846],[1.786687363730834,41.622187175697604],[1.786712065409461,41.62332959168731],[1.78700191420694,41.624325908314006],[1.786732168854485,41.62521951876573],[1.786955590128343,41.6262905735511],[1.787418240059708,41.627189604216824],[1.788329568954452,41.6281509668936],[1.788368155266141,41.62867155294981],[1.789034286702986,41.63004827470809],[1.789073569089908,41.630415786259505],[1.788773352008604,41.63186886225816],[1.788824623257767,41.6325599930492],[1.78834633231736,41.63436266520483],[1.788369589684805,41.63467683256977],[1.788520522903809,41.634931595216926],[1.788755978005952,41.63584012002548],[1.79051333961894,41.639143000748845],[1.790285434325313,41.63979176897493],[1.790044827007137,41.64010794812327],[1.789198689967577,41.64051244609249],[1.787851894049652,41.640316609723754],[1.787659762887756,41.640153576126636],[1.787406492215837,41.640137117633856],[1.78704024421188,41.64021541710781],[1.785570467802813,41.64014172396139],[1.785091214587851,41.64031479039522],[1.783333015706091,41.641693680418996],[1.782275451650776,41.64280921927002],[1.780199406277575,41.64378710069411],[1.779059960748555,41.64444687302472],[1.778305386384488,41.64576581693888],[1.777891198220232,41.64714259535447],[1.777978306553621,41.648480505970554],[1.779907117619359,41.65345104812735],[1.780480918359672,41.653094000187934],[1.782915037798773,41.653055504707766],[1.784400949843928,41.65237225917241],[1.785352401092439,41.65257563455788],[1.786049847822198,41.6525915489608],[1.786698062965229,41.6524294218803],[1.787793152132281,41.65262681677416],[1.788643613112242,41.65308648095629],[1.7890499088262,41.65354665685271],[1.790002835862197,41.65425414900977],[1.790578008967941,41.654401191761565],[1.791565350360599,41.65444093640008],[1.792548255397662,41.65539025175866],[1.794793940787713,41.65652981869613],[1.797566109088677,41.657161112195524],[1.797868066358149,41.65734654700549],[1.798289757566238,41.657851111639445],[1.799090362829986,41.657961666197934],[1.800093901012701,41.65837883831273],[1.800483614127472,41.65861458569458],[1.800755664442363,41.65888230487445],[1.80078230056273,41.65907926089915],[1.801018426559153,41.65918642681214],[1.803900891313049,41.65920071074419],[1.804741993947857,41.6590484276428],[1.805581648674149,41.65871612634811],[1.806386852171499,41.6587273849608],[1.807446901952972,41.65909707826751],[1.808275442857394,41.6590983589021],[1.809522051601391,41.65891102202602],[1.811594087796891,41.65787869204797],[1.814069673176846,41.65807189160449],[1.815057859032947,41.65828247505618],[1.816990285373379,41.65747201232347],[1.81573439292788,41.65657044467025],[1.815363565576092,41.65578468181758],[1.814790267556816,41.65550263463888],[1.814547956023318,41.65499062181971],[1.813325487781015,41.65421363275294],[1.812191880650744,41.65301876110692],[1.812248804139017,41.65249420004727],[1.812374325214932,41.65224582978118],[1.813126564939012,41.651547993644954],[1.812571396352837,41.651508257999694],[1.811527692648895,41.65167813543758],[1.811070284865764,41.651661299229545],[1.810225741424802,41.65128257762882],[1.809879181379131,41.65098199272478],[1.809666804679296,41.65038768564318],[1.809385476058878,41.65015640879119],[1.807012869348455,41.64908545562923],[1.806639892616943,41.64907410078911],[1.806074248727612,41.64937690701862],[1.805536827362687,41.65038081392339],[1.80502572195951,41.65077140387717],[1.804648147893715,41.65085921368177],[1.804079690025674,41.65080201410166],[1.803656555405723,41.65011749332763],[1.803639848700072,41.64989312506765],[1.804002518301559,41.649121594885685],[1.804871397397051,41.648860138584496],[1.8052575024318,41.64856484619065],[1.805320565591614,41.64828306880855],[1.805271217992299,41.64794300186804],[1.804307550353144,41.64709205975072],[1.8033405165516,41.64603416744285],[1.80284089818889,41.64512774255127],[1.803262318701059,41.64498405427065],[1.803223030018785,41.64477859335739],[1.803057445944376,41.64465048313326],[1.803438967134639,41.64445440394758],[1.803563775947509,41.64403503388968],[1.804041642407867,41.64368187641742],[1.804141182969204,41.643245530756644],[1.803821929938124,41.642826750654024],[1.803982104590432,41.642721020059014],[1.804726649715121,41.64272581704279],[1.804854854368045,41.64251339177957],[1.804641869726481,41.641910065397155],[1.805003926889697,41.64129166188064],[1.80495521241312,41.64079851773738],[1.804817536999735,41.64056120823312],[1.80426234593051,41.64035935090328],[1.804249653798479,41.64018885832911],[1.804609073250106,41.63969661530655],[1.804358320679967,41.63922994000973],[1.804396682161155,41.63877814219751],[1.804153881396473,41.63825712086941],[1.803916647435301,41.636682445738245],[1.80367388084494,41.63632346695442],[1.803577262180909,41.6356702722652],[1.803297866203536,41.63514177037638],[1.803233969372172,41.63476629712687],[1.803327367563952,41.6339250676877],[1.803436970639666,41.633785429054285],[1.803349757085584,41.63341995087001],[1.803646759090668,41.63305635496681],[1.803612070440693,41.632751717717554],[1.803950844156134,41.63214325170969],[1.804026290081197,41.63138383269768],[1.804599626771335,41.63070253059726],[1.80454091992749,41.63007478132607],[1.804617912686524,41.62981941703242],[1.804838454331218,41.62955809293163],[1.804827791968989,41.629414516166946],[1.80321187572747,41.62882495930438],[1.803201157607305,41.62851935258601],[1.802676326751055,41.62727177437284],[1.802590362355318,41.62660013368918],[1.802831848311143,41.625329522039806],[1.802414704075318,41.62407752006146],[1.802621084995053,41.623141520065076],[1.802527970989047,41.62285730911748],[1.801965552068566,41.62223260225278],[1.801553182333464,41.621205459564294],[1.80148923963668,41.62083001059648],[1.801744130886902,41.61973889913088],[1.801709115783069,41.618461869919315],[1.801424335564604,41.61721333842479],[1.801384214110158,41.61635066734942],[1.800876292307009,41.61548958627537],[1.800652064341307,41.614571616786634],[1.800704968759305,41.61366909585206],[1.801143024930639,41.613392163117794],[1.802527817204975,41.6145503532162]]]}},{"type":"Feature","properties":{"postal_code":"08120"},"geometry":{"type":"Polygon","coordinates":[[[2.191319731220631,41.51116138598917],[2.189269946950503,41.51420857596497],[2.189038025284617,41.51565953855686],[2.190245256313517,41.51577648729506],[2.196067183054026,41.51681827724167],[2.198091487731972,41.51578119884323],[2.201943989123777,41.51929772880709],[2.20320742418329,41.523246666300565],[2.206402174920413,41.52811799165198],[2.207701441668178,41.527293725225206],[2.207154568428564,41.52645201105145],[2.213748337415836,41.52456845566968],[2.215453570725685,41.52388900527336],[2.211129724756972,41.51361386868507],[2.207991965856536,41.50825540306437],[2.203946078748515,41.50351644173037],[2.203576952914034,41.5036851212713],[2.202302259241833,41.50213086614656],[2.200378852202277,41.500850784635986],[2.199303329585007,41.50266359215101],[2.193571834172815,41.50781303464379],[2.192334519022836,41.50965267702941],[2.191319731220631,41.51116138598917]]]}},{"type":"Feature","properties":{"postal_code":"08960"},"geometry":{"type":"Polygon","coordinates":[[[2.064986778816774,41.379499540371455],[2.061174039150558,41.379564957956404],[2.061095163211178,41.37916330544215],[2.059182086683961,41.37931239774895],[2.05843598663148,41.377859728243834],[2.052637212937043,41.37861045081161],[2.052175581937547,41.37930549994883],[2.054468541989593,41.37961626427915],[2.056262831564425,41.38018489841431],[2.055605249082987,41.38115900538378],[2.05605158261443,41.38133119138138],[2.055963452651213,41.38147082102154],[2.056791725557673,41.38190834029763],[2.057963088026099,41.38244231815844],[2.058500871817785,41.382554355698915],[2.058686216695548,41.38286662819229],[2.059065549835225,41.383023907927],[2.057427741397134,41.38489555988218],[2.05749089089187,41.38500407028158],[2.057376330753073,41.38555016470832],[2.057683766692492,41.38572878265717],[2.05788005991684,41.386056467731805],[2.057651556574058,41.38662688971914],[2.057786096051473,41.38715099841983],[2.057325482185263,41.38764397708786],[2.057275961916105,41.38822817938694],[2.059289773304386,41.389771434903764],[2.059593467164746,41.38959648259157],[2.060713099729753,41.39038920259958],[2.059472361760072,41.39288328703407],[2.063595003306773,41.39454706879218],[2.065373398263716,41.39665750963633],[2.069819314609674,41.39693940213169],[2.076405493318873,41.400131355977294],[2.07783292425006,41.40297201214861],[2.078646161391248,41.40345273665446],[2.079828083699113,41.404498795682855],[2.080033504142875,41.40480615607919],[2.080122422811542,41.405175358356075],[2.080093838759637,41.40596372834335],[2.080456763768609,41.40616300911557],[2.080615357412796,41.40635865033141],[2.082234950982183,41.40717028488069],[2.082165938807009,41.40729728264347],[2.082290831256842,41.4074841923416],[2.082776514624413,41.40795914319989],[2.084672942901989,41.40946031943815],[2.085217167638177,41.409648442321725],[2.086020121031765,41.40963401629676],[2.086560284429595,41.40940544370625],[2.087128289039299,41.40898072358152],[2.088329177149774,41.40858833138634],[2.091122805972702,41.40814575432307],[2.092131437915498,41.4082316395785],[2.095130693126976,41.40779765104077],[2.095841304132875,41.40794698076854],[2.096306554004229,41.40823913542772],[2.096857862700176,41.408977424868226],[2.097002578905858,41.40905445719744],[2.097437427195473,41.40911455799045],[2.098458422118483,41.40889274740232],[2.099808341381845,41.408416363024685],[2.10022323011799,41.40836291002023],[2.100504769179736,41.407838700595505],[2.10097721003018,41.40727036503529],[2.101050773674274,41.40666257172029],[2.101305005721429,41.406362879843016],[2.101378864343076,41.405392621072565],[2.101596890584005,41.404987364075566],[2.102361654266929,41.40481616913087],[2.103130172619387,41.40446782572957],[2.103458605929916,41.40374429326448],[2.103412171234709,41.40322181233677],[2.102920367980573,41.40231802155944],[2.102557299080104,41.401103059958245],[2.102187351265229,41.40112918706234],[2.102219044273454,41.40066008989123],[2.101803644722395,41.39992273934291],[2.101801277706784,41.39959122135775],[2.101132284627226,41.399018938673066],[2.100148061184086,41.39855642903592],[2.100091207842979,41.397965425164216],[2.099731544675024,41.39733681973843],[2.099636740842925,41.396984357442136],[2.099404786801472,41.39658579499843],[2.099011554639503,41.396255797766855],[2.098645187925058,41.3957380661588],[2.098664092573813,41.395372782228094],[2.098116700425351,41.39491106579305],[2.09793858160026,41.39444309367383],[2.09757504775024,41.39403685281849],[2.097439117920942,41.39419337982059],[2.095804224185599,41.39438136690654],[2.092356254937215,41.39325716038962],[2.089694514390317,41.390252242147255],[2.088076350742995,41.38980306226148],[2.086989675632992,41.389709735116185],[2.085678492868112,41.389216524423034],[2.08475176937867,41.38864854679298],[2.08415764665807,41.38808868914168],[2.083827160195256,41.38774988125198],[2.083865304040557,41.38760984691686],[2.083729043260746,41.38757651804184],[2.083789740304269,41.38736947342244],[2.083308271159751,41.38724727983805],[2.083369361207019,41.38656552987527],[2.083217908179904,41.38564302330684],[2.083269776578902,41.38536521643158],[2.083170086730092,41.38492629511239],[2.082608461910979,41.384183296821675],[2.08282901524683,41.383966329982115],[2.082418774207042,41.382929348710434],[2.081565751957896,41.38308270830032],[2.081389884135831,41.38157212875069],[2.080616042696192,41.38137956681351],[2.079834712601894,41.3809724284348],[2.07984245396608,41.38054912204433],[2.080304109247209,41.378760355206225],[2.080136731924654,41.378220287136514],[2.079606518625951,41.37741647219241],[2.07842148196579,41.37685096230206],[2.077976941682493,41.37639615805625],[2.076313893771157,41.37566230407208],[2.075978613921905,41.37497226415866],[2.076412644727782,41.37420603278218],[2.07580085122828,41.374169321556906],[2.075815585720704,41.374097095204775],[2.074944647177688,41.373320188875596],[2.073051033778199,41.374708178239814],[2.07298072567994,41.37491761505589],[2.072474289556794,41.37532952343872],[2.070529189970102,41.37567716536887],[2.068454848812223,41.37665114913119],[2.06764732866128,41.37678775075409],[2.067065854905252,41.377053009388874],[2.066674904323349,41.377346300791146],[2.066031076972592,41.37810761377534],[2.065018828855841,41.3788306237343],[2.065044812068436,41.37909774216706],[2.064688702121884,41.3793009547752],[2.064938540980847,41.37946737072258],[2.064986778816774,41.379499540371455]]]}},{"type":"Feature","properties":{"postal_code":"08912"},"geometry":{"type":"Polygon","coordinates":[[[2.230800856674193,41.442194283939045],[2.232152376730767,41.44369504738853],[2.232217447177447,41.44389025603044],[2.234486744267826,41.44632222698914],[2.235657994320945,41.44731453623683],[2.235480868347395,41.4475437581379],[2.23664962278184,41.44863168510415],[2.238622722760454,41.448439544949],[2.238631789725332,41.44855195840614],[2.23678679097759,41.448738270954436],[2.239301593993332,41.45091014358826],[2.239807089425653,41.450872929641946],[2.239937775308078,41.45097000965819],[2.239737729212834,41.451282756993635],[2.24153929879958,41.45284974741787],[2.242876712989926,41.45363396703391],[2.245643920630414,41.449275936934896],[2.246675459205051,41.44800032685356],[2.247233695378725,41.44748947415991],[2.248939988989264,41.4461739863404],[2.24945357202472,41.445878780281475],[2.250525209570753,41.446917865966725],[2.250752765028096,41.44685188270819],[2.24687179469754,41.44321926735529],[2.247595151794826,41.44253556316568],[2.247906930560362,41.44237457462691],[2.245616941868377,41.43978502715726],[2.245116142695792,41.43892830419787],[2.243860565912371,41.439556176676206],[2.239710549901929,41.43465956598618],[2.238465345898987,41.43530592133118],[2.239514420354226,41.43647697982874],[2.233681438247743,41.43992765064053],[2.234046869667281,41.44020207156831],[2.234634941749164,41.4411395032854],[2.234464274706511,41.441241920778],[2.233554982776241,41.44051925885668],[2.232145948376797,41.441336745294564],[2.233516143755025,41.44204053044609],[2.233324452361558,41.44223841187318],[2.232039474941814,41.44154873528589],[2.230800856674193,41.442194283939045]]]}},{"type":"Feature","properties":{"postal_code":"08917"},"geometry":{"type":"Polygon","coordinates":[[[2.237344989379721,41.46349162393926],[2.239093954022735,41.46113960990505],[2.240568066962737,41.458830789409376],[2.241221964921749,41.45749756965711],[2.242673576824075,41.45382630324127],[2.242846327595942,41.453785256384435],[2.242876712989926,41.45363396703391],[2.24153929879958,41.45284974741787],[2.239737729212834,41.451282756993635],[2.239937775308078,41.45097000965819],[2.239807089425653,41.450872929641946],[2.239301593993332,41.45091014358826],[2.23678679097759,41.448738270954436],[2.238631789725332,41.44855195840614],[2.238622722760454,41.448439544949],[2.23664962278184,41.44863168510415],[2.230183550330594,41.44251601460235],[2.227848320343696,41.443989801987755],[2.227291600427009,41.444611166971754],[2.226678475930896,41.44616888628508],[2.225921188312157,41.446774520327835],[2.226142640070748,41.447093295818945],[2.22537454080242,41.447357689305875],[2.225869775869455,41.448058709941506],[2.225663670142239,41.44805728991196],[2.225229725671284,41.447565591878515],[2.224908355636103,41.4478447387437],[2.224884414783901,41.448036074005586],[2.224688974116873,41.4483022193719],[2.224044718688788,41.448123223707796],[2.223548523145837,41.448489918674795],[2.223477322020756,41.44844575476776],[2.223863492706016,41.44806981027352],[2.223373872106492,41.44793378871333],[2.223295461116606,41.44815440500179],[2.222864397174192,41.44804508071587],[2.222595291239713,41.44850125193119],[2.222506920258127,41.44835569575872],[2.222603811416775,41.448132428268934],[2.222062906977555,41.44790537373399],[2.221243024745775,41.44791193608694],[2.221326409885876,41.44801776021143],[2.221209553777896,41.44825589439398],[2.220147812371636,41.4493012285688],[2.221997046926163,41.45087574182202],[2.221794411682765,41.45100866162039],[2.22188121694461,41.45110373255119],[2.221712381820964,41.45121460996626],[2.221613763964001,41.45112717607827],[2.221212883068063,41.45139070261882],[2.221323638175363,41.45148082008376],[2.22116544023288,41.451563495658775],[2.221074069113001,41.45148320688446],[2.217937653799652,41.45360951626611],[2.218691511404131,41.45426783978894],[2.218581553995534,41.454377352033134],[2.219603913190042,41.455291826756365],[2.216024143799189,41.45763249944025],[2.217537603877304,41.45835945562436],[2.218107686820304,41.46029936072688],[2.218238530084079,41.46043421856433],[2.218564216865104,41.46067351377161],[2.22024916326825,41.460616832201026],[2.220333836237558,41.46129457568412],[2.220661078845694,41.461488787877215],[2.220346117379393,41.46237326391497],[2.220547820925162,41.462602029859795],[2.22391455621181,41.46163472716091],[2.22547887924685,41.46143492927854],[2.229352217930511,41.46137060436985],[2.23159968757551,41.46168873504706],[2.233899560716168,41.46245106606381],[2.23354159277028,41.4613654377647],[2.236293218757055,41.46289780429021],[2.237119739784134,41.463579897794034],[2.237344989379721,41.46349162393926]]]}},{"type":"Feature","properties":{"postal_code":"08918"},"geometry":{"type":"Polygon","coordinates":[[[2.245116142695792,41.43892830419787],[2.24056479702773,41.43113977418119],[2.23995450359746,41.43113947740494],[2.237103957581553,41.425896086335285],[2.235962324901379,41.42680385661265],[2.233454997949764,41.42916318123582],[2.231270186769677,41.430935669445546],[2.228342191139177,41.43025718132384],[2.228153643775613,41.43041734968091],[2.226562830310343,41.42984484306504],[2.226248112560313,41.429771910745046],[2.226091192554463,41.42993419700554],[2.224283661361881,41.42929939794885],[2.222153648572032,41.432402782962015],[2.220378471389324,41.43163194795602],[2.219292871868504,41.43289593699785],[2.217713051715975,41.432586536039764],[2.21689219102177,41.43326538928625],[2.217192304681078,41.433549852943315],[2.225391981354846,41.43791934580116],[2.225898370713253,41.43840961930846],[2.226950436313587,41.43872805755382],[2.233422295002924,41.442164066718306],[2.233516143755025,41.44204053044609],[2.232145948376797,41.441336745294564],[2.233554982776241,41.44051925885668],[2.234464274706511,41.441241920778],[2.234634941749164,41.4411395032854],[2.234046869667281,41.44020207156831],[2.233681438247743,41.43992765064053],[2.239514420354226,41.43647697982874],[2.238465345898987,41.43530592133118],[2.239710549901929,41.43465956598618],[2.243860565912371,41.439556176676206],[2.244955978835321,41.43904922344291],[2.245116142695792,41.43892830419787]]]}},{"type":"Feature","properties":{"postal_code":"08913"},"geometry":{"type":"Polygon","coordinates":[[[2.22195639936831,41.43809373333909],[2.221613423120971,41.43799153168379],[2.221567953398335,41.437885836162366],[2.221650200896022,41.43778972021937],[2.223591265224684,41.43819678215573],[2.224184160370669,41.43738134887013],[2.223928555058762,41.437324616038154],[2.223537851790411,41.437011786864446],[2.223383487657827,41.43702456173412],[2.222688502372478,41.43664197574657],[2.222595795759332,41.43650559086029],[2.222652786696756,41.436436060675646],[2.217192304681078,41.433549852943315],[2.21689219102177,41.43326538928625],[2.215944777729305,41.43405917319228],[2.215793136743855,41.43395710103937],[2.214344605918825,41.434853797065045],[2.213941427255065,41.43536493124657],[2.213868297983538,41.43549521962865],[2.214006178442389,41.435559175815285],[2.214152756244687,41.435297428133765],[2.214227093305681,41.4353560603339],[2.213888914941435,41.43575286909959],[2.213733643392914,41.43573512367698],[2.213244279100195,41.43648444959763],[2.212727463002011,41.439185541779295],[2.212923047560594,41.43948432803927],[2.212930412108847,41.43995871592199],[2.214196611684258,41.44164007133219],[2.21630190211107,41.443296439978724],[2.217109942070181,41.44409493183559],[2.217215572840416,41.44383767356976],[2.217608426387756,41.44367233770822],[2.218800157601208,41.44435569475951],[2.220204844677824,41.44230355066833],[2.221938382350459,41.44019693643946],[2.220543602205453,41.43882963867685],[2.220761185979939,41.43872072897841],[2.221519565375615,41.43944666173405],[2.222260204744657,41.43982090920758],[2.222554771385603,41.439465964782414],[2.221841907577982,41.439133227316574],[2.222041547179629,41.43812937976702],[2.22195639936831,41.43809373333909]]]}},{"type":"Feature","properties":{"postal_code":"08914"},"geometry":{"type":"Polygon","coordinates":[[[2.222629376444559,41.448443471389055],[2.222864397174192,41.44804508071587],[2.223295461116606,41.44815440500179],[2.223373872106492,41.44793378871333],[2.223863492706016,41.44806981027352],[2.223477322020756,41.44844575476776],[2.223548523145837,41.448489918674795],[2.224044718688788,41.448123223707796],[2.224688974116873,41.4483022193719],[2.224884414783901,41.448036074005586],[2.224908355636103,41.4478447387437],[2.225229725671284,41.447565591878515],[2.225663670142239,41.44805728991196],[2.225869775869455,41.448058709941506],[2.22537454080242,41.447357689305875],[2.226142640070748,41.447093295818945],[2.225921188312157,41.446774520327835],[2.226678475930896,41.44616888628508],[2.227291600427009,41.444611166971754],[2.227848320343696,41.443989801987755],[2.230183550330594,41.44251601460235],[2.235480868347395,41.4475437581379],[2.235657994320945,41.44731453623683],[2.234486744267826,41.44632222698914],[2.232217447177447,41.44389025603044],[2.232152376730767,41.44369504738853],[2.230800856674193,41.442194283939045],[2.232039474941814,41.44154873528589],[2.233324452361558,41.44223841187318],[2.233422295002924,41.442164066718306],[2.226950436313587,41.43872805755382],[2.225898370713253,41.43840961930846],[2.225391981354846,41.43791934580116],[2.222652786696756,41.436436060675646],[2.222595795759332,41.43650559086029],[2.222688502372478,41.43664197574657],[2.223383487657827,41.43702456173412],[2.223537851790411,41.437011786864446],[2.223645025797282,41.437168527905214],[2.224184160370669,41.43738134887013],[2.224179334608607,41.43746266377087],[2.223591265224684,41.43819678215573],[2.221650200896022,41.43778972021937],[2.221567953398335,41.437885836162366],[2.221613423120971,41.43799153168379],[2.222041547179629,41.43812937976702],[2.221841907577982,41.439133227316574],[2.222554771385603,41.439465964782414],[2.222260204744657,41.43982090920758],[2.221519565375615,41.43944666173405],[2.220761185979939,41.43872072897841],[2.220543602205453,41.43882963867685],[2.221938382350459,41.44019693643946],[2.220204844677824,41.44230355066833],[2.218800157601208,41.44435569475951],[2.217608426387756,41.44367233770822],[2.217215572840416,41.44383767356976],[2.217109942070181,41.44409493183559],[2.217459529233849,41.44453586044159],[2.218291035203094,41.44513584224529],[2.218932189768736,41.44599184664639],[2.219722020255006,41.44667976415974],[2.220666877674262,41.447333174686264],[2.221243024745775,41.44791193608694],[2.222062906977555,41.44790537373399],[2.222603811416775,41.448132428268934],[2.222506920258127,41.44835569575872],[2.222595291239713,41.44850125193119],[2.222629376444559,41.448443471389055]]]}},{"type":"Feature","properties":{"postal_code":"08186"},"geometry":{"type":"Polygon","coordinates":[[[2.219916936617324,41.60451220597349],[2.217232201305023,41.60353734986876],[2.217001635816814,41.60226756469632],[2.215132940832518,41.601456550679245],[2.216298262554744,41.59991618468416],[2.217404228122632,41.59732392575853],[2.214385917176344,41.59669932141651],[2.213128241375216,41.595680832004746],[2.212068938930372,41.586950623672294],[2.210881407550914,41.58483782480573],[2.211264996282523,41.58452200628551],[2.210831953831587,41.584208429775174],[2.211532895326854,41.583348782220526],[2.211350955282342,41.58302452356287],[2.210144831318871,41.58337756412328],[2.209500660427125,41.584008891796884],[2.20881840324671,41.584473147917436],[2.206595273752896,41.58337564407071],[2.20585859230016,41.58270852158097],[2.20587067379256,41.5810791011196],[2.206789267410727,41.57998235090474],[2.203408787785293,41.57969413887338],[2.201807034966691,41.58049830275445],[2.201342610672953,41.580536262238695],[2.20067142324757,41.58172864456128],[2.198513369596299,41.5833738769029],[2.197929959599946,41.58432032162551],[2.19823190877554,41.58539531274346],[2.195309016797694,41.589902720234306],[2.195509733787162,41.59075736486045],[2.192049212701022,41.59320986824082],[2.192269623044638,41.59430835684515],[2.191205159390563,41.59613741960618],[2.190751310224755,41.59735652708201],[2.188845654003728,41.59826993071272],[2.188387413448368,41.60137133002286],[2.18912938471334,41.60344496431361],[2.185556967280206,41.61212278713691],[2.19097051637624,41.61186932401006],[2.191916443988703,41.61423757620315],[2.19676694194078,41.61413592673159],[2.197645573284547,41.61521299438414],[2.199028821422985,41.61525720865325],[2.199623471146253,41.617427406749414],[2.199108245948764,41.61847770068533],[2.199834051899984,41.620785503148454],[2.198407748718637,41.62809745363455],[2.203791171425394,41.62938366312551],[2.204496650000408,41.62861169137642],[2.206466141898943,41.62922557490032],[2.2123831620533,41.63324979913892],[2.214817348941494,41.63426438729164],[2.215197842206635,41.635560922798334],[2.217194049365901,41.634868033832674],[2.219567050878709,41.63498501134916],[2.222290608125036,41.63467240430799],[2.224452373278382,41.63529406516892],[2.228114057417827,41.634423750755445],[2.231231515921706,41.63187043157512],[2.239958393165296,41.63087527687253],[2.244578568446173,41.631178757593545],[2.246367848797149,41.63192397001518],[2.253182824028102,41.63088309737702],[2.253746582039128,41.625877605766846],[2.250948167923582,41.61890498837448],[2.25347442920156,41.61811400585668],[2.262115635228383,41.61668222940136],[2.265843762179884,41.61488844164825],[2.265331295203111,41.61403907514318],[2.267885098218699,41.60813471744325],[2.266469696619197,41.606821206333564],[2.263217401861596,41.599146714848985],[2.262217982573816,41.598357066025756],[2.261872799390176,41.59633598002142],[2.253495934689624,41.59596634337203],[2.2425832731995,41.598345389228314],[2.241106305811343,41.60127691829513],[2.240315661438615,41.60143964522342],[2.237307021801598,41.60035469861043],[2.236322374777785,41.601273628575086],[2.235590162955646,41.601289284872564],[2.234622224436123,41.60273088462259],[2.230273204644675,41.603826613207616],[2.228948882784721,41.603680022814785],[2.227336167230305,41.605905485150004],[2.224489939758882,41.60670859322698],[2.223875215368878,41.605782904857165],[2.221509804134143,41.604413612398275],[2.221125942008598,41.60382626966657],[2.219942551107863,41.60449743191094],[2.219916936617324,41.60451220597349]]]}},{"type":"Feature","properties":{"postal_code":"08130"},"geometry":{"type":"Polygon","coordinates":[[[2.189766136198216,41.5570146820819],[2.19416912880223,41.549306357202624],[2.193927168903713,41.5468864938166],[2.195638496919059,41.54552042902458],[2.198352292024651,41.54486393292416],[2.199423893597782,41.54119877920027],[2.200359282055217,41.54040884978855],[2.200473040898089,41.54015426071055],[2.200801493094446,41.538570922410145],[2.200655128431436,41.53805041729288],[2.200265498953627,41.53737867498586],[2.200438294691537,41.536862318441194],[2.200705723390399,41.536403735244164],[2.202539898797284,41.5342739014194],[2.203274006390245,41.532155512366955],[2.20422592258825,41.53129125218953],[2.204211994787727,41.530913482970846],[2.20402431257196,41.53067539285507],[2.20453351590902,41.529977159218504],[2.2047155782613,41.529946897031664],[2.205332845934095,41.5303337547989],[2.206084028954763,41.53012150400417],[2.206414651215198,41.530356864677515],[2.207908045619774,41.52940847112404],[2.206402174920413,41.52811799165198],[2.20320742418329,41.523246666300565],[2.201943989123777,41.51929772880709],[2.198091487731972,41.51578119884323],[2.196067183054026,41.51681827724167],[2.190245256313517,41.51577648729506],[2.189038025284617,41.51565953855686],[2.188525239947865,41.51627917234589],[2.186443548630848,41.51705702386255],[2.181575793587967,41.51760061187872],[2.174989044708639,41.52077059168943],[2.174287283930994,41.52008201497301],[2.174225035556958,41.517662454658534],[2.172074216951557,41.517272755932936],[2.170918341708102,41.51510229343609],[2.168679154819131,41.515104779162186],[2.16628426560635,41.51572477897537],[2.164174317590664,41.515693196583754],[2.162657085755882,41.51619476917324],[2.161048955844649,41.51601394698605],[2.160394030859834,41.51841154225883],[2.160133967608488,41.518809906851686],[2.159669876963221,41.519192134909076],[2.158533642913255,41.519753988156026],[2.157820305162943,41.519810998878484],[2.157473881814155,41.52000032325628],[2.156940820362536,41.520026230925794],[2.15655140762135,41.51988738819239],[2.155457982200119,41.51979560788095],[2.154076505726152,41.519911875832406],[2.153072358702389,41.51933521884524],[2.15273797457786,41.52040244431731],[2.15159085783182,41.52135937873231],[2.151326755725165,41.52172508984103],[2.150965479173522,41.52188105656546],[2.151018784689143,41.52201635776868],[2.150929589029317,41.52213836519337],[2.14978285179717,41.52286754000494],[2.149739598903352,41.52487826671859],[2.148377749233703,41.525831257606455],[2.145921064905224,41.52793064218537],[2.144083517040656,41.528930249431426],[2.142335138755641,41.528648570974724],[2.140569567231751,41.52934107682921],[2.139536459340093,41.5309713048818],[2.138511773599475,41.531647437679055],[2.13784541733213,41.53306431686468],[2.139593835187327,41.534713386613475],[2.140287390550611,41.53741133026864],[2.144217196766192,41.538458920842515],[2.145424774034097,41.53826969988671],[2.145630376140957,41.53905386194617],[2.144991346673294,41.539152895289874],[2.144908287087787,41.53992187139721],[2.146220444717756,41.540141493934755],[2.145915906393952,41.54098513265774],[2.147218686792939,41.54109827816296],[2.147395771397726,41.54151231793912],[2.148379383301915,41.54137814808303],[2.149649982360813,41.54047424129317],[2.150158264792083,41.540991590689316],[2.156105994995642,41.539688954181884],[2.158230536310214,41.536720936022334],[2.16896875090714,41.54124522918397],[2.168562393139894,41.54396445259738],[2.167496013030586,41.54501968560999],[2.169435982884295,41.54634461990827],[2.16972139802408,41.54797195933844],[2.173529845226142,41.547791736099725],[2.174124594774241,41.55538083965399],[2.179554301090093,41.55597125087252],[2.17987885382604,41.555534619227274],[2.183156924952129,41.55726019969842],[2.186441916361332,41.557272041971146],[2.186466300579298,41.556829203205154],[2.189765641571114,41.557014649706275],[2.189766136198216,41.5570146820819]]]}},{"type":"Feature","properties":{"postal_code":"08840"},"geometry":{"type":"Polygon","coordinates":[[[2.013710265016698,41.30422517804948],[2.01303823132929,41.304664233367646],[2.012653588592229,41.305036967282206],[2.012078905616988,41.305663819029974],[2.012157949729612,41.305714616336445],[2.011886642254751,41.30606830710667],[2.011065571119218,41.30656860355816],[2.007678867285904,41.30637120776498],[2.006697952448519,41.30666781226972],[2.006132663791391,41.30714677320498],[2.003799327776733,41.3096686071205],[2.003875548917449,41.309698564437156],[2.003515222949147,41.310093130293694],[2.003282651073505,41.31052482825817],[2.002379654397544,41.31132210333237],[2.00200539433348,41.3114400107479],[2.002027282932772,41.31167392711001],[1.993488978233756,41.31261237326237],[1.993101510726149,41.31316942143161],[1.988101683046239,41.31415214030898],[1.988534862194115,41.31513208657651],[1.989197374759044,41.31739065475489],[1.990380681123497,41.31896820501862],[1.989051918411292,41.32064715114507],[1.988964473731471,41.321065099374835],[1.989107758216448,41.321220889832205],[1.989616388685363,41.32146889767148],[1.993070374398258,41.322281982827235],[1.994734307242481,41.32295682329874],[1.997427681442332,41.323037628283885],[1.997734887155332,41.32315027466541],[2.001182422930469,41.325746014866695],[2.002050809197499,41.32616733285613],[2.004033310688726,41.32647702879183],[2.004222317605866,41.32660325673487],[2.007986731302594,41.33083312804638],[2.008981598222192,41.333364584707795],[2.009231568382177,41.33444306789323],[2.009395379892851,41.33626359878605],[2.009614437656182,41.33693829176872],[2.009813011561221,41.33719069459488],[2.010465223291419,41.33759439936199],[2.011066986652111,41.33780329028957],[2.01294165223544,41.337800169642094],[2.015777032084372,41.337074175732596],[2.019553258376163,41.33336962270988],[2.021462197122673,41.33226197001386],[2.026071498700674,41.328101359090454],[2.025746983736326,41.32788981336415],[2.02918670170493,41.32482049826734],[2.02941237488119,41.32442821668883],[2.030022222247737,41.323763211203186],[2.03051996282602,41.324085301595346],[2.030900883269112,41.32374137836189],[2.030432790640759,41.32339396396026],[2.030547625072813,41.32329025234327],[2.031243535760552,41.32273131739635],[2.031669487956492,41.32304740391453],[2.031785353011628,41.32294277678767],[2.031371021855136,41.3226355836652],[2.03232794817626,41.32192330171898],[2.033906859114268,41.32092515227396],[2.033966783640153,41.32097302138783],[2.044026411189918,41.311887556565466],[2.043506466350323,41.311496829015425],[2.045821186398598,41.30930464968981],[2.047099450379335,41.3090064821634],[2.049034312083847,41.306392106210694],[2.048790007652713,41.30539281282802],[2.050445782746692,41.30457435961898],[2.052408018914946,41.29876263119047],[2.053721187382905,41.2989186087068],[2.054355945970144,41.2975514530371],[2.055905074959242,41.29767171397839],[2.058874249646919,41.291624196799205],[2.066354875177353,41.28833436164143],[2.070198852794817,41.28527233285183],[2.070585757326853,41.2818003777852],[2.074483616925363,41.27727846692767],[2.071826176936497,41.27671232301526],[2.066081740280083,41.27528082355116],[2.066060540561466,41.27485130014736],[2.064653533233979,41.2751750659765],[2.04616685341756,41.27068612426518],[2.022658812554141,41.2928830354237],[2.023816231933552,41.293659541554575],[2.02417055222918,41.29546433611023],[2.020400547447309,41.29999583913667],[2.020034493696926,41.29974043976944],[2.018652283376184,41.3009766640418],[2.016896438020183,41.302343075972146],[2.013958262064136,41.30406039886827],[2.013710265016698,41.30422517804948]]]}},{"type":"Feature","properties":{"postal_code":"08348"},"geometry":{"type":"Polygon","coordinates":[[[2.365824126182474,41.52079071491954],[2.364959758086343,41.521015341284965],[2.362368525287195,41.52269415790903],[2.360396732922879,41.52477532222332],[2.345316611272608,41.53104397999567],[2.342921588960166,41.530615436852884],[2.3438508062697,41.53303784801824],[2.34287420727884,41.53483886092465],[2.348487643290071,41.53839354372701],[2.349654100856071,41.54076137863467],[2.351297139751182,41.54077472457385],[2.351713643669711,41.54103381655739],[2.352286472242895,41.54099863687759],[2.355433340376351,41.54152689864742],[2.356288100115705,41.54186506801847],[2.35709354013477,41.54247561955418],[2.358989100566532,41.54279216292798],[2.362410109039274,41.54373051285285],[2.36479215863119,41.54384416917304],[2.367372834288858,41.543174209322274],[2.368387452119237,41.543126746702],[2.369013828125674,41.54330557509218],[2.369849426909525,41.54313141328407],[2.370826891048182,41.54191529875203],[2.373828452121359,41.54169305199275],[2.374450512281328,41.54254446805271],[2.375754306216265,41.54150433735526],[2.376969193173693,41.54127571799995],[2.37596984133512,41.5403576396933],[2.375008727770535,41.538017050646374],[2.375407951215948,41.53705306374786],[2.376047585927324,41.537248171665794],[2.378390222730559,41.535734429200545],[2.378922464899802,41.53464888723636],[2.378200829104969,41.53417632677605],[2.379516118174308,41.53184709796517],[2.37881364063702,41.530602845444946],[2.380246743592352,41.528813876259335],[2.380014902865469,41.528186150370516],[2.381552944113082,41.5279536225616],[2.382625352378113,41.52644315632659],[2.385482956273393,41.52436500024453],[2.386515122574849,41.52165233828475],[2.390468046762919,41.51818910124598],[2.391679682671224,41.51619657231396],[2.389059194925892,41.515653042753684],[2.387428662003117,41.515062925613506],[2.384761894246026,41.514974399948585],[2.382525822608613,41.51443794535487],[2.379973446817132,41.51242430483779],[2.376549445400599,41.51444045356408],[2.375652603684728,41.513736391421276],[2.371834174007915,41.51607595434177],[2.367294666115924,41.52040995995168],[2.365836660933155,41.52078745487711],[2.365824126182474,41.52079071491954]]]}},{"type":"Feature","properties":{"postal_code":"08174"},"geometry":{"type":"Polygon","coordinates":[[[2.067670089602927,41.50966465330106],[2.072389962826492,41.50691543479945],[2.073586134892196,41.50705102468504],[2.075099458273371,41.50680401958982],[2.075356906296179,41.505957026395606],[2.07499138494444,41.503739327907624],[2.075166453269219,41.50199565487554],[2.074892070112924,41.50109624379661],[2.075013865297649,41.50004708030849],[2.074356817013495,41.49900418689367],[2.074453679393798,41.49748066789846],[2.07864978925636,41.49540425380326],[2.08244432664435,41.48881581060118],[2.088013189557046,41.48516103865097],[2.082920284743352,41.4827848409476],[2.070751040128414,41.4815054456198],[2.069540179435705,41.481295873905424],[2.069038024984877,41.48032963780253],[2.068747283160576,41.478155776767665],[2.0682075424441,41.47818422412263],[2.067201925028826,41.47849328333831],[2.064766080690049,41.4786923221929],[2.061844989154906,41.47917946605946],[2.057236078782012,41.47963080791544],[2.056609117316896,41.4805712496634],[2.049149623156552,41.482126939206864],[2.046906247225536,41.47731350771221],[2.044931879202863,41.4774093583552],[2.043049100835333,41.476355003080926],[2.042446611721743,41.47394504662657],[2.039434167053173,41.47402035765339],[2.037476077658823,41.47341786943912],[2.035819234170333,41.470857290931235],[2.034083863679371,41.46664216490399],[2.030317338374459,41.46262745998928],[2.025095766656307,41.46209191371082],[2.016527036093805,41.46262745998928],[2.012768149630404,41.46275935006395],[2.014105771564118,41.463201791329595],[2.014717178355113,41.4639435530525],[2.01444910304366,41.46556172119648],[2.016637147286531,41.46826557879342],[2.017518839023182,41.46868204763837],[2.020321377429639,41.468970549251424],[2.027718756315551,41.46665741021127],[2.031605142363446,41.468611199946906],[2.033636090333289,41.47026083896651],[2.034228024104038,41.47140529012199],[2.0356760351209,41.472638759770916],[2.035650774063981,41.47338543269154],[2.039135927580958,41.476799895898466],[2.038133509953525,41.47760921739143],[2.039902621208967,41.48081767739387],[2.041427583616098,41.48071409887655],[2.043567433190503,41.48513847106358],[2.045385952299853,41.485896897223995],[2.04777004874876,41.48606212876422],[2.049485815817718,41.48887605528569],[2.049305241843399,41.49163843986207],[2.050011460560427,41.49378779167324],[2.050365733191995,41.49556156141688],[2.052325670693165,41.49828591905987],[2.052345807413076,41.500381090315045],[2.053917692847222,41.50287768475732],[2.055872915202883,41.5027662182863],[2.055177795918553,41.50721682459675],[2.054439645872947,41.50834660511174],[2.054549695012383,41.50975691564912],[2.051198089919922,41.51224539101196],[2.052855380371511,41.513829538702225],[2.056726251315411,41.516160103905634],[2.058050148695372,41.51854096998977],[2.064129788758748,41.51984823800575],[2.064552733621724,41.51927248663594],[2.064479514418053,41.512973576569266],[2.067670089602927,41.50966465330106]]]}},{"type":"Feature","properties":{"postal_code":"08195"},"geometry":{"type":"Polygon","coordinates":[[[2.046882585163189,41.47730932226739],[2.047869012844671,41.47725873630162],[2.05080614558716,41.47665624718803],[2.052237056894626,41.47597844704768],[2.053667969101468,41.473267247385536],[2.054420611721866,41.47265572368269],[2.055206697431117,41.473041351177415],[2.06022408167604,41.47210560478982],[2.062340823170416,41.47347441341344],[2.064848024216928,41.47406702437365],[2.065437119727278,41.47242469504363],[2.06857799567797,41.4724388251916],[2.069767154830345,41.470250008431094],[2.069977145628741,41.469213021763494],[2.070098480360571,41.46692848296311],[2.071340387448913,41.466902122934584],[2.071351840315174,41.466684522073024],[2.070465946945887,41.46663034871159],[2.070452081198596,41.464872745181026],[2.070129679641013,41.46487621116819],[2.07001933372527,41.46440283682142],[2.069086820400457,41.46424205872398],[2.069786634145828,41.46373328616221],[2.06958503761939,41.46361373478601],[2.06869040463846,41.46417371114785],[2.068579570390852,41.464154602353005],[2.067984891889239,41.46359912799733],[2.067932705130204,41.46320250269332],[2.067102170428825,41.46290400781368],[2.066397985078936,41.46210492959881],[2.066132858644494,41.46076479585861],[2.063703909407877,41.460433694259564],[2.06282735369939,41.46078768720196],[2.062295500936614,41.46146872130441],[2.061838168696511,41.46112052539189],[2.062120895762746,41.460794773859675],[2.061838168696511,41.46038912295961],[2.061198961163143,41.46070258075946],[2.061057597629997,41.46099145379253],[2.061865885801978,41.461805058756454],[2.060661226834156,41.46252754620929],[2.059312706915875,41.4626040101669],[2.059413536205739,41.461700449616046],[2.059099506437065,41.46165611663645],[2.058992193934614,41.46260611727848],[2.058235509760948,41.46271100430937],[2.057531268653122,41.46295823693305],[2.057079013085968,41.463674308622444],[2.055586586351865,41.463198453945495],[2.055397781782176,41.463343853635934],[2.055287104915976,41.463324323059055],[2.054533900219326,41.4646591822754],[2.053732424411862,41.46448162372792],[2.053519957779827,41.46470683824998],[2.050439971327592,41.46463252097402],[2.050555160092529,41.46374989843906],[2.050235832417741,41.463733931875424],[2.050132645105464,41.46428245087441],[2.049328874228138,41.46443994734568],[2.048449071067751,41.46435305215164],[2.047191770283973,41.46492936379906],[2.046053474088524,41.465213126884294],[2.045898589248509,41.465103514815326],[2.045417837763011,41.46517049722064],[2.043401260959399,41.465901487763404],[2.043568876602365,41.46632762971632],[2.043197257847169,41.466438401011374],[2.042684726119205,41.46625250844647],[2.042398765090923,41.46639560677181],[2.040361378874536,41.46510030243701],[2.040317931727145,41.46587691828512],[2.039722647082499,41.46585368609874],[2.038998529158789,41.46556403874939],[2.036922724803901,41.46523577181341],[2.035822066135438,41.46479164701685],[2.035326079235176,41.465754867692965],[2.034083863679371,41.46664216490399],[2.035819234170333,41.470857290931235],[2.037476077658823,41.47341786943912],[2.039434167053173,41.47402035765339],[2.042446611721743,41.47394504662657],[2.043049100835333,41.476355003080926],[2.044931879202863,41.4774093583552],[2.046882585163189,41.47730932226739]]]}},{"type":"Feature","properties":{"postal_code":"08197"},"geometry":{"type":"Polygon","coordinates":[[[2.066053185905787,41.460754650606646],[2.06590180662306,41.46018626828163],[2.066321441980961,41.460042978400736],[2.066520299172453,41.46113805227924],[2.067553184032192,41.46076147915892],[2.067410779983504,41.46021070016366],[2.067446399431788,41.45984858184653],[2.067743217075815,41.45985451827136],[2.067838826700495,41.46066990659091],[2.068564514840489,41.46041382823557],[2.069363806194701,41.46057146320243],[2.070870594202574,41.4615653021969],[2.073303621864625,41.4635041209184],[2.075261448656931,41.46477765896179],[2.075907722163663,41.46386527426296],[2.074139975179719,41.462344632199006],[2.071221236271015,41.46027649636318],[2.072180601553498,41.46021653586439],[2.075053645909009,41.46119062484746],[2.074623286135761,41.46043931772033],[2.07466284281594,41.46024944205806],[2.073902957055793,41.459490124669514],[2.073619576182466,41.458373270110314],[2.074159068686072,41.45747608305476],[2.074019643191946,41.456156227228064],[2.073552897748016,41.45510605020405],[2.071317759606927,41.45330064500871],[2.070772129230363,41.45357346064668],[2.070719851639808,41.453829617243],[2.070892364990641,41.453871439315435],[2.070871453954453,41.454059635044075],[2.07051074487498,41.45403872400789],[2.070557793807154,41.453463680404525],[2.071082469980013,41.453104478588784],[2.070298190109384,41.452815533609964],[2.070712961933623,41.45229255985373],[2.07120577512643,41.450701780562724],[2.070124217158877,41.44968526066623],[2.067811288560108,41.44791902634199],[2.058853953746961,41.44884419580296],[2.054445209978439,41.44716467500973],[2.053714918208925,41.445259565576464],[2.053070408272731,41.44494169480333],[2.052770210976462,41.44486036641274],[2.051760240842441,41.4449089900578],[2.04872748498542,41.44444252430304],[2.047758553614358,41.44466160095209],[2.047203950701771,41.444686275651065],[2.046553426999026,41.444907395559824],[2.040495333792592,41.44421049471856],[2.037266686708222,41.44223655117588],[2.032751566631475,41.441714440768806],[2.031003403284444,41.443088154294855],[2.030872559121292,41.44587644384279],[2.027068705656234,41.44681691706705],[2.023337064154191,41.45086864257377],[2.024309446223981,41.4530684049829],[2.023066688376957,41.45463648718413],[2.023340605684382,41.455856838422335],[2.022680130983247,41.45598423278608],[2.023595994259722,41.45715112922119],[2.022766003648144,41.4577107737332],[2.021140907127176,41.45774536615568],[2.019780640264344,41.45857013080689],[2.018467817136013,41.4581577322935],[2.015538940169961,41.45881756218074],[2.014237794738449,41.45808386198064],[2.011802054721045,41.45801022369284],[2.01032320864914,41.45652458594088],[1.999655911890784,41.46004263755765],[2.002139582175971,41.461668204424086],[2.006261617579582,41.46159179442577],[2.009635173324568,41.461723065766876],[2.012768149630404,41.46275935006395],[2.016527036093805,41.46262745998928],[2.025095766656307,41.46209191371082],[2.030317338374459,41.46262745998928],[2.034083863679371,41.46664216490399],[2.035326079235176,41.465754867692965],[2.035822066135438,41.46479164701685],[2.036922724803901,41.46523577181341],[2.038998529158789,41.46556403874939],[2.039722647082499,41.46585368609874],[2.040317931727145,41.46587691828512],[2.040361378874536,41.46510030243701],[2.042398765090923,41.46639560677181],[2.042684726119205,41.46625250844647],[2.043197257847169,41.466438401011374],[2.043568876602365,41.46632762971632],[2.043401260959399,41.465901487763404],[2.045417837763011,41.46517049722064],[2.045898589248509,41.465103514815326],[2.046053474088524,41.465213126884294],[2.047191770283973,41.46492936379906],[2.048449071067751,41.46435305215164],[2.049328874228138,41.46443994734568],[2.050132645105464,41.46428245087441],[2.050235832417741,41.463733931875424],[2.050555160092529,41.46374989843906],[2.050439971327592,41.46463252097402],[2.053519957779827,41.46470683824998],[2.053732424411862,41.46448162372792],[2.054533900219326,41.4646591822754],[2.055287104915976,41.463324323059055],[2.055397781782176,41.463343853635934],[2.055586586351865,41.463198453945495],[2.057079013085968,41.463674308622444],[2.057531268653122,41.46295823693305],[2.058235509760948,41.46271100430937],[2.058992193934614,41.46260611727848],[2.059099506437065,41.46165611663645],[2.059413536205739,41.461700449616046],[2.059312706915875,41.4626040101669],[2.060661226834156,41.46252754620929],[2.060951034262814,41.46239763194512],[2.061865885801978,41.461805058756454],[2.061057597629997,41.46099145379253],[2.061198961163143,41.46070258075946],[2.061838168696511,41.46038912295961],[2.062120895762746,41.460794773859675],[2.061838168696511,41.46112052539189],[2.062295500936614,41.46146872130441],[2.06282735369939,41.46078768720196],[2.063703909407877,41.460433694259564],[2.065755523798373,41.46071674777966],[2.066053185905787,41.460754650606646]]]}},{"type":"Feature","properties":{"postal_code":"08173"},"geometry":{"type":"Polygon","coordinates":[[[2.091313410985094,41.48206777460808],[2.091385731766081,41.481960794854785],[2.091669556904492,41.48208276180998],[2.095071093256365,41.48003289030561],[2.10228830376218,41.473636671794964],[2.104604907890177,41.47280489872708],[2.104568423294097,41.471734613761384],[2.106693047346255,41.46785872819771],[2.111947098080122,41.466023830635265],[2.117429448909945,41.466021308036886],[2.116175256183112,41.4631709355902],[2.115892078556556,41.46003758966299],[2.113018183442421,41.45738476319622],[2.106986923307829,41.45892214344212],[2.098353943379777,41.45797606294491],[2.085351809638269,41.45233376678988],[2.083904973135986,41.45118627592586],[2.082907153742156,41.452533330848496],[2.082778408596653,41.4525603257984],[2.082755852700416,41.454285818135986],[2.081796887616235,41.45468858311159],[2.080547109661381,41.45302817920708],[2.079813915779596,41.45318191291494],[2.078638827419923,41.453487632048564],[2.077130580711696,41.45417511159212],[2.076556934654775,41.45533342579694],[2.075201993577139,41.45576400140749],[2.075116420386507,41.456363020936635],[2.074745599329958,41.456600727041916],[2.074526909389363,41.45640105416527],[2.074034230195537,41.45629430733641],[2.074159068686072,41.45747608305476],[2.073619576182466,41.458373270110314],[2.073902957055793,41.459490124669514],[2.07466284281594,41.46024944205806],[2.074623286135761,41.46043931772033],[2.075053645909009,41.46119062484746],[2.072180601553498,41.46021653586439],[2.071221236271015,41.46027649636318],[2.074139975179719,41.462344632199006],[2.075907722163663,41.46386527426296],[2.075261448656931,41.46477765896179],[2.073303621864625,41.4635041209184],[2.070870594202574,41.4615653021969],[2.069363806194701,41.46057146320243],[2.068564514840489,41.46041382823557],[2.067838826700495,41.46066990659091],[2.067743217075815,41.45985451827136],[2.067446399431788,41.45984858184653],[2.067410779983504,41.46021070016366],[2.067553184032192,41.46076147915892],[2.066520299172453,41.46113805227924],[2.066321441980961,41.460042978400736],[2.06590180662306,41.46018626828163],[2.066053185905787,41.460754650606646],[2.066132858644494,41.46076479585861],[2.066397985078936,41.46210492959881],[2.066829032833596,41.46266002893714],[2.067102170428825,41.46290400781368],[2.067932705130204,41.46320250269332],[2.067984891889239,41.46359912799733],[2.068579570390852,41.464154602353005],[2.06869040463846,41.46417371114785],[2.06958503761939,41.46361373478601],[2.069786634145828,41.46373328616221],[2.069086820400457,41.46424205872398],[2.07001933372527,41.46440283682142],[2.070129679641013,41.46487621116819],[2.070452081198596,41.464872745181026],[2.070465946945887,41.46663034871159],[2.071351840315174,41.466684522073024],[2.071340387448913,41.466902122934584],[2.070098480360571,41.46692848296311],[2.069977145628741,41.469213021763494],[2.069767154830345,41.470250008431094],[2.06857799567797,41.4724388251916],[2.065437119727278,41.47242469504363],[2.064848024216928,41.47406702437365],[2.062340823170416,41.47347441341344],[2.06022408167604,41.47210560478982],[2.055206697431117,41.473041351177415],[2.054420611721866,41.47265572368269],[2.053667969101468,41.473267247385536],[2.052237056894626,41.47597844704768],[2.05080614558716,41.47665624718803],[2.047869012844671,41.47725873630162],[2.046882585163189,41.47730932226739],[2.049149623156552,41.482126939206864],[2.056609117316896,41.4805712496634],[2.057236078782012,41.47963080791544],[2.061844989154906,41.47917946605946],[2.064766080690049,41.4786923221929],[2.067201925028826,41.47849328333831],[2.0682075424441,41.47818422412263],[2.068747283160576,41.478155776767665],[2.069038024984877,41.48032963780253],[2.069540179435705,41.481295873905424],[2.070751040128414,41.4815054456198],[2.082920284743352,41.4827848409476],[2.088013189557046,41.48516103865097],[2.08945970140411,41.484211620769656],[2.091047620850986,41.48248173344524],[2.091287899017289,41.482103259158066],[2.091313410985094,41.48206777460808]],[[2.08870958318073,41.47732926473378],[2.08862768641859,41.47714391805732],[2.087115453015713,41.476802312376776],[2.087073407012099,41.476650558976075],[2.085834544128886,41.47682667141373],[2.085830327207816,41.47606348873899],[2.086714703420796,41.47584583661603],[2.086347702684293,41.475055730037866],[2.086256399013621,41.474484986992536],[2.086364139593343,41.473787840636305],[2.084166495087686,41.47384012092482],[2.083861812872328,41.473656834595204],[2.083178875804492,41.474691811278035],[2.082641648693141,41.47450051288831],[2.082195385308751,41.47513757823663],[2.081050960233597,41.47511883366724],[2.080099207712237,41.47541245871798],[2.0799878032945,41.47465427627378],[2.079312225378885,41.47341173156616],[2.078406219571377,41.47270025001649],[2.078019353710204,41.47218809690315],[2.077931679703227,41.47157490405857],[2.078153069408643,41.47011626035709],[2.07805652538832,41.46972468924298],[2.077583904673475,41.46953320289498],[2.078235826821924,41.46832096534024],[2.079051983162458,41.46753941221408],[2.080655603873026,41.466265691608385],[2.078450501289581,41.46253435137919],[2.082968173642314,41.45991253083861],[2.083362483192047,41.46059647604653],[2.083156577114323,41.46207372492245],[2.083913861135784,41.462455170569626],[2.084263889866634,41.46160832576362],[2.084527898443753,41.46155803837274],[2.08462847322545,41.46275236323095],[2.086597724105673,41.46382030186544],[2.087804664653561,41.464227692054294],[2.088291598078797,41.46425401341196],[2.088236389597682,41.46450676157775],[2.090963148430546,41.46587273463899],[2.091781846255174,41.466486197280176],[2.092350330203544,41.46659519061552],[2.092423008914693,41.46678792072595],[2.093105992747383,41.46709602396231],[2.093793339191222,41.467039356780845],[2.094321356345517,41.46754223068939],[2.0942207806645,41.46798224468483],[2.094572793299733,41.468359399666554],[2.094585364922636,41.46859826499792],[2.094962519005037,41.46882455780707],[2.095402533899801,41.469805160579654],[2.096231708826281,41.47022820886474],[2.096698537907173,41.47139872686972],[2.094270157941423,41.47194852200664],[2.093599182756066,41.47429265258381],[2.0927347948749,41.47429014077733],[2.0927323208399,41.47483034374534],[2.093219183218707,41.475437394220364],[2.090320703337795,41.47709471524888],[2.089453834227072,41.47633982702138],[2.088713592358374,41.47688555632334],[2.089247672741919,41.47804897238217],[2.088878105340257,41.4780458796136],[2.088602909196879,41.477414183217945],[2.08870958318073,41.47732926473378]]]}},{"type":"Feature","properties":{"postal_code":"08196"},"geometry":{"type":"Polygon","coordinates":[[[2.114625201791625,41.427954952858784],[2.112950922247251,41.42849275643556],[2.112545201200078,41.42836721467518],[2.111948781610977,41.42862449002814],[2.111490525767124,41.42835180838921],[2.110749464616106,41.42829912340579],[2.108045359705557,41.428727073895345],[2.106291114243504,41.42863101101233],[2.105048425644327,41.42881030974797],[2.103670450231107,41.42842983716724],[2.102861742075731,41.42808258464356],[2.102455745835982,41.42838400501779],[2.101700636375256,41.428646356144384],[2.100775353599659,41.429738650218496],[2.099220253112208,41.43018173270076],[2.09873488360796,41.4301247669444],[2.098359744006984,41.43090169755527],[2.098567488298954,41.4315763887393],[2.098427687787535,41.43176102315266],[2.09651627860336,41.43252800186576],[2.096105416132048,41.43293813678554],[2.095470838308529,41.43299544158634],[2.09431871503665,41.432721168147395],[2.094057577095498,41.432469099869024],[2.093224717646592,41.431219290437866],[2.092577809218483,41.43069479143145],[2.092483450550787,41.43049234144837],[2.092157763769762,41.43020745780791],[2.091913952167147,41.42960212683664],[2.091388329907488,41.42947648884888],[2.09112339502866,41.429364522354774],[2.091053598644635,41.42922935335196],[2.090731917444032,41.429174992931564],[2.090610945139019,41.42894202985076],[2.090176661623616,41.428608175426916],[2.08891561876078,41.42917973595604],[2.088411437238051,41.42852164895493],[2.087954905394554,41.42817720861126],[2.087584731849859,41.42830716514351],[2.087127866357946,41.42877553296444],[2.086396654581961,41.428926566008215],[2.085473237899578,41.428912274881554],[2.0851334623394,41.42923893023243],[2.08420874703603,41.4296782508506],[2.083689702417814,41.43302320185927],[2.087119242758831,41.437990122446195],[2.090548783099848,41.43881794209432],[2.108760822553904,41.43467884205489],[2.112072102945206,41.4304214820657],[2.114673822738723,41.42994844226678],[2.114625201791625,41.427954952858784]]]}},{"type":"Feature","properties":{"postal_code":"08172"},"geometry":{"type":"Polygon","coordinates":[[[2.078019353710204,41.47218809690315],[2.078406219571377,41.47270025001649],[2.079312225378885,41.47341173156616],[2.0799878032945,41.47465427627378],[2.080099207712237,41.47541245871798],[2.081050960233597,41.47511883366724],[2.082195385308751,41.47513757823663],[2.082641648693141,41.47450051288831],[2.083178875804492,41.474691811278035],[2.083861812872328,41.473656834595204],[2.084166495087686,41.47384012092482],[2.086364139593343,41.473787840636305],[2.086256399013621,41.474484986992536],[2.086347702684293,41.475055730037866],[2.086714703420796,41.47584583661603],[2.085830327207816,41.47606348873899],[2.085834544128886,41.47682667141373],[2.087073407012099,41.476650558976075],[2.087115453015713,41.476802312376776],[2.08862768641859,41.47714391805732],[2.08870958318073,41.47732926473378],[2.088602909196879,41.477414183217945],[2.088878105340257,41.4780458796136],[2.089247672741919,41.47804897238217],[2.088713592358374,41.47688555632334],[2.089453834227072,41.47633982702138],[2.090320703337795,41.47709471524888],[2.093219183218707,41.475437394220364],[2.0927323208399,41.47483034374534],[2.0927347948749,41.47429014077733],[2.093599182756066,41.47429265258381],[2.094270157941423,41.47194852200664],[2.096698537907173,41.47139872686972],[2.096231708826281,41.47022820886474],[2.095402533899801,41.469805160579654],[2.094962519005037,41.46882455780707],[2.094585364922636,41.46859826499792],[2.094572793299733,41.468359399666554],[2.0942207806645,41.46798224468483],[2.094321356345517,41.46754223068939],[2.093793339191222,41.467039356780845],[2.093105992747383,41.46709602396231],[2.092423008914693,41.46678792072595],[2.092350330203544,41.46659519061552],[2.091781846255174,41.466486197280176],[2.090963148430546,41.46587273463899],[2.088236389597682,41.46450676157775],[2.088291598078797,41.46425401341196],[2.087804664653561,41.464227692054294],[2.086597724105673,41.46382030186544],[2.08462847322545,41.46275236323095],[2.084527898443753,41.46155803837274],[2.084263889866634,41.46160832576362],[2.083913861135784,41.462455170569626],[2.083156577114323,41.46207372492245],[2.083362483192047,41.46059647604653],[2.082968173642314,41.45991253083861],[2.078450501289581,41.46253435137919],[2.080655603873026,41.466265691608385],[2.079051983162458,41.46753941221408],[2.078235826821924,41.46832096534024],[2.077583904673475,41.46953320289498],[2.07805652538832,41.46972468924298],[2.078153069408643,41.47011626035709],[2.077931679703227,41.47157490405857],[2.078019353710204,41.47218809690315]]]}},{"type":"Feature","properties":{"postal_code":"08403"},"geometry":{"type":"Polygon","coordinates":[[[2.285712965281107,41.61705177521924],[2.286510991289219,41.61627188583884],[2.285596243172051,41.614549444900945],[2.282933498981777,41.611235808285926],[2.280477856967536,41.60869140768227],[2.27994530812947,41.60564404503663],[2.278584349688003,41.59981559371465],[2.278487834445968,41.59968575679221],[2.277691979401311,41.60009006860179],[2.276834906605643,41.59902151033441],[2.276306193376115,41.599394392637066],[2.275866525619676,41.598776632135866],[2.276434196580908,41.5981922643615],[2.274759008721276,41.596060712831616],[2.273733493805707,41.58765136821603],[2.276263741778223,41.5876783011127],[2.276205954940849,41.587282047228655],[2.273719519240387,41.58749227544814],[2.273562851944064,41.58570867431587],[2.271690782703445,41.585863300151175],[2.271522357670676,41.5844640782546],[2.273435966596594,41.58426414817188],[2.272696644734367,41.57847794879825],[2.272571868297064,41.57534813630741],[2.273363026182722,41.573351523553924],[2.269275927641957,41.564317051190926],[2.265531194708842,41.56631978203228],[2.26469532522907,41.56767928896801],[2.264278743069553,41.56875066031472],[2.256435320233834,41.57371919518471],[2.258406605380515,41.58151846670387],[2.258544492134604,41.581531781166746],[2.258807607684957,41.582422313239135],[2.258869668100715,41.58335847061693],[2.260771664980325,41.59354236019175],[2.261981014811965,41.596355814569165],[2.261875938024104,41.59635103287383],[2.262217982573816,41.598357066025756],[2.263217401861596,41.599146714848985],[2.266469696619197,41.606821206333564],[2.267885098218699,41.60813471744325],[2.265331295203111,41.61403907514318],[2.265845030223943,41.61489046332417],[2.271915770596308,41.61503338088579],[2.272809818118617,41.61531788141508],[2.277335737254475,41.61535042698057],[2.278476296144163,41.61512555779825],[2.282622992756899,41.613916789827954],[2.282747940065349,41.61424266816459],[2.283035026145512,41.61432912808675],[2.283153876949825,41.61455917376685],[2.283350752934894,41.6145337589258],[2.283543744747988,41.614659553395654],[2.285152862114899,41.61643422425999],[2.285712965281107,41.61705177521924]]]}},{"type":"Feature","properties":{"postal_code":"08402"},"geometry":{"type":"Polygon","coordinates":[[[2.293150081610975,41.61835601611722],[2.292588585394867,41.616717963962856],[2.300489795067961,41.615027373414534],[2.302573828219579,41.614112285353656],[2.302808541381069,41.613565467872036],[2.302139444879458,41.61350744271431],[2.303531286040027,41.6103850010669],[2.30265039829726,41.607423912183776],[2.30303128186813,41.60744198675826],[2.301094441655152,41.60572868113371],[2.300093450352449,41.60654861912343],[2.298668483563631,41.606724217148894],[2.298289238557516,41.604581109330695],[2.296497348373919,41.60145956340813],[2.296227180340111,41.59728585835563],[2.295179064562149,41.59078764593306],[2.294654188739798,41.59053337701374],[2.294977037260423,41.589500055982796],[2.294409928375501,41.587987354033146],[2.294725396160118,41.587595816193925],[2.293910076189036,41.58642654015267],[2.293155357034095,41.58394911386051],[2.292543556340036,41.58350188370497],[2.292341396837969,41.58322989904059],[2.293158387749372,41.580761483955314],[2.291576939823926,41.57698321979973],[2.291437522423735,41.57697092067144],[2.29041563087668,41.574209260948635],[2.289698164338802,41.57379226060431],[2.289557311620626,41.573096531579665],[2.288880077153806,41.5727316541425],[2.28862880117822,41.5720050307076],[2.28275220015388,41.573735575436444],[2.282164173038154,41.57339961659898],[2.282882373422808,41.578728273291176],[2.285172916996487,41.590956123126546],[2.286274768165981,41.595087382876386],[2.286812327127166,41.59804396076015],[2.286453953587056,41.59807979784438],[2.286825762998546,41.59933742957867],[2.287048507082943,41.599318986282185],[2.288244671054713,41.60505271471101],[2.288293063574031,41.60533702278536],[2.287929101646739,41.605375920262475],[2.288076488838897,41.60605479419337],[2.288485471727142,41.60594010455213],[2.288711697986457,41.60696407623112],[2.289156267048099,41.606715242814175],[2.289162681912217,41.606781531842216],[2.289379725194124,41.60674945572276],[2.289384000571147,41.60685530502826],[2.288869484039424,41.60706080011579],[2.288713879741749,41.60702298991902],[2.289264519342055,41.60900253893601],[2.289367242604158,41.609685878900166],[2.289304716339586,41.60984666509148],[2.290893232037035,41.615162870669906],[2.291506591256166,41.61626024231629],[2.292498104603851,41.61737234485781],[2.291668176045505,41.61764506157033],[2.291613231965073,41.61747310040323],[2.29145607184023,41.617518002653696],[2.291488900692229,41.617638376909554],[2.291023886443213,41.61775490026844],[2.2913302243104,41.61877052983607],[2.291994743262762,41.62018439989009],[2.292193570776647,41.62181306132368],[2.292649037822798,41.62197200480415],[2.292710976830108,41.62220376279339],[2.29393719164807,41.62245341819067],[2.294628335928962,41.62233704861586],[2.295393611326119,41.621998306376724],[2.293925057095691,41.61984100455868],[2.293565962299283,41.61949960842014],[2.293183012985651,41.61845195759173],[2.293150081610975,41.61835601611722]]]}},{"type":"Feature","properties":{"postal_code":"08299"},"geometry":{"type":"Polygon","coordinates":[[[1.94862873782597,41.64726373763136],[1.948456272139254,41.6468930802514],[1.9487404651004,41.646529649823435],[1.949755457048695,41.64599065824228],[1.950665567362023,41.64580729367162],[1.951226220014007,41.64591810273822],[1.951672529263817,41.646258964679475],[1.952323111422459,41.64644694007421],[1.952992414768119,41.64640902195879],[1.954720533126078,41.64562305226201],[1.955510797984914,41.6455979063183],[1.957151107437653,41.646481298672995],[1.958501355852889,41.64156117700668],[1.955531233279771,41.643364208891114],[1.95072963596391,41.63991641321189],[1.944369565702857,41.63554530966826],[1.942963052103153,41.62893457676927],[1.941799267322324,41.62439313893219],[1.938222537640002,41.624223135589205],[1.936874710199731,41.624956449080855],[1.935805585359446,41.62525457703708],[1.934865845082697,41.62520502079508],[1.934269108032879,41.62493356942866],[1.931252022862566,41.62313669969893],[1.929921349990309,41.62299588385292],[1.920189787928337,41.628815932809005],[1.917626048303475,41.62918703085677],[1.915679775101523,41.628055077579745],[1.913387679297955,41.628999636424055],[1.912716844406816,41.62917244565182],[1.912191566587524,41.6290509112705],[1.911763373281019,41.62925832641059],[1.910994391777763,41.6292462629047],[1.909649596851409,41.62970899737229],[1.909131454253213,41.630154354240005],[1.908727483286725,41.63020768313805],[1.908415149639438,41.6298879255873],[1.90828774538312,41.629317170850754],[1.907790844771682,41.62941046562048],[1.907452890338618,41.629226860930885],[1.90726493922557,41.62896479938598],[1.904794902662616,41.628359265167944],[1.904274431719614,41.62798537292662],[1.903837530277769,41.627445866933215],[1.903260000948251,41.62711044229303],[1.902279230901797,41.626837269624275],[1.901764336654821,41.626535184651004],[1.901372109035606,41.62611078918155],[1.901452886141783,41.62559414665253],[1.900373982972951,41.62434376705119],[1.898675177117696,41.62346205283143],[1.898020944610892,41.622904759147275],[1.897582510724305,41.62297751430083],[1.896103724906993,41.6213570672748],[1.895547734340482,41.62146186617218],[1.895032840093506,41.62115971914568],[1.894874938027954,41.62018507168369],[1.894597078991978,41.61936866623091],[1.893964987793936,41.61926058570742],[1.893817589809885,41.619690047957306],[1.893536540878642,41.620098162999795],[1.893338199897983,41.62143912771353],[1.893221181911997,41.62369494666444],[1.892585154381379,41.6248025112269],[1.891827685099599,41.625573124100356],[1.891878110985999,41.62671437996465],[1.891662051562434,41.62782201737218],[1.890976489373486,41.62954389083785],[1.891363697876329,41.63053571535096],[1.891197155124587,41.633405883674584],[1.892244162038423,41.635026820831115],[1.892085250933576,41.63578089067556],[1.891655562953872,41.635970297791005],[1.891472616567967,41.63624818110867],[1.891271940048,41.638984684095874],[1.890272148440886,41.64004477614549],[1.889849376247696,41.64080109519438],[1.889435251035991,41.64040458770154],[1.889603253387406,41.64262125017052],[1.890113624044488,41.64333775173583],[1.890383973741393,41.64437063030033],[1.890256209756274,41.645060305088975],[1.890412334761436,41.64537775857667],[1.890372222300186,41.64564056655888],[1.889864413811665,41.6460673830033],[1.889518555237146,41.6467303686116],[1.889370525029676,41.64762801612005],[1.888995299993098,41.64822023137856],[1.887759457932646,41.64822791968271],[1.887040619029335,41.64887981125429],[1.886648742145724,41.649094602633795],[1.88657684224745,41.649412771082496],[1.887752749889501,41.64972274760669],[1.888040844109639,41.64988155259158],[1.888024639225705,41.650143339843225],[1.887731319944464,41.6503899069686],[1.887676701418627,41.65077939615219],[1.887818407593443,41.65122352004937],[1.8881249487074,41.65162461858125],[1.88856249226518,41.65169599777204],[1.889026439018949,41.65164017955061],[1.889482092224739,41.651791766576764],[1.889577049840966,41.65209385604658],[1.88915428933899,41.65253505804645],[1.88900677084581,41.652964501410565],[1.889550985689425,41.65317536994735],[1.891021272014086,41.65261745393235],[1.89130330840095,41.65269545303272],[1.891839387078051,41.65359092328248],[1.893167361984183,41.65447959915417],[1.893418137936692,41.65493703391695],[1.893452891337859,41.655394732181094],[1.893990692216676,41.65583976259495],[1.894569950942468,41.65571617865868],[1.894915141320723,41.65552142237573],[1.895126215802179,41.656403685181886],[1.895462216008468,41.65656039024981],[1.895577723133385,41.656816529759],[1.896376066602159,41.65673742269388],[1.897783141378852,41.65755962337789],[1.898178745053031,41.65755171833712],[1.898646192867488,41.65722563855235],[1.901019356258246,41.657016160367505],[1.901717735585009,41.65783261977958],[1.901878680956372,41.65821287382505],[1.901673783918,41.65883385929516],[1.901962980706969,41.65916360291794],[1.902884087030998,41.659277268231335],[1.903869333003286,41.660234461651044],[1.904879081004765,41.66246008766291],[1.905505432729512,41.66311754064196],[1.906237138233337,41.663581394765515],[1.907075816295901,41.664661903224214],[1.907520317908336,41.664822924138605],[1.907991526687624,41.66438859835512],[1.908335172929867,41.66432885279431],[1.909202981832152,41.66468784506799],[1.909917322326578,41.6647653000785],[1.910397741062866,41.664609652613365],[1.910982121427764,41.664557588162154],[1.911628418316866,41.66484502767588],[1.917684886448342,41.665539669420184],[1.918626312054641,41.66607548459592],[1.919113562940595,41.666009549001444],[1.9197744702156,41.6653869753286],[1.921439278100195,41.66470328372952],[1.92206188864526,41.66420837601572],[1.922180844670208,41.663879151301785],[1.922559321655342,41.66364681504848],[1.922465829934083,41.662894553740614],[1.922999134202655,41.66233146932183],[1.923163231697799,41.661964259942636],[1.923871982006347,41.661654727683526],[1.924725256965019,41.660879787272336],[1.925388152641119,41.660599231169556],[1.925757989839326,41.660097149563796],[1.926540582581822,41.65981142056057],[1.9266643400872,41.65954503057867],[1.926290139378409,41.65904791233129],[1.927317071625566,41.65834652567162],[1.930353351026326,41.65801789630882],[1.932657627247693,41.66318563011271],[1.934018461582752,41.66308202821301],[1.934459335330075,41.662567881302664],[1.935267744011185,41.66199287726943],[1.936205223392335,41.661691418224336],[1.936740829925327,41.6613172247101],[1.936562884669399,41.66087472858584],[1.936957429841527,41.659912407231786],[1.936725286043099,41.65907609438625],[1.936849220714976,41.65865659122869],[1.937314117152766,41.65845649297273],[1.937939140578862,41.65846559770915],[1.939056900755361,41.65801230792164],[1.940395312293845,41.657774553253034],[1.9407027590251,41.657086043086395],[1.941237754019141,41.65623470256946],[1.94199326727545,41.65606706894005],[1.942126213154211,41.65529606036489],[1.940030675874993,41.652388321064166],[1.940024225937293,41.65167735032941],[1.940351812086476,41.651096060035115],[1.940841840078861,41.64981445687164],[1.941323728307395,41.649523597236225],[1.941901194684363,41.64891349716015],[1.942379626818308,41.64857775326067],[1.942685581574324,41.648654559860006],[1.943072693849729,41.64900700776718],[1.943784149319015,41.6490483639908],[1.944955726725425,41.64867369293654],[1.946486506846782,41.64859866789419],[1.947505008849078,41.64888781971706],[1.948215011013929,41.64891115982215],[1.948615832554594,41.64865979481368],[1.948433286367049,41.64800143891523],[1.94862873782597,41.64726373763136]]]}},{"type":"Feature","properties":{"postal_code":"08225"},"geometry":{"type":"Polygon","coordinates":[[[2.013635953136713,41.603354801882574],[2.01350251532881,41.60258753628574],[2.013672361290446,41.60122876859276],[2.013474207368745,41.600294616703195],[2.013360977327238,41.59899246582961],[2.013898822272836,41.598001698019914],[2.015116050165545,41.597916775039096],[2.016163432996052,41.598737696887156],[2.017748660772043,41.6008607696088],[2.018010849121367,41.601364169620695],[2.021201576291674,41.59991218989563],[2.020344141968565,41.59675270607249],[2.024744881770857,41.59505341997931],[2.024482047708318,41.594645447029734],[2.024303886615087,41.594645447029734],[2.023030500557127,41.592719208924336],[2.020548226919118,41.591487153908986],[2.019319363597731,41.59041419435954],[2.018534304914226,41.58484069634102],[2.020599443309663,41.58505231581171],[2.020532907867391,41.584406361564334],[2.020399836083584,41.58397387759237],[2.018421171999478,41.58399709988623],[2.017264505352614,41.57537025873046],[2.01768748528923,41.57521039164624],[2.017677721349742,41.57510011857556],[2.017331116337914,41.57495393917293],[2.017296719967646,41.57484447998871],[2.017974846561913,41.57232836036553],[2.017842424088599,41.57229816472852],[2.01786643688655,41.57216281765989],[2.018015174860409,41.57217964217671],[2.018213819811933,41.571448376441424],[2.018888594632926,41.57153044407471],[2.018225672876497,41.57140481687878],[2.018523841302226,41.57031040310261],[2.018426051720894,41.57029786475465],[2.018447348566269,41.57020816907175],[2.018584324307085,41.570228269818756],[2.018738093987849,41.569637552830784],[2.018925357119542,41.56965886676329],[2.018867010903818,41.569481709313436],[2.01523662766823,41.56989211582845],[2.014478450620004,41.57019467834169],[2.013962942136061,41.57021686731457],[2.0136479779718,41.570082654291014],[2.010085495349301,41.570299544688226],[2.007506601248622,41.57014586493972],[2.005852035742862,41.56979198980844],[2.001081599935901,41.56816882413193],[1.996365271839807,41.56577956917175],[1.995989981152718,41.56598580619999],[1.995837045143503,41.56664534470684],[1.996162034949919,41.56714238920989],[1.998083299804421,41.56851881688988],[1.998771514094074,41.56964672411698],[2.000233969122348,41.570860656893785],[2.000797923185587,41.57165401631977],[2.001212159913223,41.57244133410029],[1.999639483075669,41.57286474661072],[1.9994983452724,41.572546178863035],[1.99971565205567,41.57139221108167],[1.997968233347308,41.569565037796224],[1.997833816177661,41.56961880376474],[1.995147272328722,41.56732107280925],[1.990775994316664,41.57046406036807],[1.990212079823607,41.57147104924951],[1.98860089671399,41.571914123637896],[1.986264681070168,41.57090713475645],[1.983421287362489,41.57076496543078],[1.982852726971771,41.57204562970202],[1.982037274800405,41.57233813239884],[1.98135741071593,41.5722028860543],[1.980117070246592,41.57215589288012],[1.978503503034233,41.57246135840495],[1.97769284964528,41.57295405198789],[1.976408397429566,41.57346955417654],[1.976326812732225,41.57360275366415],[1.974835106355044,41.57426476980328],[1.97367498900951,41.57430540566992],[1.969618733617665,41.57223179386216],[1.967279683310721,41.57252165075357],[1.966694535824161,41.57302531336751],[1.965718289367544,41.57295969973035],[1.964819122004883,41.575608726561484],[1.962955224004361,41.57632151572534],[1.961618280159485,41.57764701389857],[1.960530185019991,41.57972047372084],[1.95919286795646,41.580732688562705],[1.958598470942661,41.58142462244837],[1.957748217706069,41.582064588110256],[1.954973435975262,41.58294083804924],[1.953927323886887,41.583373160143196],[1.95335725623238,41.58375795486569],[1.951820117004786,41.58435553098292],[1.951450876956415,41.58485764676294],[1.951643666422058,41.58518243512128],[1.952424549553314,41.58567092527295],[1.953167162934221,41.58597193555636],[1.953770010877292,41.58742242960142],[1.9545562809476,41.58766753982508],[1.954468823677246,41.58824754768614],[1.954121000983378,41.588559675388694],[1.953767572815195,41.58926820266538],[1.954013654306664,41.58966268308632],[1.954382987884571,41.58994384173491],[1.954547424424106,41.5908370753707],[1.95493165707029,41.59146869622333],[1.954348202107838,41.59183601891709],[1.953729341735709,41.591898787099296],[1.953614259990104,41.59258798075069],[1.953167759184737,41.593021436889785],[1.951969355901042,41.59319023424189],[1.951635766777201,41.59337571671591],[1.950975333444887,41.59430455631019],[1.950596010197728,41.59451900684667],[1.950372419851305,41.59488880267605],[1.949617447986839,41.595209483830615],[1.948994905790244,41.59616370768896],[1.948603538822226,41.59637866814097],[1.948353338435822,41.59671358286556],[1.947830253163659,41.597087283551275],[1.946402436423284,41.59692381468227],[1.946094057994344,41.59712618732368],[1.946329156965021,41.597377155731124],[1.946120721993736,41.59794433925981],[1.945548835910017,41.598464195066526],[1.945131723150496,41.59928345586678],[1.944355618117299,41.599956157750455],[1.944003842003667,41.60006136494002],[1.943617132624581,41.60002403498123],[1.943572884181265,41.60038606696338],[1.943727179965379,41.60099162816107],[1.944907275750154,41.601678997987335],[1.94640406959212,41.60305492474498],[1.947034816303699,41.6034598723752],[1.947399976127997,41.60415536397886],[1.948345044887901,41.60459176539763],[1.948870175218417,41.604713157686035],[1.949372210059437,41.60515964320297],[1.951325348685884,41.605444446803745],[1.951811580639912,41.605684498340906],[1.952245442373282,41.6057108008128],[1.953079226325201,41.60625996642426],[1.953659390668349,41.60756738192913],[1.953613271635163,41.608217600761634],[1.954345016709169,41.60884320514975],[1.954699718317329,41.60955715803641],[1.955581358792642,41.61057240719083],[1.955953854386848,41.6107364138544],[1.956189513635138,41.61114931329013],[1.955025239623126,41.61176685165884],[1.955456344934362,41.61347683338914],[1.955204410655028,41.61441505291236],[1.954141402104028,41.615415334649924],[1.953943892096959,41.61831391165765],[1.953797843995289,41.61859935017986],[1.954145937385078,41.61907045733574],[1.953735172939844,41.6195023549497],[1.954048944603073,41.620308096241615],[1.953562233310436,41.62068923432071],[1.953504268407244,41.62087180838722],[1.953599440062078,41.62117383130726],[1.954408709394386,41.62139992896351],[1.954717411579281,41.624483709655465],[1.963315549972663,41.62925254916581],[1.966002062345297,41.62985644122176],[1.96656790318616,41.63019204932357],[1.967889386785771,41.63145826238889],[1.969054495368653,41.63240709121425],[1.97004643499497,41.63344447178491],[1.97265583859604,41.633979509047094],[1.974649554633231,41.63462226260731],[1.975851092054256,41.63526334612652],[1.976074144606059,41.63582084935268],[1.976089756836814,41.63680151957442],[1.97544572264195,41.63809894900726],[1.974855842023487,41.638853807557155],[1.973739351689744,41.63931640892508],[1.973342258738228,41.64054906468755],[1.973207598751685,41.64129316734579],[1.971364562324709,41.64198534494767],[1.971010137707651,41.64236985458507],[1.970810088914448,41.643044732828116],[1.970770060989537,41.644550015370896],[1.971793752079975,41.6456849948666],[1.971933941098484,41.64610205816342],[1.971834830413059,41.647618902390434],[1.971543278299634,41.648820000942294],[1.98072438871958,41.648331339919366],[1.982451082551393,41.64831297756183],[1.98190605112336,41.641098088206206],[1.979326604838946,41.62338102571374],[1.982086126873241,41.62135160299408],[1.982567157148594,41.62074361722415],[1.983524417118133,41.62009335612345],[1.984109633852484,41.618967825804475],[1.985389460854947,41.618146948023195],[1.985817312419044,41.61747122891404],[1.987030442101229,41.6170135396431],[1.989255283004923,41.61724025873093],[1.98915781268289,41.61582081467884],[1.993273313612519,41.613042176655085],[1.996130697173896,41.61182728160372],[1.998224659740231,41.60943177995267],[1.998947872046642,41.60931775221246],[2.001563886564099,41.60778227673069],[2.007367656891859,41.60527898683574],[2.009951641155283,41.60503104015038],[2.013479516966129,41.60342597512863],[2.013635953136713,41.603354801882574]]]}},{"type":"Feature","properties":{"postal_code":"08205"},"geometry":{"type":"Polygon","coordinates":[[[2.097681065228983,41.52365002482878],[2.097898598641393,41.52503680460484],[2.098917421701628,41.527619403013034],[2.098766292430469,41.528391843308896],[2.098241481359253,41.52885161361104],[2.097762052776488,41.53089002595391],[2.100854186371578,41.53119624061401],[2.101688525205248,41.53266148533925],[2.100930930018421,41.53262202398719],[2.0975833925595,41.53439145000539],[2.097327572309609,41.53570826432491],[2.096609007699556,41.53586677972805],[2.095128684041526,41.53867007986025],[2.093444582101768,41.538896807941285],[2.091776882896795,41.54054641188736],[2.091213018765814,41.54251835623711],[2.090754533594861,41.542628763306766],[2.083566555552068,41.5383898304263],[2.082199988039008,41.541277959110516],[2.081987772317802,41.54123022219699],[2.080676547284838,41.54195696524175],[2.077023942700805,41.54548065380908],[2.075133181950775,41.54844570960182],[2.074938723343394,41.5511357320284],[2.075819653354301,41.55128263898257],[2.076088048824374,41.55121887615019],[2.076316435255251,41.550906706179546],[2.078154700778782,41.550281650377826],[2.090836602127467,41.54685922277491],[2.09045522123148,41.546350899874085],[2.089794754624222,41.545990089171255],[2.090003909952486,41.54586506362176],[2.090528996216165,41.54617338269543],[2.090955882807748,41.54683262892269],[2.102626221323021,41.543693850191005],[2.103065489780533,41.54340669396373],[2.104895716264309,41.54152583295081],[2.104680274674934,41.541478541201684],[2.105751495834852,41.54033526635942],[2.105929994173891,41.540373092744005],[2.106137116135017,41.54025177330067],[2.108139668011233,41.538198504157606],[2.106195560376818,41.53727913622316],[2.105505647267819,41.53646789287893],[2.104828509927756,41.53550613719847],[2.104270600207997,41.534422206819386],[2.103858920252947,41.533011091388744],[2.10386826780632,41.5324268908883],[2.104448215412788,41.53012537468629],[2.106075929860253,41.52603376784407],[2.106850690407043,41.52471036059467],[2.109160635055275,41.521287984253036],[2.110714654557626,41.519376139796975],[2.112515028945438,41.51756263530734],[2.112054094021232,41.51613792662397],[2.112902991979468,41.51399282770683],[2.112230469960195,41.513510764110436],[2.110074797713708,41.51123792189253],[2.108759606670503,41.508075146550766],[2.104759780139716,41.506714314014346],[2.099603905695687,41.51014818818834],[2.097423012861725,41.51009691693912],[2.093627008679505,41.509727274893805],[2.092039384210182,41.50947412922767],[2.090224960613455,41.50953656106344],[2.089014805888553,41.509825184084946],[2.088408768050215,41.51110406769857],[2.089054215979274,41.51139896798799],[2.093562788991505,41.512827818049345],[2.093401879593046,41.51367336693232],[2.094022511629589,41.5141043796134],[2.093939881919994,41.51686240607518],[2.096207212193065,41.51979740832371],[2.096885070789369,41.51964416924301],[2.097093597491494,41.51991227513139],[2.09794667639801,41.522383262277685],[2.097681065228983,41.52365002482878]]]}},{"type":"Feature","properties":{"postal_code":"08204"},"geometry":{"type":"Polygon","coordinates":[[[2.114643995823712,41.53119782432009],[2.115954624606218,41.5315494691327],[2.116314396592145,41.53130914330228],[2.116402745090625,41.53145756741276],[2.116167739649427,41.53194171204035],[2.116510528837807,41.531890469569475],[2.116608324714377,41.53172829122764],[2.121425313927091,41.53308760301047],[2.122363483088236,41.53281761214305],[2.123442605691707,41.53113645098642],[2.124055024219956,41.530880152297186],[2.123860285024136,41.530755706810396],[2.12421635180317,41.528595981319484],[2.126483281877938,41.52832303707845],[2.126358427199648,41.527906882996206],[2.121741490377474,41.52543110785933],[2.116541764990473,41.523083270276686],[2.114486109946029,41.522461615710995],[2.109160635055275,41.521287984253036],[2.106850690407043,41.52471036059467],[2.106075929860253,41.52603376784407],[2.10506744990289,41.52850911040707],[2.105593048780179,41.528721535670286],[2.113498239751948,41.53088102823682],[2.114643995823712,41.53119782432009]]]}},{"type":"Feature","properties":{"postal_code":"08203"},"geometry":{"type":"Polygon","coordinates":[[[2.125745868377123,41.53349069174203],[2.124000381412486,41.533666793387795],[2.123082341776637,41.53320179442727],[2.123505151741369,41.53313238385243],[2.122811513640443,41.532501888951],[2.123685020647201,41.53142753005642],[2.124452806052147,41.53113435017008],[2.124055024219956,41.530880152297186],[2.123442605691707,41.53113645098642],[2.122363483088236,41.53281761214305],[2.121425313927091,41.53308760301047],[2.116608324714377,41.53172829122764],[2.116510528837807,41.531890469569475],[2.116167739649427,41.53194171204035],[2.116402745090625,41.53145756741276],[2.116314396592145,41.53130914330228],[2.115954624606218,41.5315494691327],[2.105593048780179,41.528721535670286],[2.10506744990289,41.52850911040707],[2.104448215412788,41.53012537468629],[2.10386826780632,41.5324268908883],[2.103858920252947,41.533011091388744],[2.104270600207997,41.534422206819386],[2.104828509927756,41.53550613719847],[2.106195560376818,41.53727913622316],[2.108090529054664,41.53817786291802],[2.108192808051626,41.537893526065375],[2.108256220148405,41.53792179265656],[2.108182609739629,41.53815754273637],[2.114560322001239,41.539986580316395],[2.115419181749814,41.5403984940952],[2.116592843784701,41.54149638105309],[2.116910252306297,41.54218146390343],[2.117182880885252,41.54360211034907],[2.11702048580679,41.54430040963615],[2.115995073413899,41.54629088901328],[2.117242635439254,41.54628652730139],[2.117154444322125,41.54649898763813],[2.117249695117323,41.54650169729547],[2.117382576244893,41.54622547772357],[2.118467602897567,41.54617530364732],[2.118319232746387,41.54643408716339],[2.118401973971913,41.546441278142424],[2.118525799825818,41.54618958668004],[2.119146439956239,41.546170013835024],[2.119830986810598,41.54590846580305],[2.121875506449442,41.54399894699378],[2.122343892256822,41.54289763092089],[2.122750367835181,41.542202973888095],[2.123119116853729,41.54227281523822],[2.124059625151574,41.543286862898356],[2.124214170047878,41.54422185475477],[2.124036444226533,41.5455586619027],[2.124697214804598,41.545095458888284],[2.125991570354699,41.54236021944854],[2.129353971808314,41.54148539763298],[2.129544321413277,41.53969519457752],[2.129361777024371,41.53781776627687],[2.126105459599273,41.537044896105044],[2.125745868377123,41.53349069174203]]]}},{"type":"Feature","properties":{"postal_code":"08201"},"geometry":{"type":"Polygon","coordinates":[[[2.108248575011714,41.54611330438547],[2.108774407712758,41.5460726514317],[2.109194443268905,41.54619618590522],[2.112534472288075,41.5393846370913],[2.108182609739629,41.53815754273637],[2.108256220148405,41.53792179265656],[2.108192808051626,41.537893526065375],[2.108139668011233,41.538198504157606],[2.106137116135017,41.54025177330067],[2.105929994173891,41.540373092744005],[2.105751495834852,41.54033526635942],[2.105153437680997,41.54094293107141],[2.104680274674934,41.541478541201684],[2.104895716264309,41.54152583295081],[2.103065489780533,41.54340669396373],[2.102626221323021,41.543693850191005],[2.099914389437515,41.544424122175485],[2.099818418285338,41.54498997920416],[2.098440342148081,41.54959346126918],[2.098765418289418,41.55022057292109],[2.106284045572238,41.55210104362823],[2.107333527420337,41.550589087216565],[2.108679174004692,41.54795187387987],[2.10892117707067,41.54653127959483],[2.108159697711869,41.54641124977934],[2.108248575011714,41.54611330438547]]]}},{"type":"Feature","properties":{"postal_code":"08760"},"geometry":{"type":"Polygon","coordinates":[[[1.899187434552459,41.50294869612543],[1.902224040407134,41.50113363580863],[1.904290365907627,41.50122536755663],[1.904950294720322,41.50187239289659],[1.905609506773317,41.50155723717671],[1.906170458000247,41.50184834862239],[1.907934122062045,41.50157595836379],[1.908417996893036,41.50196041404183],[1.910445747773053,41.501530369031286],[1.910830216940951,41.500911800938866],[1.912967915336992,41.50004370605217],[1.919472456288815,41.49784890610209],[1.920195823278618,41.49886167672497],[1.921007831046552,41.49867492620683],[1.922794969212475,41.498553237142175],[1.924447418613454,41.49744690285229],[1.924416126702852,41.49719502523021],[1.922319154105651,41.49606956325971],[1.921107476828581,41.493997314824185],[1.922040497371029,41.49019273830419],[1.924590906345259,41.48813904558045],[1.932670225850245,41.48557765138747],[1.933318171196618,41.48339738538101],[1.933530232234432,41.48004855469702],[1.934235674836486,41.47767731225815],[1.935971423042702,41.47578224915145],[1.938080403387914,41.47517943628196],[1.938264164559541,41.47382100043882],[1.945149099851051,41.46723892803408],[1.946157896369812,41.46712509634608],[1.950755165918167,41.47200522695965],[1.95175180360286,41.46859439791314],[1.951290640250818,41.467722432344374],[1.951844532698999,41.4674565136072],[1.951328481923895,41.4671271198207],[1.952967125832174,41.465697433389835],[1.952302570007589,41.4654560121852],[1.95403819500666,41.464354118747565],[1.948697462218092,41.46150380835405],[1.945071813913046,41.46025675084837],[1.944415673944206,41.46028499495651],[1.943777667005691,41.46039356471124],[1.943161095408243,41.46062720228355],[1.939686072754057,41.4624605044487],[1.937668274671125,41.46331267324126],[1.937320660620003,41.46409290616265],[1.936619914277628,41.46463625585852],[1.93564782358817,41.46570448857125],[1.933434197230383,41.46618686693034],[1.931364058604402,41.46587968729773],[1.930897028075378,41.46571970599962],[1.930722859971979,41.46547510928883],[1.930034971236921,41.46524357613009],[1.928767631321136,41.46400152604957],[1.926934142996288,41.46334201632095],[1.926044122638132,41.46312813775336],[1.924168534350372,41.4615970455672],[1.922495307012809,41.46115567269612],[1.921812342065948,41.460356640346674],[1.920918721721591,41.459935765723],[1.920026105920044,41.45937083229808],[1.919063942846662,41.4591510307954],[1.920130964172643,41.458069870328245],[1.91894493196304,41.45758051592804],[1.918673339403085,41.45731306744409],[1.918463859419546,41.4566017621616],[1.918568623243345,41.45593102889387],[1.91799679291762,41.455649416987],[1.916807622973408,41.45559233611738],[1.915393259191546,41.45524780044559],[1.915064726955563,41.45533391592744],[1.913890733970163,41.455951428215826],[1.913292234249184,41.45595004595782],[1.912946640075347,41.45581178328712],[1.911673704577765,41.45448875555161],[1.911322063362547,41.45426972926458],[1.910868459711651,41.45412706621113],[1.909974417585317,41.45417434806768],[1.909380370407746,41.45438884267094],[1.909203039388728,41.45457650869889],[1.908709827796315,41.45565101778021],[1.908090229980132,41.45647883473043],[1.908148012320908,41.45692651814426],[1.908053689626058,41.45757883419583],[1.907376879639287,41.458283024042316],[1.907138015207238,41.45892349332456],[1.907205708976278,41.45934377439568],[1.907130364674572,41.46024731965804],[1.906802627439276,41.46081958435633],[1.90686023261361,41.4615823974097],[1.907132004138646,41.462327069338755],[1.907091226179148,41.46289601823662],[1.9064140960337,41.464230485348594],[1.906358676211937,41.46476406930634],[1.90642216744908,41.465131612334005],[1.907610401199065,41.465485930830994],[1.909287529795677,41.46550419696109],[1.911229292897531,41.468229063620356],[1.906623829626028,41.469543129611736],[1.905322576275864,41.47164145928588],[1.905816649418853,41.47533141990908],[1.901894867853855,41.47555251733479],[1.897309058366318,41.477917675860056],[1.897497689366844,41.4793135927481],[1.899471852344107,41.48277723987769],[1.899213576045668,41.48618145081326],[1.897159531687009,41.48561357031002],[1.894998170329302,41.48616445182796],[1.892342463333989,41.489699076151396],[1.89479854871405,41.49098138887996],[1.893339393298334,41.492906249224006],[1.895478432583559,41.493481797347044],[1.898034856223603,41.49293092841958],[1.898216330419302,41.4958042695514],[1.891452514921639,41.499964405632795],[1.892633125118607,41.50004911007835],[1.889685473905502,41.501148301952526],[1.891093462393371,41.50234875569049],[1.894264067232882,41.50340930189776],[1.895538961453894,41.50329002931136],[1.899187434552459,41.50294869612543]]]}},{"type":"Feature","properties":{"postal_code":"08420"},"geometry":{"type":"Polygon","coordinates":[[[2.277446570602763,41.635448156806945],[2.288337345292234,41.63258874707299],[2.28699769268934,41.623708468870745],[2.286821893215802,41.62172130979059],[2.285747153908005,41.6170894703028],[2.283543744747988,41.614659553395654],[2.283350752934894,41.6145337589258],[2.283153876949825,41.61455917376685],[2.283035026145512,41.61432912808675],[2.282747940065349,41.61424266816459],[2.282622992756899,41.613916789827954],[2.278476296144163,41.61512555779825],[2.277335737254475,41.61535042698057],[2.272809818118617,41.61531788141508],[2.271915770596308,41.61503338088579],[2.265843762179884,41.61488844164825],[2.262115635228383,41.61668222940136],[2.25347442920156,41.61811400585668],[2.250948167923582,41.61890498837448],[2.253746582039128,41.625877605766846],[2.253182673841309,41.630884264697045],[2.25391217870407,41.632334642729575],[2.252908532602703,41.636502909581566],[2.253625750927654,41.63853413724064],[2.254450954447975,41.63849447983637],[2.263110878963857,41.639324840069264],[2.267808744877641,41.63924224003733],[2.277445355618681,41.63544863614561],[2.277446570602763,41.635448156806945]]]}},{"type":"Feature","properties":{"postal_code":"08226"},"geometry":{"type":"Polygon","coordinates":[[[2.025902250788249,41.593574346378944],[2.026636617385975,41.59345279580987],[2.026947411393905,41.59371638080631],[2.027182597598767,41.59374526343316],[2.029161609720518,41.59264362630228],[2.029135828855431,41.592512572597116],[2.028622360033864,41.59268874259135],[2.027794166267768,41.590513623404945],[2.026871392600697,41.590234644713064],[2.024979392584896,41.587813525873514],[2.026663279586671,41.583717917947524],[2.027708539117782,41.57990101442027],[2.028709235442875,41.577263245302504],[2.032704098615227,41.573434250390335],[2.033531182617992,41.57190055826413],[2.033978482920645,41.57011416383756],[2.033838930622153,41.56785880174226],[2.033046538866643,41.560518749240885],[2.033041839908947,41.559813758997734],[2.033796958362927,41.557955549209225],[2.034465026939415,41.55684223258294],[2.033888589386891,41.55666996384775],[2.032999390109751,41.55845628632852],[2.032504485093909,41.5621024229884],[2.032844721106983,41.56223403157526],[2.033489935212344,41.56813359409006],[2.026325129101394,41.56868184778904],[2.025570730105073,41.568843616939375],[2.023158850900245,41.56906863181189],[2.023065224280685,41.568060625797216],[2.022880038582912,41.56808095137478],[2.022837326181673,41.569099147607574],[2.018867010903818,41.569481709313436],[2.018925357119542,41.56965886676329],[2.018738093987849,41.569637552830784],[2.018584324307085,41.570228269818756],[2.018447348566269,41.57020816907175],[2.018426051720894,41.57029786475465],[2.018523841302226,41.57031040310261],[2.018225672876497,41.57140481687878],[2.018888594632926,41.57153044407471],[2.018213819811933,41.571448376441424],[2.018015174860409,41.57217964217671],[2.01786643688655,41.57216281765989],[2.017842424088599,41.57229816472852],[2.017974846561913,41.57232836036553],[2.017296719967646,41.57484447998871],[2.017331116337914,41.57495393917293],[2.017677721349742,41.57510011857556],[2.01768748528923,41.57521039164624],[2.017264505352614,41.57537025873046],[2.018421171999478,41.58399709988623],[2.020399836083584,41.58397387759237],[2.020599443309663,41.58505231581171],[2.018534304914226,41.58484069634102],[2.019319363597731,41.59041419435954],[2.020548226919118,41.591487153908986],[2.023030500557127,41.592719208924336],[2.023938187197587,41.59412034008159],[2.024990623318615,41.59387315692061],[2.025902250788249,41.593574346378944]]]}},{"type":"Feature","properties":{"postal_code":"08202"},"geometry":{"type":"Polygon","coordinates":[[[2.130916727325086,41.563385122425416],[2.131267165247493,41.56252851457924],[2.133906383173041,41.563462577435985],[2.135711700234765,41.56324668708493],[2.138572227826046,41.5612363209994],[2.138791738847658,41.55916706011169],[2.140075744100272,41.55979315103309],[2.140945854367658,41.55881728139241],[2.141150640789419,41.556115657711416],[2.139903623753241,41.555659539556075],[2.140533885730235,41.554387724613775],[2.141873936732793,41.554212292962916],[2.143491979870987,41.55164420601528],[2.144932038183015,41.55152614841302],[2.145791835025136,41.54982200508147],[2.145910235269127,41.54920337133848],[2.14778885697018,41.546148055988],[2.148234274991808,41.543320300591404],[2.150158264792083,41.540991590689316],[2.149649982360813,41.54047424129317],[2.148379383301915,41.54137814808303],[2.147395771397726,41.54151231793912],[2.147218686792939,41.54109827816296],[2.145915906393952,41.54098513265774],[2.146220444717756,41.540141493934755],[2.144908287087787,41.53992187139721],[2.144991346673294,41.539152895289874],[2.145630376140957,41.53905386194617],[2.145424774034097,41.53826969988671],[2.144217196766192,41.538458920842515],[2.140287390550611,41.53741133026864],[2.139593835187327,41.534713386613475],[2.13784541733213,41.53306431686468],[2.138511773599475,41.531647437679055],[2.137380691765486,41.53150981082911],[2.135277433806493,41.53180923380904],[2.133985742048367,41.53152667041945],[2.133546532046807,41.533248424275314],[2.132034216805664,41.53442179313123],[2.13143728190505,41.53353978393386],[2.129448838593021,41.533177885051316],[2.128504204205626,41.5332157474088],[2.127841580124823,41.53310167470249],[2.125745868377123,41.53349069174203],[2.126105459599273,41.537044896105044],[2.129361777024371,41.53781776627687],[2.129544321413277,41.53969519457752],[2.129353971808314,41.54148539763298],[2.125991570354699,41.54236021944854],[2.124697214804598,41.545095458888284],[2.124036444226533,41.5455586619027],[2.124214170047878,41.54422185475477],[2.124059625151574,41.543286862898356],[2.123119116853729,41.54227281523822],[2.122750367835181,41.542202973888095],[2.122343892256822,41.54289763092089],[2.121875506449442,41.54399894699378],[2.119830986810598,41.54590846580305],[2.119146439956239,41.546170013835024],[2.118525799825818,41.54618958668004],[2.118401973971913,41.546441278142424],[2.118319232746387,41.54643408716339],[2.118467602897567,41.54617530364732],[2.117382576244893,41.54622547772357],[2.117249695117323,41.54650169729547],[2.117154444322125,41.54649898763813],[2.117242635439254,41.54628652730139],[2.115995073413899,41.54629088901328],[2.11702048580679,41.54430040963615],[2.117182880885252,41.54360211034907],[2.116910252306297,41.54218146390343],[2.116592843784701,41.54149638105309],[2.115419181749814,41.5403984940952],[2.114560322001239,41.539986580316395],[2.112534472288075,41.5393846370913],[2.109194443268905,41.54619618590522],[2.108774407712758,41.5460726514317],[2.108248575011714,41.54611330438547],[2.108159697711869,41.54641124977934],[2.10892117707067,41.54653127959483],[2.108679174004692,41.54795187387987],[2.107333527420337,41.550589087216565],[2.106284045572238,41.55210104362823],[2.106284034780344,41.55228066881779],[2.107389901422778,41.552494232622735],[2.107511460985108,41.55243088437777],[2.112263499361006,41.55378511768902],[2.113659933359202,41.55407636583158],[2.113602277822849,41.55421473821957],[2.11219250867731,41.55387952042349],[2.111718426564096,41.55487878682652],[2.114565038046067,41.556058408668605],[2.114508976108368,41.55663995706834],[2.114925132888573,41.55703828388965],[2.116430240063494,41.55690732281465],[2.117220311568133,41.55770535871528],[2.117612033768353,41.558911858595366],[2.117922502221688,41.56116894738898],[2.120250291217928,41.561982975933574],[2.120874109552517,41.56380987492577],[2.121898956271821,41.56741911420073],[2.121809838852982,41.57062732688962],[2.124750700184677,41.569156895774086],[2.12804728295572,41.568678359318824],[2.128616718386809,41.56629333117229],[2.130584760578245,41.564196486278775],[2.130916727325086,41.563385122425416]]]}},{"type":"Feature","properties":{"postal_code":"08207"},"geometry":{"type":"Polygon","coordinates":[[[2.052183488776961,41.58857359509534],[2.059282549949728,41.587343379193555],[2.062070132630481,41.58771552225352],[2.065209664094709,41.587838509039955],[2.064691041258527,41.58718619298838],[2.066185749572696,41.586211389044365],[2.069218036882887,41.5852755230469],[2.071323136653405,41.58581262155519],[2.07269419807875,41.585102095085574],[2.073657863919266,41.585312648859656],[2.0775399233288,41.58480878659623],[2.079236078881934,41.583813661571185],[2.079297615892244,41.58338047702739],[2.079910320404963,41.58278501071965],[2.083128111772908,41.58298564766949],[2.085433240551595,41.58043292024303],[2.086593161844917,41.58099479597303],[2.08715460320235,41.58295052104967],[2.08760815019599,41.58338056695959],[2.088099591023308,41.58337564856731],[2.0881707795578,41.58322055868183],[2.089421259883238,41.58295687296129],[2.089646613800198,41.58338011370125],[2.090242302240426,41.583349732803924],[2.090039390005813,41.5816195936693],[2.09048949529398,41.58047960764776],[2.091451980324621,41.57976820343981],[2.092731393638871,41.57842855263556],[2.093852367992383,41.57685274435863],[2.094214661677256,41.57471169418932],[2.094108627111439,41.57346931765488],[2.094412996362678,41.57212136700747],[2.095752527557067,41.570909410041224],[2.097987906716526,41.56909807831363],[2.098573805136994,41.56880180026286],[2.099242926819613,41.56819592789975],[2.099369132279605,41.56798915037899],[2.09935717219571,41.56710410237241],[2.10024222020229,41.56696058136572],[2.100816305128376,41.566266894701414],[2.100823140875264,41.56462177207709],[2.101392087974489,41.564615263683436],[2.101384235094372,41.564425801709376],[2.100807517852672,41.564436384031865],[2.100696704289476,41.56312138634286],[2.100994178438555,41.5616395509245],[2.102005066780407,41.56122643834942],[2.10251119533541,41.56077884216978],[2.101070619013854,41.56125877077562],[2.096646174881073,41.56187887311148],[2.094533843661964,41.561993601423524],[2.087553389577238,41.56277008776931],[2.082173635205095,41.56322201868119],[2.078615257987735,41.56401394818516],[2.068293099446976,41.56497497721341],[2.064541922871456,41.56545980892304],[2.064284476647288,41.56563104343786],[2.064491444824284,41.56596455881731],[2.064459413670988,41.56678353003588],[2.065812014712719,41.56814111422102],[2.062770879872176,41.569408923582955],[2.061115746894188,41.5704717387797],[2.062192547448092,41.57228649422632],[2.063267252581625,41.573294267316555],[2.064559805890326,41.57295865561741],[2.065813006664939,41.575495462345714],[2.060490443778974,41.577628199182016],[2.062634308826262,41.5791461028104],[2.0542626080329,41.581570970024245],[2.052220842118174,41.58122600807377],[2.050207778965841,41.583385409808784],[2.049404968564431,41.58432313830218],[2.049208306618027,41.58471799014313],[2.04822962389801,41.58462604075913],[2.04750449063971,41.585612311059265],[2.048238525387603,41.58611959614245],[2.046892321223652,41.587131530395766],[2.050653223067798,41.58955262495368],[2.052183488776961,41.58857359509534]]]}},{"type":"Feature","properties":{"postal_code":"08228"},"geometry":{"type":"Polygon","coordinates":[[[2.060529455469975,41.54233640630008],[2.063889214715459,41.540995329171096],[2.063718134884027,41.54047658312777],[2.062578067923482,41.53984169323951],[2.06221541900635,41.53897436097793],[2.061421013668848,41.53910329498103],[2.060578863323883,41.53890937416827],[2.06042188756004,41.53892962959873],[2.0593630707491,41.539904771687816],[2.059317031755597,41.540028807983106],[2.059612831367076,41.54043224475225],[2.059484743626001,41.54061777668903],[2.058542312577629,41.540572584856875],[2.058009182777539,41.54087872127593],[2.057594783272634,41.54098412002111],[2.055202129774443,41.540954812914265],[2.054226625258536,41.54059955822299],[2.053382185239627,41.54056335061813],[2.052458678625101,41.53821548515651],[2.051735376386489,41.53785564212416],[2.051342898755763,41.537285780414436],[2.050930454376953,41.5363636488633],[2.051455411138306,41.534818099175936],[2.051441703671685,41.534459506201244],[2.051218402007635,41.5342495360872],[2.050426245874519,41.53406461299147],[2.049499525082979,41.53352641731027],[2.049402111418317,41.5333752313818],[2.049678055797642,41.53233909996948],[2.050071716036882,41.532080515203575],[2.050869438074074,41.531696911183474],[2.051483475382099,41.53151153303082],[2.051469266093761,41.531607772180905],[2.054270367383538,41.53043285559181],[2.056571458206236,41.52553015379357],[2.057071283412995,41.52410418336137],[2.054901886612754,41.52517325334293],[2.053226371399887,41.52549737620291],[2.050973466252458,41.52518157117254],[2.046558582812338,41.5260232718565],[2.042993572195599,41.52517403215586],[2.042256817897794,41.52663868242922],[2.04038293022802,41.52796184416377],[2.038558000751095,41.52744835285915],[2.036748723075107,41.52544170816827],[2.036332791125403,41.526564081866866],[2.034108482620354,41.52893236014029],[2.032476444232486,41.5287430159774],[2.032425535410141,41.52699380312151],[2.031905704784435,41.524978613072506],[2.031543743848715,41.52228367585093],[2.032887458689231,41.522162616311675],[2.03686798127228,41.52097011797656],[2.035428265601979,41.51770241963095],[2.034388783315705,41.51681097744461],[2.033054998789169,41.517223152026816],[2.03055854464111,41.51948099804957],[2.027938375255815,41.52306177198318],[2.027847406132878,41.5243625379008],[2.025664030270775,41.52756413697534],[2.023122646892602,41.52796146015322],[2.023186551817901,41.52766925423265],[2.022407632805994,41.527856844717576],[2.021335622940626,41.531487061578616],[2.019965031860693,41.53406109844093],[2.019391941584843,41.53714300224772],[2.021554006212398,41.540953955860346],[2.02266670500444,41.54226132460042],[2.025678875379811,41.54285584032476],[2.027718480223655,41.54352177660866],[2.028959880094362,41.544433347421034],[2.027915920083615,41.545425665661924],[2.027295394167083,41.546441073097014],[2.027919256568453,41.54678401157287],[2.028162131976785,41.546156950283034],[2.02989032317987,41.544861550620055],[2.032912815973646,41.54596249887021],[2.034697311931382,41.54603244993757],[2.036617939166547,41.54570966167154],[2.039945673553973,41.54442436229448],[2.039761138965389,41.5470402697926],[2.040316986539665,41.547367971054996],[2.040478934655084,41.545489369139034],[2.041666474128476,41.54526670509432],[2.042816903077608,41.54396783404826],[2.045563088165977,41.54322562176503],[2.052502770586386,41.542112303340105],[2.058848684619079,41.542112303340105],[2.060529455469975,41.54233640630008]]]}},{"type":"Feature","properties":{"postal_code":"08223"},"geometry":{"type":"Polygon","coordinates":[[[2.029851959000723,41.55849675582061],[2.030582551143823,41.5583111123679],[2.033195763373783,41.55805194484134],[2.033888589386891,41.55666996384775],[2.034465026939415,41.55684223258294],[2.033796958362927,41.557955549209225],[2.036194627380155,41.55754929126675],[2.036110198127119,41.55730726032181],[2.035032543217312,41.55668783607473],[2.034098495649062,41.55648234638318],[2.037510184447456,41.553316621265026],[2.038344752608225,41.55242068696509],[2.039244757239771,41.55083501042736],[2.039540232195975,41.550090278243715],[2.039945673553973,41.54442436229448],[2.036617939166547,41.54570966167154],[2.034697311931382,41.54603244993757],[2.032912815973646,41.54596249887021],[2.02989032317987,41.544861550620055],[2.028162131976785,41.546156950283034],[2.027919256568453,41.54678401157287],[2.027295394167083,41.546441073097014],[2.027915920083615,41.545425665661924],[2.028959880094362,41.544433347421034],[2.027718480223655,41.54352177660866],[2.025678875379811,41.54285584032476],[2.02266670500444,41.54226132460042],[2.022555031689365,41.542130114413226],[2.022168823232619,41.54354621478598],[2.020595317220113,41.544890569044526],[2.017571711964933,41.54634317379839],[2.017081900709115,41.54701344211662],[2.017036787118002,41.547367909901084],[2.016824106447359,41.54749036338956],[2.016340739733323,41.548270194314],[2.016108723638695,41.548888902700696],[2.015882110670873,41.550189758550516],[2.015137927973001,41.55003648619487],[2.014201039446391,41.54939160304002],[2.012879838233914,41.548734224704674],[2.010912980449689,41.54944937458896],[2.009875314793931,41.549564205423735],[2.009693042000265,41.54970837574092],[2.009232974921872,41.550543174128165],[2.008359690047655,41.55295010796107],[2.007943059324703,41.55283417725548],[2.007826608810944,41.55309639887969],[2.008286687580551,41.55320605501538],[2.007382010071694,41.55603445162859],[2.007373481800755,41.55691915879214],[2.007916376439596,41.5570438120223],[2.008338681884652,41.55548177416455],[2.008796338779973,41.55555917521576],[2.008603991780774,41.55612309060814],[2.008814718224642,41.55619420629756],[2.008636329602894,41.55703207137299],[2.010964078129689,41.556869954185004],[2.014984226640763,41.5576204932911],[2.015017755165275,41.55742570013592],[2.015114106730607,41.557446346771485],[2.015065571219111,41.557635624384545],[2.017777898631095,41.55812728194849],[2.019536416772212,41.557411857771],[2.020272152138091,41.55728392561264],[2.021501561347975,41.55756321187272],[2.022113940306099,41.55803322905024],[2.023943912281709,41.55858236768211],[2.024032021560515,41.55831328782796],[2.024158473434795,41.55834816443621],[2.024161289212088,41.55864641829754],[2.025464439232451,41.55897957844479],[2.028373278404047,41.5588470651399],[2.02903657337913,41.55871336742791],[2.029851959000723,41.55849675582061]]]}},{"type":"Feature","properties":{"postal_code":"08222"},"geometry":{"type":"Polygon","coordinates":[[[2.018867010903818,41.569481709313436],[2.022837326181673,41.569099147607574],[2.022880038582912,41.56808095137478],[2.023065224280685,41.568060625797216],[2.023158850900245,41.56906863181189],[2.025570730105073,41.568843616939375],[2.026325129101394,41.56868184778904],[2.033489935212344,41.56813359409006],[2.032844721106983,41.56223403157526],[2.032504485093909,41.5621024229884],[2.032999390109751,41.55845628632852],[2.033210014930262,41.55805123617557],[2.030582551143823,41.5583111123679],[2.028373278404047,41.5588470651399],[2.025464439232451,41.55897957844479],[2.024161289212088,41.55864641829754],[2.024158473434795,41.55834816443621],[2.024032021560515,41.55831328782796],[2.023943912281709,41.55858236768211],[2.022113940306099,41.55803322905024],[2.021501561347975,41.55756321187272],[2.021514693248491,41.55764338643314],[2.019899285123927,41.557485407025865],[2.018959713919628,41.55773104695021],[2.019145513854369,41.558111452981166],[2.01927343162356,41.55894225927784],[2.019127569681586,41.559141948342244],[2.019082203380947,41.559718102608315],[2.018915460979713,41.559869451314114],[2.018858166071482,41.5601349257862],[2.019273905566251,41.56050561104507],[2.019675072446603,41.56041773559002],[2.020053314708719,41.55992105441311],[2.020676138393071,41.559788383726925],[2.02047667415917,41.55958529342655],[2.020630201022925,41.559552654331526],[2.020736581827805,41.55964090210591],[2.020653168808678,41.559657826447506],[2.021058141619903,41.559917733216764],[2.02026570220039,41.559998409598904],[2.019760704992507,41.56053205830784],[2.019416877986544,41.56067531941045],[2.018742950326896,41.56018232635324],[2.018669367797088,41.560212599331976],[2.018568850571967,41.56053733373096],[2.018783025915923,41.56071071402823],[2.018364875338705,41.56107787124671],[2.017803940299586,41.56248530934954],[2.017854933658271,41.56343379913051],[2.018252687611437,41.56433129465353],[2.018181295830118,41.564831038021964],[2.018456663744018,41.565453165631084],[2.017936523751587,41.565555154147035],[2.017334793665782,41.5661670834441],[2.016712666056662,41.567941677866145],[2.016802308679587,41.569712595859585],[2.018677485977207,41.56950013642211],[2.018867010903818,41.569481709313436]]]}},{"type":"Feature","properties":{"postal_code":"08224"},"geometry":{"type":"Polygon","coordinates":[[[1.998771514094074,41.56964672411698],[1.998083299804421,41.56851881688988],[1.996162034949919,41.56714238920989],[1.995837045143503,41.56664534470684],[1.995989981152718,41.56598580619999],[1.996365271839807,41.56577956917175],[2.001081599935901,41.56816882413193],[2.00191916823502,41.56846591606916],[2.002049106780817,41.568262532589756],[2.004445987092595,41.56903866100538],[2.007821857692591,41.56430991057391],[2.007921318214244,41.564033115435905],[2.007629274171677,41.560722755950394],[2.007645321674261,41.559569366433095],[2.007432560064558,41.55693272416585],[2.007337570972084,41.556644706388056],[2.007382010071694,41.55603445162859],[2.008286687580551,41.55320605501538],[2.007826608810944,41.55309639887969],[2.007943059324703,41.55283417725548],[2.008359690047655,41.55295010796107],[2.009050013247474,41.55096047484602],[2.009693042000265,41.54970837574092],[2.009875314793931,41.549564205423735],[2.010912980449689,41.54944937458896],[2.012879838233914,41.548734224704674],[2.014201039446391,41.54939160304002],[2.015137927973001,41.55003648619487],[2.015882110670873,41.550189758550516],[2.016108723638695,41.548888902700696],[2.016340739733323,41.548270194314],[2.016824106447359,41.54749036338956],[2.017036787118002,41.547367909901084],[2.017081900709115,41.54701344211662],[2.017571711964933,41.54634317379839],[2.020595317220113,41.544890569044526],[2.022168823232619,41.54354621478598],[2.022555031689365,41.542130114413226],[2.021554006212398,41.540953955860346],[2.019391941584843,41.53714300224772],[2.019965031860693,41.53406109844093],[2.021335622940626,41.531487061578616],[2.022407632805994,41.527856844717576],[2.020368985740106,41.52839291260284],[2.019834266837961,41.52863158997587],[2.019523372105937,41.52905222717851],[2.01954377322653,41.52978651463593],[2.019368030410249,41.530311920158965],[2.019207342245011,41.53050872239959],[2.018464652421756,41.53104734166146],[2.017397506090049,41.53153812688305],[2.013523369707741,41.532432730186315],[2.011001023178665,41.53278938602131],[2.010162047440531,41.532827204312014],[2.008639234413124,41.532633981373124],[2.006266206819987,41.53258197267985],[2.004900642050984,41.53298451822093],[2.004486477269097,41.533534857447705],[2.004012075896583,41.53374245065356],[2.003544138850941,41.53447697643128],[2.003062739853533,41.53481960374171],[2.001896579963159,41.53533191513577],[2.001478211750054,41.535715580309784],[2.000991310700442,41.53644092760669],[2.000677896068055,41.53669941884306],[2.000462288104075,41.53732354564511],[1.999571871144951,41.5383381373951],[1.99942106562969,41.53881423309036],[1.999779055159252,41.53940730090619],[1.999743597588974,41.539519585760274],[1.998758885813913,41.540479301778305],[1.998454896975886,41.54114317411819],[1.997490654669946,41.54159864925822],[1.997098684256855,41.54201857509713],[1.996834815973955,41.54214689935992],[1.99109572578709,41.54073215516479],[1.990187059784944,41.53980092697117],[1.990156323655413,41.53956199059337],[1.98962293035396,41.53868810497204],[1.98901656786029,41.537980205422116],[1.987446841698386,41.53646674624332],[1.986676616432703,41.536203251179074],[1.985744201133969,41.535249265641085],[1.980361378274949,41.535321087298314],[1.97829330808969,41.53382634031334],[1.9778068980699,41.5340455230824],[1.97704027818628,41.5342048478754],[1.976191676104975,41.53423269538257],[1.974102026687149,41.53463847398638],[1.972854664311285,41.535872002091196],[1.97159267176437,41.53660196830617],[1.970984266910364,41.53710551760554],[1.970457353224276,41.53804671928066],[1.970401099730964,41.5385623221934],[1.970229970436776,41.538830833676],[1.969698021446504,41.53892592888849],[1.969035633887358,41.53888263102857],[1.968133195690427,41.5386786351109],[1.966034382180965,41.538499421810855],[1.964812464323757,41.53866038067201],[1.963886626666465,41.53908762159642],[1.963368635154382,41.53920909842111],[1.962306361349476,41.53926405329338],[1.961239472223838,41.539103126807845],[1.960465647871331,41.5393256964237],[1.959591517634408,41.53902137483658],[1.958772114741294,41.53895782964008],[1.958581597862462,41.5394426361687],[1.9581656182487,41.539966013720516],[1.960935483385811,41.54045039666846],[1.965272487335426,41.54262868956238],[1.96887780916353,41.5436983243182],[1.970441962226744,41.545645016604226],[1.971783594237479,41.545947605197796],[1.972755389049951,41.547374920116454],[1.973326721151238,41.54716864891401],[1.974361118670686,41.54845739629178],[1.974773840040655,41.54962668402425],[1.977144487128385,41.550522681276675],[1.978962392900087,41.55280429098519],[1.981583120764412,41.55368926075079],[1.983042644002808,41.554742802138605],[1.987817294932199,41.56086137565194],[1.983421287362489,41.57076496543078],[1.986264681070168,41.57090713475645],[1.98860089671399,41.571914123637896],[1.990212079823607,41.57147104924951],[1.990775994316664,41.57046406036807],[1.995147272328722,41.56732107280925],[1.997833816177661,41.56961880376474],[1.997968233347308,41.569565037796224],[1.99971565205567,41.57139221108167],[1.9994983452724,41.572546178863035],[1.999639483075669,41.57286474661072],[2.001212159913223,41.57244133410029],[2.000797923185587,41.57165401631977],[2.000233969122348,41.570860656893785],[1.999641340175685,41.57036361418943],[1.998771514094074,41.56964672411698]]]}},{"type":"Feature","properties":{"postal_code":"08227"},"geometry":{"type":"Polygon","coordinates":[[[2.057367698160704,41.596340508107915],[2.058812119083996,41.59496132490517],[2.059228712934726,41.59522143492126],[2.059284630081606,41.59395192404202],[2.060668712790857,41.59342160732132],[2.060300893671297,41.59314055928934],[2.061385730566997,41.592140487993106],[2.060298383663451,41.5912670799118],[2.061197399940056,41.590499771147506],[2.062273107817646,41.59030897997542],[2.06207006787929,41.58771469577658],[2.059282549949728,41.587343379193555],[2.052183488776961,41.58857359509534],[2.050653223067798,41.58955262495368],[2.046892321223652,41.587131530395766],[2.048238525387603,41.58611959614245],[2.04750449063971,41.585612311059265],[2.04822962389801,41.58462604075913],[2.049208306618027,41.58471799014313],[2.049404968564431,41.58432313830218],[2.050207778965841,41.583385409808784],[2.052220842118174,41.58122600807377],[2.0542626080329,41.581570970024245],[2.062634308826262,41.5791461028104],[2.060490443778974,41.577628199182016],[2.065813006664939,41.575495462345714],[2.064559805890326,41.57295865561741],[2.063267252581625,41.573294267316555],[2.062192547448092,41.57228649422632],[2.061115746894188,41.5704717387797],[2.062770879872176,41.569408923582955],[2.065812014712719,41.56814111422102],[2.064459413670988,41.56678353003588],[2.064491444824284,41.56596455881731],[2.063023154994596,41.5635986025934],[2.067474514037599,41.5625832599095],[2.067816004604936,41.56172973763728],[2.068815299786252,41.5607149444391],[2.067351847409839,41.559941176743905],[2.066419882671426,41.56044099295741],[2.064841025692772,41.5594134941374],[2.065245322213855,41.55906362098932],[2.063798840044399,41.5578839865567],[2.06693782562013,41.55618666458287],[2.064999808194557,41.555318504945035],[2.064947443369817,41.55433892380228],[2.065881321865504,41.55359703527495],[2.062830326858091,41.553633370583555],[2.060945114925119,41.55281628524335],[2.063465652018238,41.54858079496768],[2.063409082862847,41.54769783158963],[2.065850447240337,41.544595426837475],[2.065883755430946,41.543178762589775],[2.066022268113159,41.54250859139836],[2.065674593807444,41.542037235130294],[2.065160741874706,41.54251943092697],[2.064921345044013,41.54160073388675],[2.064048751748487,41.5414790789963],[2.063889214715459,41.540995329171096],[2.060529455469975,41.54233640630008],[2.058848684619079,41.542112303340105],[2.052502770586386,41.542112303340105],[2.045563088165977,41.54322562176503],[2.042816903077608,41.54396783404826],[2.041666474128476,41.54526670509432],[2.040478934655084,41.545489369139034],[2.040316986539665,41.547367971054996],[2.039761138965389,41.5470402697926],[2.039540232195975,41.550090278243715],[2.039244757239771,41.55083501042736],[2.038344752608225,41.55242068696509],[2.037510184447456,41.553316621265026],[2.034098495649062,41.55648234638318],[2.035032543217312,41.55668783607473],[2.036110198127119,41.55730726032181],[2.036194627380155,41.55754929126675],[2.033796958362927,41.557955549209225],[2.033041839908947,41.559813758997734],[2.033046538866643,41.560518749240885],[2.033838930622153,41.56785880174226],[2.033978482920645,41.57011416383756],[2.033531182617992,41.57190055826413],[2.032704098615227,41.573434250390335],[2.028709235442875,41.577263245302504],[2.027708539117782,41.57990101442027],[2.026663279586671,41.583717917947524],[2.024979392584896,41.587813525873514],[2.026871392600697,41.590234644713064],[2.027794166267768,41.590513623404945],[2.028622360033864,41.59268874259135],[2.029135828855431,41.592512572597116],[2.029161609720518,41.59264362630228],[2.027182597598767,41.59374526343316],[2.026947411393905,41.59371638080631],[2.026636617385975,41.59345279580987],[2.023938187197587,41.59412034008159],[2.024303886615087,41.594645447029734],[2.024482047708318,41.594645447029734],[2.024744881770857,41.59505341997931],[2.028471031113156,41.593614770005615],[2.044109353863576,41.6038877536169],[2.044324452811225,41.60356937742483],[2.048940564055783,41.6010860353922],[2.051418898663258,41.59903397044138],[2.054399022596783,41.59787496016128],[2.054921808394738,41.597203749353525],[2.056791835274964,41.596889593679805],[2.057367698160704,41.596340508107915]]]}},{"type":"Feature","properties":{"postal_code":"08620"},"geometry":{"type":"Polygon","coordinates":[[[1.994572232322639,41.395817518563604],[1.994697932363692,41.39588489667062],[1.995363032278078,41.40173622584615],[1.993416875988032,41.40380168170225],[1.992388926607646,41.403809850244386],[1.991177099143783,41.40453784244744],[1.988611655303657,41.40834920255361],[1.990698470058362,41.40936696891049],[1.992516215750754,41.4088996389072],[1.998030032060342,41.40579537975293],[2.002419183198754,41.40874680092412],[2.006806401694064,41.410285722607966],[2.009380936780815,41.41094705616172],[2.012233253561817,41.407769764862735],[2.015996626742947,41.39919563027411],[2.019108324189801,41.39613342162011],[2.021353159720547,41.39036306920025],[2.021786236345747,41.38946349084739],[2.026378164820414,41.38422055483471],[2.026760589829337,41.38328378591797],[2.015389947687936,41.379693415318854],[2.009620853419619,41.37881162105947],[2.007518038826447,41.37930012739895],[2.002260603044363,41.3779173460087],[2.002456344984296,41.37751211868931],[1.999903949407724,41.37167279366446],[1.994566709585968,41.375641641248706],[1.991058395828304,41.376019378091826],[1.990410224752054,41.37599411973281],[1.988906019597096,41.37678825437439],[1.985814656721004,41.37560026524005],[1.984338105719019,41.37660979200825],[1.979765874195721,41.37777901229157],[1.979235915405184,41.378505374023746],[1.978781185803086,41.38022729425421],[1.979197946028364,41.38035271730405],[1.981821031015784,41.380582078600014],[1.980910200345477,41.38149384456523],[1.983160125139648,41.38682622265202],[1.98593455793349,41.38902684930963],[1.985682466272806,41.3901013359079],[1.989228101895378,41.394097131677256],[1.991930356001092,41.394401614243066],[1.994100712377985,41.39556481626323],[1.994572232322639,41.395817518563604]]]}},{"type":"Feature","properties":{"postal_code":"08140"},"geometry":{"type":"Polygon","coordinates":[[[2.117814095244285,41.644066679233845],[2.116003668234669,41.643632631340836],[2.116406655342871,41.644776592365815],[2.112916010565414,41.64526715995146],[2.111830849913758,41.64671945174126],[2.111956124575499,41.64814591140464],[2.110369052289911,41.649927231856225],[2.11047345458627,41.65079475207614],[2.108951698262274,41.653698511876826],[2.108102167181244,41.65449319780282],[2.106080611730818,41.65488991483767],[2.105450304787723,41.65587175597676],[2.10200150096847,41.65674560022927],[2.101865972236794,41.658208939291114],[2.097900043851951,41.658618931218655],[2.093428967173111,41.659246990756],[2.095895570124469,41.658925282575694],[2.097219313720359,41.65896542111727],[2.098942967843698,41.6592038799551],[2.099726674846181,41.65985323633777],[2.100007918030997,41.66052498044348],[2.10199380636908,41.661345856426124],[2.102804519113249,41.66127375507972],[2.102414521812705,41.66211037819136],[2.103230994714636,41.66317240378339],[2.103943587826279,41.663680834602815],[2.104500353608444,41.664646367435864],[2.106106414179635,41.6646108792886],[2.106956690798654,41.66473501360997],[2.107917049831997,41.66518739238421],[2.108339018930565,41.66566373988968],[2.108602738825311,41.66626418394492],[2.109068909602513,41.66654051593207],[2.111912333887062,41.66651276824962],[2.112514203367766,41.66668398387873],[2.113264135431507,41.6670556511973],[2.114399613151591,41.66729306592225],[2.114578809364559,41.66773521670689],[2.114911931740266,41.66799946630232],[2.115482842958841,41.66808203575732],[2.115994491552556,41.66802316883417],[2.1165731864034,41.66820441370271],[2.117604214163123,41.66878859891466],[2.117525575644777,41.66900815040577],[2.117158505660484,41.669375671849764],[2.117659741004218,41.66948831373469],[2.119802924365445,41.66941063209498],[2.12038717882524,41.66951053688177],[2.120667674673427,41.6698671540459],[2.121012592557065,41.67058096843692],[2.121602837401042,41.670302506855194],[2.126674192659834,41.66975165501486],[2.133952626312634,41.66917375966125],[2.13414444091319,41.674593934062784],[2.132961004147035,41.67556524863727],[2.132659700684655,41.6761549296063],[2.13174925132688,41.67708697078706],[2.131632850275821,41.67743433932327],[2.13196971562985,41.677743338284415],[2.132043692062723,41.67837021701189],[2.130892417750886,41.67929506091832],[2.130680464631723,41.679799683108854],[2.131877376839441,41.68231194643914],[2.132122157911226,41.68387649160678],[2.133199212973295,41.68548477979874],[2.133414105976215,41.6862224064389],[2.133363402199222,41.68679186974896],[2.132985118568342,41.687168943791676],[2.133833582154068,41.6872659779425],[2.134163362649076,41.68748529381122],[2.134450454125158,41.687922555881244],[2.135023360939329,41.68832903685552],[2.136620526316221,41.688626608131415],[2.136909785158423,41.68909076622583],[2.137260160128278,41.689417158075344],[2.138210122099451,41.689581627889766],[2.138427616841057,41.68975168339347],[2.145920703377726,41.68432007501144],[2.147934428431142,41.68276101840627],[2.153036616046961,41.67763639540328],[2.159082836403741,41.67860506237372],[2.162565141767857,41.67681085373789],[2.164929416259554,41.67708989628164],[2.164912068337287,41.67642546096624],[2.164200475271684,41.675188097252885],[2.164225953964603,41.674457711953835],[2.165493835272287,41.672149860927334],[2.1653000664449,41.67078113773931],[2.164852987375468,41.67029714419783],[2.164538483664103,41.669519077743246],[2.164085236144729,41.66910735462068],[2.163887489615945,41.668287995794344],[2.16419153061463,41.66788715536791],[2.165183990049115,41.667536364911314],[2.164407972250103,41.66729224304254],[2.164540011612246,41.66669211195136],[2.164228501743935,41.665202670966494],[2.163844192655347,41.66475181114714],[2.164056602630069,41.66425607335907],[2.163939919191932,41.6626498410173],[2.163526017012089,41.662578478014325],[2.163725409300184,41.6619212759461],[2.16345458026467,41.66153735626398],[2.16318683410509,41.6613423427749],[2.163433430008752,41.66067401609297],[2.163212124839674,41.660458932433755],[2.163447527781159,41.66025026903469],[2.16346172717698,41.659079249207934],[2.16382486262728,41.65866677155424],[2.164055609778529,41.657801099441144],[2.166292986332223,41.658006336423284],[2.16794268380778,41.65896732318339],[2.17084533114712,41.65893541433786],[2.172056797083485,41.658772690107526],[2.17307153902027,41.65840280974186],[2.179410316033227,41.65840458770151],[2.185597409792592,41.65189487115134],[2.186984322668366,41.65017573702062],[2.187803489939085,41.648429114212206],[2.194287648656029,41.64444424970236],[2.197346645831033,41.64054973108517],[2.198251264883936,41.63866314588745],[2.199819881282508,41.638476652575434],[2.203336447219272,41.63446274176209],[2.203457143432388,41.632088406554715],[2.203791171425394,41.62938366312551],[2.198407748718637,41.62809745363455],[2.199834051899984,41.620785503148454],[2.199108245948764,41.61847770068533],[2.199623471146253,41.617427406749414],[2.199028821422985,41.61525720865325],[2.197645573284547,41.61521299438414],[2.19676694194078,41.61413592673159],[2.191916443988703,41.61423757620315],[2.19097051637624,41.61186932401006],[2.185556967280206,41.61212278713691],[2.187984776176449,41.60621452907725],[2.186476989921118,41.6061111340216],[2.185033474615125,41.60531272490232],[2.184925734035403,41.60217503524967],[2.18309464420247,41.602232502827746],[2.182287882179992,41.6014390237919],[2.179986591707802,41.60161618663767],[2.164254822202281,41.60122590874869],[2.164115499230888,41.60427630031097],[2.162803043026031,41.60691811278065],[2.162473204974447,41.610598842762386],[2.161070788685947,41.61270451540105],[2.160892791269305,41.61393636627025],[2.158937273936033,41.615889689257756],[2.156827948251191,41.62146789432785],[2.15420423014109,41.62332178467261],[2.149918036088479,41.629599799890855],[2.145920343648925,41.63258149404072],[2.141309771328849,41.63360711687494],[2.139591943013727,41.63705180899376],[2.135102214395658,41.63944749860315],[2.13311771101354,41.63728563992032],[2.132258878244613,41.63871113191317],[2.129518578319733,41.64031928340819],[2.126618393324179,41.63991729724546],[2.12374243606456,41.6410362256413],[2.121440105976092,41.64543521086625],[2.118902669722445,41.645376917710564],[2.117814095244285,41.644066679233845]]]}},{"type":"Feature","properties":{"postal_code":"08718"},"geometry":{"type":"Polygon","coordinates":[[[1.688073269565734,41.52301608372528],[1.688674052665363,41.5228744782745],[1.689777580171153,41.522892397266276],[1.690143945986335,41.52282341027217],[1.690383148563456,41.52265154443319],[1.692133011629153,41.52266104666995],[1.692141527309616,41.52228250043703],[1.692377780110462,41.52140849520589],[1.692810484416327,41.52093160900654],[1.693548926741585,41.52054121690361],[1.695133676977605,41.52042234181761],[1.697639678328471,41.52061688765923],[1.699434866325987,41.52042630872717],[1.700771168054928,41.520515627594136],[1.702109637150045,41.5204697513779],[1.703299083186153,41.52018690290322],[1.703942546311453,41.519809352219795],[1.704086529569679,41.51931726927654],[1.703892821896204,41.518793964569795],[1.703634383719816,41.51853445889816],[1.703312112563935,41.518385627394764],[1.701387802604984,41.51795127373225],[1.700842055316571,41.517694536173906],[1.699053355028298,41.516651348680796],[1.698755781953764,41.51634842374074],[1.696833387550782,41.51560779606291],[1.696615375699025,41.515409644839224],[1.696504024341266,41.51486497493863],[1.696969335366532,41.513351316110345],[1.697178667861237,41.5130996399364],[1.698009335662277,41.51266044882061],[1.698209350281275,41.51244514482755],[1.69825779765921,41.51195698112974],[1.698619184827521,41.51165407867279],[1.700142071599316,41.51151065389354],[1.703082375351357,41.512578606017826],[1.703562101609691,41.51258597236472],[1.703752765977356,41.5124070702301],[1.703728431222089,41.51223702371965],[1.70345810670625,41.51197798119887],[1.703389732150413,41.5115306197423],[1.703566690850096,41.51116318373391],[1.703878275362115,41.510835291815226],[1.706619882901236,41.51065078510561],[1.707062662312012,41.51047954969147],[1.707301908056593,41.5101456224225],[1.707333156799734,41.509586093923076],[1.707228077313914,41.50929330973844],[1.706696711983682,41.50873883183158],[1.705760643638769,41.50821902818558],[1.705104659252584,41.508092847007276],[1.703943449230792,41.50826654116793],[1.703190840784657,41.50796424485401],[1.702937902861891,41.50761448681908],[1.702809138830673,41.507160583693974],[1.702821572857317,41.506835922140056],[1.703198485921405,41.50625324778912],[1.70353177377234,41.50605948255907],[1.705362155838827,41.50553427758484],[1.705531502676706,41.50539224495611],[1.705968913134825,41.50398717836555],[1.70678402895976,41.5028468416084],[1.708280956800706,41.501524848992574],[1.709006322983385,41.501288036813435],[1.710236389597696,41.50107543708174],[1.711060145209501,41.500708501995746],[1.712752927405688,41.49911733599623],[1.713165626292607,41.49902835707297],[1.714903309839883,41.49920902277813],[1.715846330843476,41.50114212630808],[1.716276436108615,41.50145755632116],[1.716895226333634,41.50156716659143],[1.717609377970405,41.50117763873703],[1.717905692893396,41.500805308618055],[1.717563579095895,41.500054042859745],[1.717319739614254,41.499830012744894],[1.71705418600186,41.49831927581391],[1.717158466889714,41.497612716253855],[1.717355130634758,41.49735252080217],[1.718795842753934,41.49674403141188],[1.71999422085662,41.49576733439494],[1.722082071630268,41.4946729916652],[1.724121169256534,41.493238511847835],[1.725183454752596,41.49286161407218],[1.72624149185134,41.49209774521472],[1.726324546040928,41.49192323986563],[1.72614791289584,41.491471318846266],[1.726198971905035,41.49085698116471],[1.726566944808667,41.49031961555778],[1.72675143712911,41.48956467606894],[1.728654393585373,41.487415386311],[1.730427606648732,41.48693714843063],[1.732540023303443,41.48602167186266],[1.733403261851038,41.48554487469619],[1.733588529387134,41.485294158998215],[1.733606012207701,41.48504133439002],[1.73299297584515,41.483860103660845],[1.732936914806771,41.48358331481808],[1.733221883882834,41.483058352660805],[1.733468785555999,41.48283205085846],[1.734651671937115,41.48230606437335],[1.7368537581944,41.4803243758692],[1.737140980971503,41.48015945009854],[1.737675546089577,41.48010138537063],[1.738593020951157,41.48036961176814],[1.739191820146345,41.48037188975087],[1.739542695139278,41.480258342248646],[1.74032230213254,41.47978493013039],[1.740830726656725,41.47920569928357],[1.741235111311312,41.47851371683453],[1.742033669718069,41.477481310414134],[1.742513347413023,41.477164383929164],[1.742994155555834,41.477027416282226],[1.743841804355782,41.477163436943044],[1.74402786239591,41.47708375521108],[1.744186064834992,41.476626994040544],[1.744066795845924,41.47646985909671],[1.743795687121235,41.47636405205935],[1.743084267624852,41.47629441125804],[1.741804107873293,41.47597820063345],[1.740473336974901,41.47595213288463],[1.740154467954312,41.47584829086588],[1.739613204685611,41.475321425743175],[1.738393823815898,41.47452543580022],[1.737080085177752,41.47325616414065],[1.737189639690087,41.473116554285525],[1.73957423886003,41.47200065210836],[1.740098059777608,41.47196099560347],[1.740517608800587,41.472132763416255],[1.741235981855084,41.47262528882601],[1.742414135104241,41.47269361391915],[1.744220688733776,41.473006081565416],[1.744702173166729,41.47287815480297],[1.745055836957306,41.47247637098769],[1.744979908096298,41.47209235687677],[1.744846796742252,41.471908780066144],[1.743961341342811,41.4714231722416],[1.743290894958818,41.47076659790014],[1.742841544201895,41.47051507191304],[1.742404402641057,41.46993892484147],[1.742441798250354,41.46963122719933],[1.742674066155246,41.46936954067172],[1.744455833569873,41.46819743176604],[1.74544594937106,41.46782330480164],[1.745761739112936,41.46755817207196],[1.746982703688786,41.46706646144804],[1.747545117213406,41.46673708025202],[1.747928046741947,41.4662440170477],[1.74915877165995,41.46588694932325],[1.750977291668676,41.46587471224814],[1.752241061275924,41.46564229325719],[1.753008333168054,41.46533142910215],[1.752503600360853,41.46465001368716],[1.751756306908021,41.46392466459156],[1.750848247948284,41.46362014155625],[1.750279171346676,41.463040452954544],[1.75012557973173,41.46274068193691],[1.749225938426321,41.461895589010226],[1.74885609133554,41.46174879537057],[1.748219061960128,41.46171214979586],[1.746567505585915,41.460240854431845],[1.746543865107299,41.459917703738995],[1.747266402922151,41.45867236933435],[1.745533594599692,41.45903209365616],[1.744940808271679,41.45927273784656],[1.744769398388996,41.45971197572709],[1.744553805713565,41.459873958016715],[1.743419170658171,41.46039804693231],[1.742390448760204,41.46106185092367],[1.741502523822419,41.461359672211074],[1.740641375299219,41.461368221166424],[1.739890416209732,41.461246176869565],[1.738430406438113,41.460757276626964],[1.737681368300514,41.460662155334205],[1.737328626315048,41.460748743859426],[1.73676678835659,41.461087050826734],[1.735899690818087,41.46183414912667],[1.734732151367666,41.461909347738185],[1.732766930349555,41.46286379822567],[1.731389536797678,41.46334377269693],[1.73076129469797,41.46375685469508],[1.729760470669191,41.46414924059496],[1.728292149363199,41.46403869143245],[1.727324547190108,41.463736432890016],[1.725495718252773,41.46344262167963],[1.725192677300186,41.463554125022824],[1.725097020011447,41.463720148865775],[1.724221381611471,41.46418837369447],[1.723761488102184,41.46461247958223],[1.722132134190645,41.46557991987737],[1.720225891611619,41.46570338240514],[1.719800826147207,41.465783912197764],[1.71909893496786,41.46617292563997],[1.718480940642905,41.46623433764455],[1.716737587769444,41.46596386563988],[1.716071236898074,41.46601828991214],[1.715510589642008,41.466374478999],[1.714573613881157,41.46649404296568],[1.71383286929148,41.467172722643],[1.713230507881633,41.46744959512267],[1.711965215722103,41.46766363017235],[1.711036949895288,41.46823293610112],[1.710329062036578,41.46854111937711],[1.710055277828815,41.469056590089565],[1.710010997909194,41.469931748251554],[1.709490678951681,41.470349283692485],[1.709123942615861,41.470904561096575],[1.708437760794027,41.471346898040906],[1.707919764785288,41.471962404841065],[1.706790201006982,41.47272905620093],[1.705471814672478,41.47287317255882],[1.702701123058375,41.473626029217826],[1.702372717626815,41.474215728173306],[1.697270001209574,41.480014762671146],[1.69502858939785,41.47746982607157],[1.69256717823265,41.477382953360575],[1.691148247693491,41.4781068968158],[1.691090332252998,41.479844362727135],[1.692625093673144,41.48140808321642],[1.6947839962844,41.482840008059895],[1.69022551989184,41.48802053382053],[1.683657245785241,41.50003878406261],[1.67986047987722,41.50717164535513],[1.680271182269223,41.5075510657291],[1.680603262330692,41.50850093956666],[1.680293838889554,41.5101882430929],[1.679654848092753,41.51062850080467],[1.679506533699566,41.51122879107584],[1.679490246077989,41.511832708312795],[1.679603987833787,41.51241330882709],[1.680071012966891,41.51341168939791],[1.6802643312339,41.5174104799097],[1.680941035999979,41.51981390638667],[1.681656481761195,41.52092815920713],[1.684807511057784,41.52192498934676],[1.686144973811508,41.52169931886846],[1.686304207772935,41.5217468048711],[1.686631356851649,41.52212961478989],[1.687449626599005,41.52251035986518],[1.687865691648312,41.52296152275602],[1.688070338675175,41.52301532199948],[1.688073269565734,41.52301608372528]]]}},{"type":"Feature","properties":{"postal_code":"08221"},"geometry":{"type":"Polygon","coordinates":[[[2.01233258008449,41.57020453221338],[2.0136479779718,41.570082654291014],[2.013962942136061,41.57021686731457],[2.014478450620004,41.57019467834169],[2.01523662766823,41.56989211582845],[2.016802308679587,41.569712595859585],[2.016712666056662,41.567941677866145],[2.017334793665782,41.5661670834441],[2.017936523751587,41.565555154147035],[2.018456663744018,41.565453165631084],[2.018181295830118,41.564831038021964],[2.018252687611437,41.56433129465353],[2.017854933658271,41.56343379913051],[2.017803940299586,41.56248530934954],[2.018364875338705,41.56107787124671],[2.018783025915923,41.56071071402823],[2.018568850571967,41.56053733373096],[2.018669367797088,41.560212599331976],[2.018742950326896,41.56018232635324],[2.019416877986544,41.56067531941045],[2.019760704992507,41.56053205830784],[2.02026570220039,41.559998409598904],[2.021058141619903,41.559917733216764],[2.020653168808678,41.559657826447506],[2.020736581827805,41.55964090210591],[2.020630201022925,41.559552654331526],[2.02047667415917,41.55958529342655],[2.020676138393071,41.559788383726925],[2.020053314708719,41.55992105441311],[2.019675072446603,41.56041773559002],[2.019273905566251,41.56050561104507],[2.018858166071482,41.5601349257862],[2.018915460979713,41.559869451314114],[2.019082203380947,41.559718102608315],[2.019127569681586,41.559141948342244],[2.01927343162356,41.55894225927784],[2.019145513854369,41.558111452981166],[2.018959713919628,41.55773104695021],[2.019899285123927,41.557485407025865],[2.021514693248491,41.55764338643314],[2.021501561347975,41.55756321187272],[2.020272152138091,41.55728392561264],[2.019906801657555,41.557292089658176],[2.017695711387944,41.558124178388084],[2.015065571219111,41.557635624384545],[2.015114106730607,41.557446346771485],[2.015017755165275,41.55742570013592],[2.014984226640763,41.5576204932911],[2.010964078129689,41.556869954185004],[2.008636329602894,41.55703207137299],[2.008814718224642,41.55619420629756],[2.008603991780774,41.55612309060814],[2.008796338779973,41.55555917521576],[2.008338681884652,41.55548177416455],[2.007916376439596,41.5570438120223],[2.007432560064558,41.55693272416585],[2.007382593731677,41.55703176920076],[2.007869155736955,41.563124139167655],[2.007921318214244,41.564033115435905],[2.007821857692591,41.56430991057391],[2.004445987092595,41.56903866100538],[2.002049106780817,41.568262532589756],[2.00191916823502,41.56846591606916],[2.005852035742862,41.56979198980844],[2.007506601248622,41.57014586493972],[2.010085495349301,41.570299544688226],[2.01233258008449,41.57020453221338]]]}},{"type":"Feature","properties":{"postal_code":"08792"},"geometry":{"type":"Polygon","coordinates":[[[1.747742560670645,41.395392644654805],[1.747688463751615,41.39432345056679],[1.747797857285263,41.394183856899474],[1.749153928810756,41.39441588018872],[1.749465200358713,41.39442103240469],[1.749718936879447,41.3942934806596],[1.749703895718199,41.39408699092189],[1.749135491809511,41.39350727444116],[1.749053614832462,41.393204549150596],[1.749126709030406,41.39289539011014],[1.749291079919374,41.39269049037381],[1.749265438449243,41.39250247271093],[1.748063677996356,41.3922550872025],[1.746498748818169,41.3916174966501],[1.7460891849679,41.3912472889312],[1.742946462709085,41.38963047156898],[1.742698553795208,41.38918149313139],[1.742396101898578,41.388968931171235],[1.741533569318733,41.387960104974866],[1.740867838080248,41.387519433574994],[1.740414123812741,41.38699792211639],[1.740115791710423,41.38712137025499],[1.739669306193491,41.3875678548726],[1.739267469318236,41.38850547364865],[1.738687038775822,41.388795689369545],[1.738151256874971,41.38886266188234],[1.738012710917872,41.38975863755104],[1.739004014723491,41.39065764933105],[1.739649992353236,41.39099114312671],[1.742139926416485,41.39316623083687],[1.742761131321117,41.39381586421075],[1.74156795669586,41.394342315645304],[1.740847297564699,41.39446212332831],[1.740130427277393,41.39479788071759],[1.740137148810334,41.395382835749274],[1.740007827199463,41.39557725928307],[1.740807686925223,41.39572428944439],[1.741369455635834,41.39555703622824],[1.74231514402868,41.39557198026267],[1.742645241984292,41.395999528755226],[1.742886243205533,41.396025604597924],[1.743104916058996,41.39590853355196],[1.743221026629044,41.39569661910366],[1.743073151105023,41.39514450821247],[1.74318988940189,41.39494160676969],[1.743507188206138,41.39486545217886],[1.74373762958794,41.39490995602961],[1.744267289803588,41.395779434073575],[1.74450888098005,41.395976530392545],[1.744739904223195,41.39603000677937],[1.74486860620118,41.39582660621289],[1.745934983612585,41.395692502906684],[1.74650667993933,41.39549776281149],[1.747739681041423,41.39539289106904],[1.747742560670645,41.395392644654805]]]}},{"type":"Feature","properties":{"postal_code":"08940"},"geometry":{"type":"Polygon","coordinates":[[[2.078785596777834,41.36968111459174],[2.079501656776017,41.36856767206041],[2.080078041268564,41.367374946196776],[2.080348149047836,41.36713525258983],[2.081150555653608,41.367869200103485],[2.083001526799023,41.366006582737555],[2.084527093550491,41.36630379518397],[2.084945486045342,41.36591905711879],[2.086011395809237,41.36663688428473],[2.087336470401794,41.36397460864123],[2.087739603200134,41.36416616243844],[2.08841957969986,41.3635475871514],[2.088761485753935,41.363601990739255],[2.088778297680278,41.363424141710766],[2.088534862893596,41.36303721469568],[2.088927908895869,41.36290303224911],[2.090306087555859,41.36138547306109],[2.091888520239024,41.360256519023096],[2.092804301677177,41.35936646988665],[2.093325111664569,41.35858753288829],[2.095237912099947,41.3591270793512],[2.09665964492666,41.356790768379255],[2.096563419266374,41.35636269108528],[2.099512611917476,41.351973724307925],[2.097129907619149,41.350919102834325],[2.094606792169714,41.349612949977654],[2.091216352552635,41.347755718651456],[2.089612113108501,41.34638742623872],[2.089163751605838,41.34614646368834],[2.088231712223717,41.34590693105997],[2.094584614888049,41.34254409163651],[2.093534715754515,41.34171063144049],[2.091759126682348,41.34059144134193],[2.091499835948639,41.340693188839566],[2.089135824059042,41.341718612923614],[2.087343341222208,41.34281042136382],[2.086083516940732,41.343860236860394],[2.08557927876069,41.345016273981855],[2.080152692192996,41.346739228432625],[2.078513404370085,41.34764169630722],[2.078337919659248,41.34793177533112],[2.077505374973043,41.34834614066182],[2.076819929696001,41.34850875607424],[2.076243517324428,41.348460709793926],[2.075620126167905,41.348183682630804],[2.072053500368725,41.34535999396854],[2.071106178807099,41.34517185129988],[2.070841529013364,41.34503968962997],[2.069977222071145,41.344956156101716],[2.069389773219427,41.345071432100895],[2.068443839311726,41.34550993343663],[2.063213876918894,41.34723484391287],[2.061242909232874,41.348933975322666],[2.057623235124197,41.34956065440065],[2.050610114964798,41.347402175370064],[2.050148471374825,41.34729868408698],[2.049200094908429,41.347455136445376],[2.050612494570942,41.348649970319855],[2.053087216601739,41.35100908090436],[2.057158032916902,41.354221618432916],[2.054477432687349,41.35635995804563],[2.058723554748269,41.35928428444214],[2.058000399099114,41.36059319372089],[2.057915424856958,41.361056043301744],[2.059725891436756,41.362238563658764],[2.058380887867656,41.36344084391976],[2.060799090205819,41.36493185602029],[2.061477283349916,41.36444394323337],[2.06261228173139,41.36386026883633],[2.063074600712241,41.363468254356405],[2.064785691306611,41.362529596863396],[2.06780655093155,41.36429637797545],[2.072081437808095,41.366021015957074],[2.072692948021142,41.36581130844513],[2.073221308716427,41.36634573416825],[2.073057487313179,41.366456271639606],[2.073573349230685,41.366730581950776],[2.073854262364307,41.366626721945636],[2.074741010988873,41.36741947073199],[2.078680114395752,41.36981494900067],[2.078785596777834,41.36968111459174]]]}},{"type":"Feature","properties":{"postal_code":"08849"},"geometry":{"type":"Polygon","coordinates":[[[2.007112473361929,41.342238880619846],[2.011066587353127,41.33780220031127],[2.010465223291419,41.33759439936199],[2.009813011561221,41.33719069459488],[2.009614437656182,41.33693829176872],[2.009395379892851,41.33626359878605],[2.009231568382177,41.33444306789323],[2.008981598222192,41.333364584707795],[2.007986731302594,41.33083312804638],[2.004222317605866,41.32660325673487],[2.004033310688726,41.32647702879183],[2.002050809197499,41.32616733285613],[2.001182422930469,41.325746014866695],[1.997734887155332,41.32315027466541],[1.997427681442332,41.323037628283885],[1.994734307242481,41.32295682329874],[1.993070374398258,41.322281982827235],[1.989616388685363,41.32146889767148],[1.989107758216448,41.321220889832205],[1.988964473731471,41.321065099374835],[1.989051918411292,41.32064715114507],[1.990380681123497,41.31896820501862],[1.989197374759044,41.31739065475489],[1.988534862194115,41.31513208657651],[1.988101683046239,41.31415214030898],[1.987784507449021,41.3140668908743],[1.987917518978293,41.31361994940113],[1.986848169307564,41.31384649402048],[1.986500182937107,41.31416933534655],[1.984083252240282,41.31517357500047],[1.983537396133897,41.315559560425356],[1.983197974007282,41.315616632301726],[1.982807629568413,41.31629078838915],[1.981806401744052,41.31678443435413],[1.980747506692069,41.31824388924406],[1.980202724376227,41.318303542174704],[1.979243240383198,41.31809313588951],[1.979011516568221,41.31849930300041],[1.978758564256339,41.31862730440656],[1.978353857644379,41.31864485917288],[1.977033907388886,41.319188297002256],[1.975103490133961,41.31971313055652],[1.97304288881827,41.31978445938529],[1.971380268984205,41.32006358916328],[1.970883996099531,41.31997701412786],[1.969984943850079,41.3204030877323],[1.968803251768634,41.320724339956314],[1.967777798006978,41.32058869701075],[1.96637124933369,41.320937654649015],[1.965130287432828,41.32110841072455],[1.964753159430757,41.32133177174387],[1.964389712814977,41.321734650933365],[1.964035533712888,41.32241623182364],[1.962349907422265,41.32223703021475],[1.961678800935886,41.3220499442495],[1.958286963772366,41.32079201843686],[1.957064964976155,41.32262745199529],[1.956303446946492,41.32250729807333],[1.955916697097905,41.32228991844494],[1.955668078618942,41.322318668871446],[1.95505192970279,41.323326618228805],[1.959285317363481,41.32497257002808],[1.959678766262016,41.32574671543853],[1.961307276609489,41.32690074707182],[1.961158071887496,41.328707841193875],[1.959615989985934,41.32916164989018],[1.958914709446276,41.32967814223247],[1.958498379096909,41.32985818920406],[1.958336205251669,41.330081277728766],[1.958241080361574,41.33071561992989],[1.959134303205531,41.33335097436793],[1.961991574351657,41.335109186739544],[1.965712995957972,41.33770322002755],[1.968201926377787,41.339639249052084],[1.970728502418467,41.34097035180025],[1.971953423111984,41.341367435758514],[1.974811786934424,41.34125257794409],[1.975738880944562,41.34134741235317],[1.977308571133619,41.341720525781625],[1.978058013066857,41.342462280309974],[1.980722555001876,41.34356212689062],[1.984083533728096,41.34455059423453],[1.98535781910806,41.344810336427884],[1.986565932371889,41.344829841823696],[1.987526574691685,41.3450491792762],[1.989197518650542,41.34611995617104],[1.989866833687415,41.34674808135884],[1.990298754683749,41.347395561755775],[1.991243264065361,41.34818276172507],[1.991478191265514,41.349847166713346],[1.992577047692578,41.35140194074694],[1.993331687707212,41.352206385216505],[1.993712432782559,41.35343225289614],[1.995766495127612,41.355755722448635],[1.996583971672919,41.356287318005286],[1.997000605093831,41.356422251385766],[1.99811301880078,41.356436821302225],[1.998421470974108,41.3562522939082],[1.999178073309452,41.35614843390306],[1.998855714019953,41.35521600061793],[1.998774328972104,41.35431024302329],[1.999259063554916,41.353775936909926],[1.999402353435869,41.35346357268571],[1.999349041624953,41.35245751999855],[2.000625795643941,41.351033379686726],[2.003431643555473,41.34836313874786],[2.004282027193767,41.34776784061336],[2.005298868148259,41.34731835226012],[2.005489948002662,41.34685083609719],[2.006183301018496,41.34576720339368],[2.006207471197854,41.34546004624411],[2.005608510124659,41.3438835778648],[2.005489209659288,41.34295242881154],[2.006265689709778,41.34310760323331],[2.006685781923295,41.342666141329346],[2.007112473361929,41.342238880619846]]]}},{"type":"Feature","properties":{"postal_code":"08255"},"geometry":{"type":"Polygon","coordinates":[[[1.659238692611552,41.71132352166319],[1.660076521714075,41.71061419758712],[1.661961961175564,41.71060055217373],[1.663193023339318,41.710343392833295],[1.664136289857879,41.71059315614923],[1.665106325596412,41.71038259158331],[1.664434281117167,41.70989674813637],[1.664639713252143,41.709249132841194],[1.665022855920029,41.7085672902482],[1.665846661893909,41.707831447862986],[1.666980091857738,41.70656084520681],[1.667455813435026,41.70500184256099],[1.66802430907461,41.70406032522379],[1.668044247943669,41.70284404341783],[1.668307317628603,41.70067247295623],[1.669294900938894,41.70020909097673],[1.671383060180062,41.70017803738648],[1.672214234299474,41.69971198531982],[1.672137339566575,41.69782434341869],[1.672530988114602,41.69712403144888],[1.673107351023418,41.6966233491882],[1.673092508612399,41.69592169003397],[1.673402071448436,41.695386848824],[1.674659484647464,41.694174127433996],[1.675650395449395,41.69359348734952],[1.676607095141321,41.693203303889334],[1.677168133602493,41.69265823558908],[1.677132105861972,41.69183137012163],[1.677426569980184,41.6915852499593],[1.68200697184426,41.69279386234683],[1.682290005579262,41.69073846360919],[1.686392525694487,41.68768969802113],[1.690928417412522,41.689277891761265],[1.69169267387781,41.68938168791453],[1.693520922752384,41.68991008098544],[1.694662228079324,41.6907366973407],[1.696200763054776,41.69157404620523],[1.697138097645052,41.692237908652544],[1.698022216651964,41.6923367693264],[1.698739580667109,41.69278452468603],[1.702119758120318,41.694329621115116],[1.702798875767485,41.69573331983679],[1.703819969615893,41.69655579121678],[1.712574617024927,41.695367902806424],[1.713394028911296,41.69573040603336],[1.717318789930175,41.69666739528407],[1.718320909882095,41.696572109415285],[1.720836825359186,41.69713480532698],[1.721779069348543,41.697861326239206],[1.724636198401811,41.69783363521407],[1.726466032781161,41.69870353773803],[1.728035020599691,41.698638843208016],[1.727727276192809,41.6972290210025],[1.727565365848932,41.695678060094394],[1.727352330845406,41.694903545961836],[1.729593909031678,41.694838110390435],[1.734160392987746,41.69437052228176],[1.732118063198072,41.69191582995154],[1.731793321604471,41.69092984563582],[1.731375230382582,41.6883450861568],[1.731495606437079,41.68736768676928],[1.732166121169541,41.68652072415205],[1.732995510134685,41.67737492291434],[1.737665242556886,41.67326549510648],[1.737097248739019,41.66766175198825],[1.73527492010146,41.66671964109855],[1.723664210235086,41.66148133659436],[1.702910951079502,41.650530781270504],[1.70569820011184,41.64990322805153],[1.715066019681046,41.64618707287508],[1.716726154688274,41.64475924983947],[1.72577168061855,41.64157768406284],[1.725930006264775,41.64144506913459],[1.725934182716344,41.6411748165645],[1.725655927079345,41.64081711212003],[1.725049855966063,41.64057200729229],[1.725379462891908,41.639171863590605],[1.725198873629097,41.638837165602695],[1.722608184919807,41.63820559870936],[1.721931841681112,41.637819323702786],[1.720596896129848,41.63794631067367],[1.720266984333875,41.638193998354325],[1.720111388130022,41.63820038533947],[1.719620279152537,41.63804951777098],[1.719499466926834,41.637874409876076],[1.719250952769244,41.63775860507553],[1.718733135725643,41.63773490614096],[1.718520518906814,41.63761758688213],[1.718747868419371,41.63695099858967],[1.71832344597027,41.63656329276171],[1.717840885048815,41.63652914010771],[1.717635157036852,41.63617742964465],[1.717269710328878,41.63594038184311],[1.717025485937427,41.6355542759091],[1.716753064202521,41.6354394126987],[1.716440128009481,41.6346059578986],[1.715810044098248,41.63452385069513],[1.715644647982117,41.634395567801164],[1.715778718013439,41.633930895294554],[1.715547126398747,41.6335532690681],[1.71538237509651,41.632776724266364],[1.714311894078662,41.63241556822385],[1.713573325848301,41.632490960189614],[1.713327802835806,41.63208688310317],[1.712404243161302,41.63176470098017],[1.709562824364866,41.629171347579586],[1.711208867894925,41.62821237620017],[1.70907844321556,41.62779569331656],[1.708766216587605,41.62762845628822],[1.708114323217444,41.62691690998736],[1.707073837287737,41.62548307498389],[1.706303245098695,41.625118513208804],[1.705481321405841,41.624377955678085],[1.704880960987566,41.62338517788362],[1.704781649753329,41.62251590758302],[1.703649064252886,41.62146392112305],[1.702583152690352,41.620832383907384],[1.702189650731782,41.62037132937331],[1.702100787821109,41.61964567720622],[1.701721628250539,41.61938212458534],[1.701771621563068,41.618749795966266],[1.697169074792953,41.62112629494254],[1.696657501742322,41.62201159296063],[1.692033695898317,41.62162463806658],[1.691402915911851,41.62219070103998],[1.691214115838761,41.622234399098204],[1.690667218317458,41.622139735560324],[1.690477362440333,41.62200345319678],[1.690092607287966,41.6214969658123],[1.689339838762521,41.620879512879185],[1.689124092303018,41.62022206259809],[1.687380092817023,41.619834184999604],[1.685764590263602,41.62022434867475],[1.682178164090999,41.62040684719824],[1.681240183787452,41.619715841412926],[1.666498468029886,41.636217097840756],[1.665311213641587,41.639218624739726],[1.663846813379735,41.644365209187015],[1.668942232697873,41.649091858802194],[1.668794625171813,41.6498721798572],[1.666601441303442,41.65042060982324],[1.66556082497209,41.65047197100466],[1.664900927635699,41.65064290334726],[1.665067313905411,41.651284389762736],[1.665525806270921,41.651481809837605],[1.666892883699632,41.65262365295922],[1.667113997313095,41.65319088505129],[1.665916120132806,41.65339269921367],[1.664719075724747,41.65310827512678],[1.663156452408316,41.65308179009253],[1.662261075688093,41.653316290114674],[1.661912295216268,41.65314139356042],[1.660767316158683,41.653079884429076],[1.660782002087728,41.65344846257648],[1.660874847196453,41.65357072181132],[1.661598573015738,41.65378442411185],[1.661517514421746,41.65449002409531],[1.660629197379535,41.65482322920866],[1.660705715296501,41.655549411975755],[1.661808393842307,41.65618885962817],[1.661748710334678,41.65685754064299],[1.660869068152977,41.657145417227184],[1.658966270876704,41.656565468721396],[1.658048072060865,41.65648573662742],[1.655650127851118,41.657195382660746],[1.655277413721649,41.65668829093187],[1.653474511339596,41.65849016628812],[1.652341981597147,41.65643828300034],[1.652129058109551,41.65548353303859],[1.651294327171456,41.65456298609291],[1.650721664073501,41.65428010344402],[1.650119282878563,41.655249958418835],[1.649667681118558,41.65531324371119],[1.648199144874638,41.654760553656615],[1.647627197637064,41.65415347080602],[1.647030623364572,41.653871536042516],[1.64531009168735,41.654652542380916],[1.644733208071102,41.65547719101954],[1.64375198926291,41.65502173566455],[1.642210714952512,41.654958084348095],[1.642301391795797,41.65388298890878],[1.642798219562167,41.651945100086266],[1.642762388773235,41.65094715029073],[1.641425998011414,41.65089322244421],[1.641270318170655,41.64872962087526],[1.641456593846726,41.64648019070819],[1.641632994067436,41.64576173221815],[1.641896024182188,41.645246894628485],[1.642612594095908,41.644695647086394],[1.641972266906578,41.643803283994316],[1.640162019761419,41.64433566196118],[1.63838772481364,41.646370245890125],[1.638621473901878,41.6471170851853],[1.63783921840519,41.64758992263677],[1.637099166293467,41.64848419858686],[1.636452532158614,41.65017602030707],[1.636115063359455,41.65032471331483],[1.634872765965383,41.65041094031261],[1.634260984157095,41.650750791415874],[1.632395354062339,41.65302306616155],[1.631177972385501,41.654125661070395],[1.630158868736771,41.65631869924857],[1.628746993379025,41.6583925322895],[1.627936266245683,41.66014491975221],[1.62778542205956,41.66239293798367],[1.630185379851412,41.663376509418356],[1.631950742732556,41.66354830780813],[1.633527441338344,41.6639348139405],[1.633917918876818,41.664189136819175],[1.634146435709454,41.66553042888614],[1.634643169946344,41.66676188495302],[1.634028787298689,41.66790317229356],[1.63319764915218,41.66836890510086],[1.632135845692687,41.668798977091114],[1.630915687808738,41.66836207924655],[1.629757311550691,41.669120139382926],[1.628221491628551,41.67030759162202],[1.62630058920081,41.671150439840915],[1.623127834082254,41.673961500223015],[1.623360004860331,41.67451938206381],[1.626678792792063,41.678761295297534],[1.62662691719845,41.6790425249925],[1.625729043960177,41.679249791744496],[1.6236492016493,41.67938772166599],[1.620401551890097,41.68049101804604],[1.619669480362234,41.6811687939047],[1.618940095109281,41.681549303357656],[1.618210957169936,41.682100898937335],[1.618584996900097,41.68313025575668],[1.620102184668099,41.68519402178663],[1.618279689655935,41.686410933118054],[1.623616964551275,41.69115686509724],[1.620264799181143,41.693155772920534],[1.615573570264019,41.696252907645544],[1.615564674170344,41.6966314259995],[1.615358546859454,41.69710790660457],[1.615317158260211,41.69770384055977],[1.615697746853527,41.69882296590714],[1.61552474786879,41.70043260398148],[1.6146561340733,41.7010528034441],[1.614396948560341,41.7014594112228],[1.614384812209323,41.701793028225666],[1.615357144816358,41.70312244204706],[1.616944922170433,41.70314855925858],[1.619083512693919,41.70298136180037],[1.621398686899852,41.70242888398576],[1.622037495134293,41.703294504837515],[1.622533490128433,41.7043459571002],[1.623638938586112,41.705183735840706],[1.624210363317616,41.706448196127326],[1.626781892870042,41.706452504779236],[1.629230098390337,41.70624563013172],[1.630744784244371,41.70625648674746],[1.632397291202039,41.70684699059609],[1.633199055691875,41.70663454734648],[1.635644029948025,41.70571635662452],[1.63641763306731,41.705613050601755],[1.636939183196716,41.70601513119334],[1.637313427072968,41.70654021475906],[1.637663685130974,41.70739941625004],[1.640161404625132,41.70704623089881],[1.641114975575647,41.707106656347094],[1.64206205432032,41.70674420528081],[1.643020775688228,41.706876426305996],[1.644917542110875,41.70652049802254],[1.645544389362044,41.70688223502708],[1.645866566988445,41.7075174378794],[1.645478113823856,41.7097931021699],[1.645719416318002,41.71130496775004],[1.648410581782912,41.71146598596647],[1.649601666383774,41.712651176410645],[1.650316413371797,41.71372962542188],[1.650953449941767,41.71439705008379],[1.652831559928529,41.713780643062194],[1.654867366036115,41.71351790342845],[1.655484812673933,41.713249724695004],[1.657786831596979,41.71185069165608],[1.659238692611552,41.71132352166319]]]}},{"type":"Feature","properties":{"postal_code":"08338"},"geometry":{"type":"Polygon","coordinates":[[[2.32880441818935,41.50860591473116],[2.328854141705278,41.50876343728277],[2.327226999226639,41.511835230011854],[2.324898769562537,41.51309679088416],[2.324721295551342,41.51471708412612],[2.323557186115238,41.515274726747236],[2.323712690588195,41.516437838835145],[2.322760990227493,41.516653444101166],[2.324834558867792,41.518284739649005],[2.326044823309928,41.520038064205266],[2.326834238309459,41.520460544118805],[2.327370603870236,41.52115583157632],[2.329002410233045,41.52206129779063],[2.330139805307738,41.52292671359692],[2.331051132403843,41.523836275323845],[2.332273124904759,41.523234936443146],[2.333689079587316,41.524859962817004],[2.336894195011098,41.518685998260196],[2.338899478128383,41.51715256064216],[2.34480718220567,41.515293489303076],[2.346926624364187,41.51412277524588],[2.348559425377175,41.51374059934915],[2.348581634135087,41.513551194032345],[2.349332568043565,41.512605165695845],[2.351044084916566,41.51173213802775],[2.356706076224441,41.5079695391629],[2.359739759282434,41.50655902268073],[2.368001999092996,41.50003965820366],[2.372881504677707,41.49678682025552],[2.371958852419084,41.49635458359711],[2.366323954986512,41.49554653194684],[2.362050537602215,41.49657349027433],[2.360487568946155,41.498815650322],[2.358098093652075,41.49743342471277],[2.355965105005566,41.49770463865815],[2.352122159809824,41.49655051709266],[2.349125539611975,41.494484649347044],[2.348759073972076,41.4933764111924],[2.343992873072636,41.48814353589546],[2.342450837036495,41.48904530769477],[2.342884711360341,41.48950901073226],[2.340952428911464,41.49076088590613],[2.340374653167714,41.49058243163387],[2.338652249101983,41.49293014241209],[2.337932900283135,41.492918611304844],[2.337727216337953,41.493476790821205],[2.338350754983367,41.49392602196832],[2.33745742062348,41.49499446871971],[2.337018929180203,41.49447470824117],[2.336128095834965,41.494414878144084],[2.336514333069999,41.495027081734406],[2.335135050042538,41.49718159115747],[2.335915164253436,41.497350677192],[2.335620503183691,41.49785108066283],[2.334912856343237,41.497687045220914],[2.333864960899234,41.49935626428015],[2.334751673550898,41.5019792431475],[2.332306789226948,41.50400038490983],[2.330349409397741,41.50742231428836],[2.328596017392272,41.5079455083785],[2.32880441818935,41.50860591473116]]]}},{"type":"Feature","properties":{"postal_code":"08328"},"geometry":{"type":"Polygon","coordinates":[[[2.307173766056451,41.513116718961385],[2.30720914898302,41.508135398429886],[2.306656946360988,41.50694560615477],[2.308615217418321,41.50001290067479],[2.309675797799798,41.49116930312084],[2.309593596167531,41.49016553561097],[2.305380229214222,41.489221505568025],[2.305410161349869,41.488939664334],[2.305040188353985,41.48800520037969],[2.304016438807594,41.48775911529094],[2.30476083464481,41.48732280110636],[2.304293512735399,41.48709027329744],[2.303399144155151,41.48687833726541],[2.303813019355346,41.48507656173393],[2.304352521751468,41.485005278770586],[2.304426215797207,41.484812129576085],[2.305261364920057,41.48470572538889],[2.305499038649714,41.48398442594049],[2.30597880178027,41.48413819921848],[2.306085383133905,41.483736604260855],[2.306496324745581,41.48388321443878],[2.306686676149184,41.483468654854505],[2.307289557367142,41.48288283917168],[2.306698958190339,41.48252800985972],[2.306801102289,41.48215082430107],[2.306571118662191,41.48216187517039],[2.306104019784698,41.481875335878044],[2.305111814858378,41.481626142732296],[2.303886416624835,41.48113005870522],[2.304299422180577,41.48023011972424],[2.302869420087632,41.47986340677079],[2.29993436208116,41.4766840092596],[2.299375124962012,41.47582209901066],[2.297732512345533,41.475919623291986],[2.297403317309261,41.47649121799532],[2.297115642173139,41.475782912851116],[2.295460976842605,41.47572857581309],[2.295409987980577,41.47702786864119],[2.293963495918604,41.478670116132946],[2.292631269917138,41.48141552780436],[2.291927420014417,41.48247490759087],[2.28734325358829,41.486304265829176],[2.287236832313965,41.487201021210126],[2.282932086146843,41.49020716163119],[2.282674514017572,41.49115588073926],[2.279780805040104,41.49503370973787],[2.277760731672402,41.4958103579616],[2.276693668977657,41.49756155022533],[2.271479072401235,41.499115204603015],[2.270632602612523,41.50003750073006],[2.269142503323849,41.50070803974421],[2.267917554751364,41.50214288288771],[2.268019700648665,41.50413568791163],[2.266600135188071,41.50465106509455],[2.268068264938449,41.507384586829176],[2.268094614175084,41.508886851247155],[2.268292348113391,41.509255886250116],[2.274631271715805,41.51164732206621],[2.27587558538994,41.511337999349166],[2.281883476641099,41.513924295769584],[2.284759247741079,41.51525925121342],[2.290493279241446,41.51433767364472],[2.293573546282119,41.514654638800494],[2.296626133089546,41.51448664993893],[2.29881660730058,41.514907586615834],[2.302107786045497,41.51531361613047],[2.303038009696365,41.51511756662239],[2.305691046604522,41.51358140585717],[2.306936887327481,41.51319099306983],[2.307173766056451,41.513116718961385]]]}},{"type":"Feature","properties":{"postal_code":"08317"},"geometry":{"type":"Polygon","coordinates":[[[2.337310402153321,41.549745075274984],[2.338293097648318,41.550761630245006],[2.338148179994505,41.55321705462336],[2.338955835943068,41.553854644276385],[2.339471546774462,41.55487495121798],[2.338623474393842,41.55549058662126],[2.33837016595038,41.55605153694887],[2.337852751803041,41.55646275015579],[2.338350096679619,41.558132062744505],[2.338168903072415,41.55913078056108],[2.337429464298339,41.561208791852266],[2.337748055428392,41.56129300167066],[2.338698951795152,41.56105067664737],[2.340253056733161,41.56042015296765],[2.342262277981717,41.56109173159814],[2.343841822042464,41.56294466326557],[2.343984703631179,41.563658215953865],[2.3439862846393,41.56483747986579],[2.344211351672527,41.56538512022712],[2.34505747792025,41.56575979307996],[2.347419229813568,41.56706348359285],[2.347888821611832,41.567527290052396],[2.348387596410419,41.56848528566735],[2.348680383293072,41.56970498309846],[2.35121975398846,41.57069382186239],[2.352366520898215,41.571657542561525],[2.353863464027654,41.57236187629951],[2.356181445017683,41.57371255638935],[2.361679119395831,41.565128255864295],[2.363258309123637,41.56248811343568],[2.359394389939155,41.55318014284927],[2.360756523794521,41.550668891256294],[2.36337048156247,41.54808783518541],[2.366422853431914,41.54486730178451],[2.369013828125674,41.54330557509218],[2.368387452119237,41.543126746702],[2.367372834288858,41.543174209322274],[2.36479215863119,41.54384416917304],[2.362410109039274,41.54373051285285],[2.358989100566532,41.54279216292798],[2.35709354013477,41.54247561955418],[2.356288100115705,41.54186506801847],[2.355433340376351,41.54152689864742],[2.352286472242895,41.54099863687759],[2.35171175509339,41.54103263574751],[2.350803649368913,41.54132861702203],[2.348915978689433,41.541687069702505],[2.348416766820321,41.541881399706824],[2.347870710165125,41.54179885992943],[2.345272693779805,41.542406113651225],[2.344050441374748,41.54284121375099],[2.343581265962655,41.54397940292711],[2.343184200890164,41.54424999634023],[2.342964507306135,41.544782359917974],[2.342515157448531,41.545145400040155],[2.342554404761984,41.54562071332526],[2.343164367241741,41.546186469629845],[2.34196901805575,41.54636818304516],[2.335239652887651,41.54382838786978],[2.333976519101043,41.544921780915445],[2.335483104761465,41.54560789798609],[2.335660442075721,41.549065642865116],[2.337310402153321,41.549745075274984]]]}},{"type":"Feature","properties":{"postal_code":"08758"},"geometry":{"type":"Polygon","coordinates":[[[1.937556641825552,41.414618255128346],[1.937847176805747,41.4145067382953],[1.939044439749068,41.41468025169223],[1.939824045843011,41.414394616218544],[1.940056248996655,41.41367334195115],[1.939871937439932,41.41266391500767],[1.941191261767301,41.41050932284696],[1.939591707791067,41.40771514363894],[1.939203456074608,41.40732671565536],[1.938524308749834,41.40688777095386],[1.938325805891225,41.40663519995451],[1.938197726244084,41.40620856067653],[1.938289820418845,41.405212885266394],[1.941398178683016,41.40715756576901],[1.944475050782955,41.40676067696364],[1.944895474846248,41.40695051395505],[1.94580937939935,41.40499267727023],[1.945651471937879,41.40384869556084],[1.948134779796248,41.40345042899406],[1.948377050860188,41.40319854417743],[1.949189348209813,41.403295624193674],[1.949175040895398,41.402951752221554],[1.949949583806244,41.40292892383076],[1.952179200109981,41.40377123335571],[1.953182782359534,41.405558944389725],[1.953494857002056,41.40590550623409],[1.955066494223331,41.406936123902994],[1.959979611070196,41.40881889777387],[1.961487948609943,41.40884744585293],[1.962128131907775,41.40853936689825],[1.963497060141208,41.40859652061289],[1.963600302312102,41.408343392033885],[1.963901616566318,41.40812190789973],[1.963886275031541,41.40783778328705],[1.963181399901657,41.40721867560137],[1.963558555782697,41.407222068743465],[1.963740273694668,41.40702941507544],[1.963685486096267,41.40672999839069],[1.963890616059075,41.40631334968134],[1.964171559769682,41.40612160163056],[1.965043464184532,41.40621907015395],[1.965434553262014,41.406028727743546],[1.96614656990829,41.40663578541313],[1.966529339357521,41.40663348764531],[1.966627051597129,41.40647234442315],[1.966467239371582,41.405983534112806],[1.966567059622093,41.40473006084363],[1.967468104769182,41.40482130605841],[1.969163328624688,41.40405664939482],[1.971380129589306,41.40353887012276],[1.972373461366146,41.40321229481151],[1.972544879342706,41.40308912366413],[1.972637156979204,41.40266849995129],[1.973298789107844,41.40188305905593],[1.97341172327242,41.401237528389174],[1.974049595312579,41.400750103934115],[1.975461889754399,41.40053330256984],[1.975591787830751,41.40086703738382],[1.977334147852616,41.400850970096144],[1.977525243894888,41.40068207921456],[1.978511938675013,41.40089722942355],[1.97946554379979,41.39985500780233],[1.980009512229174,41.39995645132916],[1.981079442861983,41.39994179417846],[1.981281410808435,41.40002411721923],[1.982032647788458,41.39986963527542],[1.982481734144699,41.39988168079492],[1.983903538917161,41.40062717830159],[1.984780905814148,41.40130343880264],[1.985148633202868,41.40173356834947],[1.98571008265418,41.402777537353415],[1.986224475978759,41.404787691198976],[1.98691535316101,41.40576836681663],[1.988983507882551,41.40779683265765],[1.991177099143783,41.40453784244744],[1.992388926607646,41.403809850244386],[1.993416875988032,41.40380168170225],[1.995363032278078,41.40173622584615],[1.994697932363692,41.39588489667062],[1.991930356001092,41.394401614243066],[1.989228101895378,41.394097131677256],[1.985682466272806,41.3901013359079],[1.98593455793349,41.38902684930963],[1.983160125139648,41.38682622265202],[1.980910200345477,41.38149384456523],[1.981821031015784,41.380582078600014],[1.979197946028364,41.38035271730405],[1.978781185803086,41.38022729425421],[1.979235915405184,41.378505374023746],[1.979765874195721,41.37777901229157],[1.984338105719019,41.37660979200825],[1.985814656721004,41.37560026524005],[1.988906019597096,41.37678825437439],[1.990410224752054,41.37599411973281],[1.986799104994702,41.372848078975665],[1.981975179311064,41.372444297766094],[1.982531412694527,41.37174492109119],[1.981089520664852,41.36961858832717],[1.981580392221304,41.36931031691756],[1.980496163267333,41.36857519488933],[1.979239822060151,41.36855658881552],[1.977263039357751,41.36755350568973],[1.973381965605199,41.36728852674412],[1.972489979329055,41.3668685739255],[1.970860719846314,41.366660610199006],[1.964696796220153,41.36466823415168],[1.963983194069158,41.36533776862308],[1.959390788953726,41.366236935985796],[1.954613286274139,41.36738020902942],[1.953866991068764,41.36778101977819],[1.953047602564823,41.36800771188638],[1.950395154712623,41.36974279459429],[1.949968471367868,41.37277729243806],[1.950426650769316,41.3748733072573],[1.949224755418129,41.37557226215017],[1.948435656979996,41.3780906669507],[1.949182707615876,41.378483274083806],[1.948571540044554,41.38506236163863],[1.945515642832618,41.38936379200538],[1.94484006401774,41.38944637944684],[1.940757078076672,41.39629319337615],[1.93750419336385,41.39786531892929],[1.933070677769535,41.39867778355284],[1.931763461914215,41.39752697059322],[1.931032135025021,41.39797200100702],[1.928314390097,41.39635281842783],[1.92734802718968,41.396383074319374],[1.927904197620592,41.39425469020176],[1.927245342598496,41.393596429631486],[1.924316882018502,41.39266990129488],[1.922289248050333,41.3909927852888],[1.922110711939808,41.38989191797759],[1.91718006370894,41.388249140785206],[1.915874837153979,41.38933202974937],[1.910481020083012,41.38977960164726],[1.908278779142336,41.389584003598884],[1.900213783139577,41.39076710491793],[1.896451661814751,41.389864155006705],[1.892132397891828,41.38982330420208],[1.878310900827387,41.38885577127678],[1.876423041290309,41.389501542961796],[1.874715932893992,41.394967688907684],[1.875560245209158,41.398893304282524],[1.87620794324198,41.399557930254275],[1.877612600640987,41.4041012467751],[1.879217340108141,41.40509375477296],[1.882514707987355,41.40552182217431],[1.882896209392527,41.40678296935852],[1.883823289912868,41.40750878969885],[1.885089509273428,41.408121707350915],[1.886588396737125,41.408336446569706],[1.89058460439594,41.40787920785914],[1.89229585237166,41.40694249290169],[1.895082151719919,41.40774089932302],[1.897355982292765,41.40776202080059],[1.89985438886896,41.40838409984633],[1.900061441582238,41.40731175633249],[1.904840905683216,41.40456970992415],[1.908639408182125,41.404505741147034],[1.910739674995966,41.405397809261444],[1.915308857817536,41.40541884530347],[1.915790064359953,41.406557392409695],[1.918048960790884,41.40638183305515],[1.920258590561502,41.406827301438796],[1.921924538786413,41.40924864061225],[1.923327508157968,41.407874522391296],[1.926035270611237,41.409837514889375],[1.927122143572035,41.411554969086524],[1.933188119336251,41.41489564022157],[1.9353498826909,41.414532568623144],[1.936636523856464,41.415108177900095],[1.937267528673488,41.414793327050404],[1.937556641825552,41.414618255128346]]]}},{"type":"Feature","properties":{"postal_code":"08911"},"geometry":{"type":"Polygon","coordinates":[[[2.259884987402245,41.460115209249466],[2.260093801887422,41.459617641341026],[2.260292200424715,41.45969226798377],[2.260094361265772,41.46018174918834],[2.262020649733188,41.46077836572897],[2.266705568107454,41.462589978045],[2.268397670416164,41.46334661005801],[2.27029394670825,41.46080932309178],[2.26732001640562,41.459407010225334],[2.254479894631402,41.44980583637022],[2.247906930560362,41.44237457462691],[2.247595151794826,41.44253556316568],[2.24687179469754,41.44321926735529],[2.250752765028096,41.44685188270819],[2.250525209570753,41.446917865966725],[2.24945357202472,41.445878780281475],[2.248939988989264,41.4461739863404],[2.247233695378725,41.44748947415991],[2.246675459205051,41.44800032685356],[2.245643920630414,41.449275936934896],[2.242846327595942,41.453785256384435],[2.245564493406619,41.45509248213233],[2.248153199110845,41.456724500735106],[2.249743083576448,41.457579316232454],[2.250889976391306,41.45807004119939],[2.252041219226896,41.458409916584344],[2.250055854294203,41.46001800962341],[2.249757701156966,41.460475563096736],[2.25064551727678,41.461010338656195],[2.252304373448055,41.45925611028122],[2.253854799259557,41.45851083940369],[2.257808872781254,41.459481966019894],[2.259765087988399,41.4600771049744],[2.259884987402245,41.460115209249466]]]}},{"type":"Feature","properties":{"postal_code":"08629"},"geometry":{"type":"Polygon","coordinates":[[[1.998539301947233,41.362156593152235],[1.999165799362117,41.36034393582395],[1.998225940374823,41.35743911572257],[1.998112624897715,41.356436820402905],[1.997000605093831,41.356422251385766],[1.996583971672919,41.356287318005286],[1.995766495127612,41.355755722448635],[1.993712432782559,41.35343225289614],[1.993331687707212,41.352206385216505],[1.992577047692578,41.35140194074694],[1.991478191265514,41.349847166713346],[1.991243264065361,41.34818276172507],[1.990298754683749,41.347395561755775],[1.989866833687415,41.34674808135884],[1.989197518650542,41.34611995617104],[1.987526574691685,41.3450491792762],[1.986565932371889,41.344829841823696],[1.98535781910806,41.344810336427884],[1.984083533728096,41.34455059423453],[1.980722555001876,41.34356212689062],[1.978058013066857,41.342462280309974],[1.977308571133619,41.341720525781625],[1.975738880944562,41.34134741235317],[1.974811786934424,41.34125257794409],[1.971953423111984,41.341367435758514],[1.970728502418467,41.34097035180025],[1.968201926377787,41.339639249052084],[1.965712995957972,41.33770322002755],[1.961991574351657,41.335109186739544],[1.959146339731774,41.333358381184325],[1.949184062894176,41.33492399114925],[1.946861803829165,41.33659123169997],[1.943946176574798,41.33689694813563],[1.943522830614143,41.33761574836808],[1.944948766872074,41.3417605878808],[1.943889920383526,41.344498774398915],[1.944176494749399,41.3500122381742],[1.945400589865301,41.350077666551044],[1.947282887994902,41.352210762216885],[1.945213921185484,41.35423565055481],[1.9460820709308,41.356547580006804],[1.948678577354428,41.36225399242778],[1.951099338263816,41.363443808984584],[1.951958168334784,41.36577575105002],[1.953866991068764,41.36778101977819],[1.954613286274139,41.36738020902942],[1.959390788953726,41.366236935985796],[1.963983194069158,41.36533776862308],[1.964696796220153,41.36466823415168],[1.970860719846314,41.366660610199006],[1.972489979329055,41.3668685739255],[1.973381965605199,41.36728852674412],[1.977263039357751,41.36755350568973],[1.979239822060151,41.36855658881552],[1.980496163267333,41.36857519488933],[1.981580392221304,41.36931031691756],[1.981089520664852,41.36961858832717],[1.982531412694527,41.37174492109119],[1.981975179311064,41.372444297766094],[1.986799104994702,41.372848078975665],[1.990410224752054,41.37599411973281],[1.991058395828304,41.376019378091826],[1.994566709585968,41.375641641248706],[1.999903949407724,41.37167279366446],[2.003116104724427,41.36946199207728],[2.001162341069175,41.36533533235968],[1.99803317159359,41.36396646258214],[1.998098835592771,41.36343094688067],[1.998539301947233,41.362156593152235]]]}},{"type":"Feature","properties":{"postal_code":"08160"},"geometry":{"type":"Polygon","coordinates":[[[2.234309573328119,41.54606651895466],[2.242251573551243,41.552122106649904],[2.243240305295842,41.55486683573588],[2.247810100555682,41.55637862217566],[2.246216633191068,41.56377189565643],[2.248079405240333,41.56811657621898],[2.251471347624602,41.56899480286785],[2.254478050121918,41.57073905866059],[2.254630394377216,41.57202323568373],[2.256435320233834,41.57371919518471],[2.264278743069553,41.56875066031472],[2.26469532522907,41.56767928896801],[2.265531194708842,41.56631978203228],[2.267195722904262,41.56541219072],[2.263309389017081,41.56332035505034],[2.257298197253988,41.55646719460532],[2.259556270805263,41.55254590137224],[2.257423580733644,41.55211198657889],[2.258473213667855,41.55086815943798],[2.25802388989058,41.55050052288078],[2.256433740124976,41.545830062907044],[2.255390376364744,41.5462633328865],[2.253551066728335,41.54617976518398],[2.250095105204934,41.54650341230263],[2.24056148122736,41.54549510231709],[2.238478200808288,41.5451165237086],[2.237233260306709,41.54472545981207],[2.230903937866401,41.54162538610268],[2.231188186585541,41.544545461403914],[2.231870581362216,41.54469441071848],[2.233897896071028,41.54575257911819],[2.234259301225734,41.54602815657415],[2.234309573328119,41.54606651895466]]]}},{"type":"Feature","properties":{"postal_code":"08798"},"geometry":{"type":"Polygon","coordinates":[[[1.762398607909404,41.3860525529829],[1.764401068054838,41.38595083606219],[1.764507099023376,41.38576637611732],[1.764498202030381,41.38515448099446],[1.764643964147638,41.38502237957914],[1.765629201126728,41.38508951396989],[1.766015944680078,41.38498342094812],[1.766265699902135,41.38480200520837],[1.766335963933557,41.384618969789585],[1.76611034831393,41.38431321108578],[1.766046994673047,41.3839376847763],[1.766137169694616,41.38369985096733],[1.766452412648732,41.38359674279542],[1.767104484084655,41.383848782295445],[1.767428212142249,41.383862329682756],[1.768075361588672,41.38339424964488],[1.76832469143136,41.38271766179065],[1.768900989588985,41.38226153913871],[1.769340476581704,41.38124386091545],[1.76978138270465,41.38138762383977],[1.770095665182794,41.38176170224074],[1.77036116663453,41.38179567682897],[1.771612217130098,41.38108642559803],[1.77281676188403,41.380721222606326],[1.773129252013348,41.38074425784123],[1.773585988002935,41.38094133797233],[1.773821039309496,41.380886553971266],[1.773991314247723,41.380600339334194],[1.775152949648884,41.38075611000647],[1.77105752698327,41.37439513502744],[1.761260517658741,41.37743558638317],[1.762398607909404,41.3860525529829]]]}},{"type":"Feature","properties":{"postal_code":"08734"},"geometry":{"type":"Polygon","coordinates":[[[1.79361433873072,41.323434675369924],[1.792564299302967,41.32350016040408],[1.791326117206552,41.32306563856832],[1.790716166417951,41.323217134762956],[1.789693640848839,41.32279158006736],[1.789135652888035,41.32381425492389],[1.788112610208771,41.32500936489026],[1.787567871060389,41.32588741527195],[1.787245678145496,41.32605391125895],[1.785798910891003,41.32603318908036],[1.78554084413463,41.32626001518753],[1.785368630258063,41.32684339910355],[1.785170088728592,41.327067779954064],[1.784890901393965,41.327169451908674],[1.781822551269727,41.32751336524956],[1.779616785885935,41.32789328564661],[1.7793045151912,41.32803234961324],[1.778004614421434,41.32920288560467],[1.77743706486865,41.32911844196252],[1.776600662090857,41.32813584629224],[1.775984355793355,41.327711287146144],[1.772959808948031,41.32636948336494],[1.772356734375762,41.32596238365704],[1.771855596158844,41.32547898456744],[1.771560763318575,41.32504103901272],[1.768532567024351,41.324626637709116],[1.768094304008912,41.32418565694252],[1.765502245632092,41.325490718022195],[1.763116094232373,41.32650809767057],[1.759278721236001,41.32613596720108],[1.758056520092339,41.32657377875688],[1.75616045693954,41.32579696415854],[1.755685597812089,41.325672578027024],[1.755472582593598,41.32569939581043],[1.755350094930918,41.32582150126126],[1.755479618889296,41.32677954364101],[1.756670472364419,41.33082689214734],[1.756574914900398,41.331974293978476],[1.756605842585543,41.33223411441281],[1.75676840493793,41.33249748716929],[1.757764319567684,41.33305048119473],[1.759453008049888,41.333601760213014],[1.760747870817568,41.33530380092964],[1.761764870052673,41.336143982658655],[1.763338260052649,41.33707813005162],[1.763835212824802,41.337993889906045],[1.763852256776204,41.338227272970244],[1.7634232855562,41.33856921319858],[1.763253684210156,41.338864348211075],[1.763280877010857,41.33972758765805],[1.76364248631171,41.34026181013439],[1.764337529153636,41.340782210030966],[1.765071971294446,41.34085975677232],[1.76574137626352,41.34119211742228],[1.7664036936755,41.341263680974066],[1.76792981081212,41.341875576996244],[1.769225544123572,41.34276715767817],[1.769949308613718,41.34302521004537],[1.771040515407435,41.343645412206],[1.792278647641467,41.33047866565789],[1.79361433873072,41.323434675369924]]]}},{"type":"Feature","properties":{"postal_code":"08150"},"geometry":{"type":"Polygon","coordinates":[[[2.206788910379885,41.579982754700325],[2.20587067379256,41.5810791011196],[2.20585859230016,41.58270852158097],[2.206595273752896,41.58337564407071],[2.20881840324671,41.584473147917436],[2.209500660427125,41.584008891796884],[2.210144831318871,41.58337756412328],[2.211350955282342,41.58302452356287],[2.210439346698479,41.58138353602135],[2.208754234820049,41.577723944604315],[2.208067660893846,41.577538516988966],[2.207367332736226,41.57822865043187],[2.202328906154094,41.57684539060227],[2.201307252028073,41.57830402620982],[2.20072623872494,41.57883679718043],[2.200627808826312,41.58044212930082],[2.201342610672953,41.580536262238695],[2.201807034966691,41.58049830275445],[2.203408787785293,41.57969413887338],[2.206789267410727,41.57998235090474],[2.206788910379885,41.579982754700325]]]}},{"type":"Feature","properties":{"postal_code":"08785"},"geometry":{"type":"Polygon","coordinates":[[[1.708858426774952,41.546402788058174],[1.708959043824791,41.54663270963181],[1.708889132327556,41.546824658231344],[1.709111514884512,41.5479049958189],[1.709284312421062,41.54830309601107],[1.710578267772803,41.549285388609746],[1.710959431932224,41.54974691528787],[1.712043983742831,41.55048570025485],[1.712471287619792,41.551251442400144],[1.712692903055029,41.55133239667276],[1.713336267254931,41.551278930178455],[1.71351010530708,41.55136182878533],[1.714005027410053,41.5522328797436],[1.714744127139738,41.55267068320546],[1.716480540844259,41.552320181431185],[1.716649322907926,41.55216917266915],[1.716949144287582,41.551184449202935],[1.717455164024614,41.55039832482282],[1.716179937953768,41.549181235425635],[1.715930535265954,41.54839015937836],[1.716087208857573,41.54774445514249],[1.716567895591879,41.5471034219853],[1.716692716095963,41.54585579071215],[1.717187243396552,41.54524120661637],[1.717550763756719,41.54365059100195],[1.717272548589222,41.54312182830972],[1.716952232559493,41.54283788176281],[1.71698761998266,41.54266534772762],[1.717232854312783,41.54241215439737],[1.717213115992479,41.54164764612193],[1.716714741392195,41.54089382538973],[1.716813138915199,41.53895397244787],[1.717206417841908,41.53744319774535],[1.717080091872731,41.53702522343531],[1.717617445788505,41.536669974139954],[1.717872999839074,41.536065251110415],[1.718165093344396,41.53596317805818],[1.718395930427846,41.53551249720397],[1.718017697158984,41.53476275669584],[1.718041388898996,41.53377135126681],[1.717940958908116,41.53337932779374],[1.717772571646833,41.53320621009851],[1.7171894818091,41.53293301314801],[1.71713189012462,41.53280032987129],[1.71729493901023,41.53240646998256],[1.71720447170901,41.53198701988504],[1.71750805315412,41.5317134461186],[1.717496308008208,41.53155184424219],[1.717258377971746,41.53124651721299],[1.717269293942763,41.530408704298225],[1.71753702841113,41.53013659103084],[1.717539336071468,41.529839359698656],[1.717409610665015,41.529538600326134],[1.716448282162503,41.52867775667312],[1.716246227881129,41.52837092957469],[1.720747063126453,41.521405980701445],[1.718311038023955,41.51970546163773],[1.719470826217673,41.51671350172671],[1.720929211813655,41.51404230031187],[1.72003487740767,41.513602047096754],[1.718949574663156,41.513502645031],[1.718114255568423,41.51288875790982],[1.717934540446663,41.51222983274056],[1.71766674932104,41.512006757705706],[1.717325190405177,41.51192177986621],[1.716627081774391,41.51204049037631],[1.714781682828402,41.511206994207384],[1.714489636087819,41.51015657886302],[1.71411157818676,41.51006406110753],[1.713624394750013,41.51028217458264],[1.713312592602051,41.510276951320236],[1.711900341327691,41.50897542907279],[1.708712884092336,41.5097815813549],[1.707813533267938,41.51009761211509],[1.707301908056593,41.5101456224225],[1.707062662312012,41.51047954969147],[1.706619882901236,41.51065078510561],[1.703878275362115,41.510835291815226],[1.703566690850096,41.51116318373391],[1.703389732150413,41.5115306197423],[1.70345810670625,41.51197798119887],[1.703728431222089,41.51223702371965],[1.703752765977356,41.5124070702301],[1.703562101609691,41.51258597236472],[1.703082375351357,41.512578606017826],[1.700142071599316,41.51151065389354],[1.698619184827521,41.51165407867279],[1.69825779765921,41.51195698112974],[1.698209350281275,41.51244514482755],[1.698009335662277,41.51266044882061],[1.697178667861237,41.5130996399364],[1.696969335366532,41.513351316110345],[1.696550307051041,41.514511916391825],[1.696504024341266,41.51486497493863],[1.696615375699025,41.515409644839224],[1.696833387550782,41.51560779606291],[1.698755781953764,41.51634842374074],[1.699053355028298,41.516651348680796],[1.701387802604984,41.51795127373225],[1.703312112563935,41.518385627394764],[1.703634383719816,41.51853445889816],[1.703892821896204,41.518793964569795],[1.704086529569679,41.51931726927654],[1.703942546311453,41.519809352219795],[1.703299083186153,41.52018690290322],[1.702109637150045,41.5204697513779],[1.700771168054928,41.520515627594136],[1.699434866325987,41.52042630872717],[1.697639678328471,41.52061688765923],[1.695133676977605,41.52042234181761],[1.693548926741585,41.52054121690361],[1.692810484416327,41.52093160900654],[1.692377780110462,41.52140849520589],[1.692141527309616,41.52228250043703],[1.692133011629153,41.52266104666995],[1.693342230159772,41.52298070799327],[1.694011118918013,41.52344853712026],[1.695375457011721,41.52574268877402],[1.695975517056468,41.526087289196994],[1.697342408325483,41.527913665683116],[1.697399128566929,41.52952147273777],[1.69682371714083,41.530185239856905],[1.696703598292402,41.530676377612735],[1.696818636870603,41.530941789132214],[1.697859692970439,41.53207863472119],[1.697855299782248,41.532844133150206],[1.698037722762706,41.53337690771809],[1.698399611752677,41.53374022483149],[1.699320974383454,41.53504404484676],[1.700288049553819,41.53598581579274],[1.700581939904566,41.53607281530816],[1.701552956803482,41.53607804756382],[1.701787169941952,41.53616747165148],[1.702017813671148,41.53637412956243],[1.702390616833497,41.53705212125834],[1.703247595200367,41.53746715478536],[1.703240027405343,41.53917818242718],[1.703019575692849,41.54026769040155],[1.702866431040945,41.54063409488754],[1.701898603138034,41.54166418015774],[1.702162799673431,41.542166599009306],[1.702718514148103,41.54255795158815],[1.704299477339021,41.54270923824072],[1.704547540036913,41.542825122181625],[1.705560425773001,41.54390003775649],[1.707665944627649,41.545002121850416],[1.708220705820906,41.545708636444374],[1.708350430328096,41.54600942909184],[1.708858426774952,41.546402788058174]]]}},{"type":"Feature","properties":{"postal_code":"08759"},"geometry":{"type":"Polygon","coordinates":[[[1.93750419336385,41.39786531892929],[1.940757078076672,41.39629319337615],[1.94484006401774,41.38944637944684],[1.945515642832618,41.38936379200538],[1.948571540044554,41.38506236163863],[1.949182707615876,41.378483274083806],[1.948435656979996,41.3780906669507],[1.949224755418129,41.37557226215017],[1.950426650769316,41.3748733072573],[1.949968471367868,41.37277729243806],[1.950395154712623,41.36974279459429],[1.953047602564823,41.36800771188638],[1.953866991068764,41.36778101977819],[1.951958168334784,41.36577575105002],[1.951099338263816,41.363443808984584],[1.948678577354428,41.36225399242778],[1.9460820709308,41.356547580006804],[1.945213921185484,41.35423565055481],[1.947282887994902,41.352210762216885],[1.945400589865301,41.350077666551044],[1.944176494749399,41.3500122381742],[1.94122833182206,41.35036431825864],[1.937568990416537,41.35143341881718],[1.93192603056184,41.35043250125892],[1.927933788013888,41.350730620221896],[1.925341020971302,41.3515255984276],[1.919034693296453,41.352344723430235],[1.912087482651202,41.354336038277495],[1.911194466651295,41.35581481060501],[1.91075420624162,41.35329299197798],[1.909877019209034,41.35244143202647],[1.906330792731865,41.35279004162709],[1.90390102691083,41.35480148240248],[1.901326846157019,41.35489458471727],[1.899984466809713,41.35562715536889],[1.899292282013221,41.35548505439175],[1.897892132915615,41.35481614225114],[1.891673047573079,41.361743853795815],[1.890912448650568,41.36291972096831],[1.890332056778959,41.36744613742928],[1.888426353793193,41.37039942289505],[1.88803360456717,41.37074024976272],[1.881593303088437,41.373157184056765],[1.87731285030776,41.37585115540645],[1.873691242656719,41.379048147254196],[1.872614816220789,41.37967908462201],[1.871173516844294,41.38022644529417],[1.870570808296179,41.380639164865556],[1.869848805577931,41.386648042673016],[1.869396158805671,41.38714409882107],[1.876423041290309,41.389501542961796],[1.878310900827387,41.38885577127678],[1.892132397891828,41.38982330420208],[1.896451661814751,41.389864155006705],[1.900213783139577,41.39076710491793],[1.908278779142336,41.389584003598884],[1.910481020083012,41.38977960164726],[1.915874837153979,41.38933202974937],[1.91718006370894,41.388249140785206],[1.922110711939808,41.38989191797759],[1.922289248050333,41.3909927852888],[1.924316882018502,41.39266990129488],[1.927245342598496,41.393596429631486],[1.927904197620592,41.39425469020176],[1.92734802718968,41.396383074319374],[1.928314390097,41.39635281842783],[1.931032135025021,41.39797200100702],[1.931763461914215,41.39752697059322],[1.933070677769535,41.39867778355284],[1.933265687661333,41.39864207507168],[1.93750419336385,41.39786531892929]]]}},{"type":"Feature","properties":{"postal_code":"08291"},"geometry":{"type":"Polygon","coordinates":[[[2.163658812704057,41.50262003978298],[2.165608327062614,41.50002817925707],[2.168045229903441,41.49635098001369],[2.170456669339785,41.49505011067407],[2.169731563960511,41.49445205341948],[2.170370258880325,41.49402822092566],[2.171201936620093,41.49366032986029],[2.172663889826651,41.49267680878768],[2.168019026356944,41.489087547951954],[2.165206642172791,41.48943119779153],[2.162291622860096,41.490263031113955],[2.16053120984742,41.490252244645376],[2.159437531716719,41.48854585031074],[2.158115128110637,41.48803139583225],[2.155584768622191,41.488584113765796],[2.154329606426188,41.48951551732722],[2.152685590867293,41.489462781981786],[2.151430192149633,41.49061739367778],[2.147771466779773,41.493283569680955],[2.149227810015418,41.494130401896484],[2.144865026999412,41.4973474926926],[2.144386347551915,41.49696885832611],[2.14315306586127,41.497301316102835],[2.141166511125562,41.49883083267679],[2.140410951104514,41.500015436762965],[2.139285989157088,41.50229966259934],[2.134610006446621,41.50661395596927],[2.135735989124612,41.50671786723575],[2.134579926822141,41.50816894943745],[2.13605227259427,41.50832496022872],[2.13837660999252,41.50752393498158],[2.140511062735357,41.508213374147886],[2.142263819819391,41.5085951021822],[2.14239557409644,41.50893800378583],[2.143169886780868,41.50962802211552],[2.145402244218189,41.5103372796417],[2.145250122994753,41.51034828734356],[2.145595253118415,41.510467788357744],[2.146244821741107,41.510406725290125],[2.147206575622931,41.50989236164315],[2.148841373130836,41.51002578955854],[2.148879123073073,41.50974026380209],[2.149187061733528,41.50925643483657],[2.149274828370608,41.5087023022694],[2.149541577182049,41.508844207194386],[2.149589253840986,41.5086712756588],[2.152220991205752,41.51013702400445],[2.154712771577124,41.51134734870118],[2.154939922339508,41.511172853244545],[2.154700607347138,41.51125796957962],[2.155181537797716,41.51070379114702],[2.157100977927769,41.50931128538747],[2.157649540993532,41.50868488959594],[2.158170964318515,41.508394694559456],[2.158382465078716,41.507836150817695],[2.158839479858102,41.507237027866495],[2.160662412840054,41.50614477875848],[2.162033700894597,41.50425407916242],[2.16228577277019,41.50428168834924],[2.162625011435125,41.50399434326431],[2.163658812704057,41.50262003978298]]]}},{"type":"Feature","properties":{"postal_code":"08795"},"geometry":{"type":"Polygon","coordinates":[[[1.86376554574332,41.387473254287215],[1.866336731754757,41.387004116646665],[1.867855606650892,41.38701171232066],[1.869395791882255,41.387144465744484],[1.869848805577931,41.386648042673016],[1.870570808296179,41.380639164865556],[1.871173516844294,41.38022644529417],[1.872614816220789,41.37967908462201],[1.873691242656719,41.379048147254196],[1.87731285030776,41.37585115540645],[1.881593303088437,41.373157184056765],[1.88803360456717,41.37074024976272],[1.888426353793193,41.37039942289505],[1.890332056778959,41.36744613742928],[1.890912448650568,41.36291972096831],[1.891673047573079,41.361743853795815],[1.897892132915615,41.35481614225114],[1.896631573887987,41.3531502578781],[1.895860963712494,41.351481477688026],[1.894820765565839,41.35099465308076],[1.894025692032073,41.3507494664147],[1.891917155952001,41.350515254175605],[1.891034247432572,41.3498956059974],[1.889384782881393,41.34797615057886],[1.889009992217382,41.34775800113084],[1.88844146779951,41.34766519918958],[1.887046595923664,41.347067364067584],[1.883279939317731,41.345111861123485],[1.882976656447511,41.344890698047266],[1.882422970843436,41.34387885192746],[1.881561459893476,41.34386148332078],[1.880130071945246,41.34421047783127],[1.878531503625993,41.34424240556257],[1.877103383814074,41.343996989569405],[1.874318812063507,41.34430432928133],[1.873636568372945,41.344288290772],[1.871846856347304,41.343680037004106],[1.86978677933638,41.34265100843726],[1.869345503592115,41.34202150368941],[1.870604386283389,41.34048254243538],[1.871547288576494,41.33855181131702],[1.867012113618159,41.33652934934997],[1.864977214926512,41.33519305571491],[1.864143410290126,41.33490428430525],[1.863564460931116,41.33482976198388],[1.862570362032557,41.33431364915555],[1.861984871005006,41.33431143772265],[1.861463171588071,41.3338833793145],[1.86101058417114,41.33374048243729],[1.859933157689056,41.332426608900846],[1.859786692302009,41.332063661408824],[1.860117060953598,41.33072616627953],[1.860132570661619,41.330293336967884],[1.859448656929942,41.32961102133157],[1.858939362761362,41.32966859233164],[1.858468304168866,41.32959850816462],[1.858089698580727,41.32932642187683],[1.857844664799416,41.3289226352714],[1.857667456088222,41.32814684679954],[1.857484051947438,41.32792952202982],[1.856106852649134,41.32707843422236],[1.852535324645487,41.32000871343138],[1.851558615937392,41.319239707646375],[1.850565323730677,41.31905659488592],[1.847344855980282,41.31942673875295],[1.84017815229987,41.31908985271451],[1.839457258445691,41.31919228369691],[1.838686873100698,41.319593887647784],[1.837727543791118,41.32050769867135],[1.836217011006227,41.32252506687831],[1.83439774276161,41.32360103106271],[1.833146016875162,41.3247612023676],[1.832116910067327,41.325218662311386],[1.829562289568003,41.325398199367385],[1.827642368300644,41.326730422670835],[1.824678399788297,41.3276743636809],[1.825236426419906,41.33425044030554],[1.825060485752829,41.33445590661478],[1.824127782671042,41.33492726288284],[1.82222101308929,41.33466529037082],[1.820872114556437,41.335163077713844],[1.818078447062646,41.33680199861334],[1.817115882891699,41.33719351217081],[1.815068857741608,41.337621506727146],[1.814406573604458,41.33787438169736],[1.813840281303953,41.33829426886541],[1.814091092330045,41.338454833823505],[1.814744768156515,41.33840939287916],[1.815682922029225,41.33817197365761],[1.816151359997264,41.3382063484442],[1.816067363318155,41.33852501691598],[1.815788263217769,41.338950850401375],[1.815311871645577,41.33929497328438],[1.815322498934165,41.33943859231715],[1.815627575951851,41.33968689603341],[1.816485723437381,41.33982197510403],[1.816807294920693,41.33997052332097],[1.817376387710112,41.34055889937366],[1.817560391698692,41.340947321062],[1.818054677980967,41.3411696631494],[1.818202287305724,41.34138855543745],[1.818277804277216,41.341763553844885],[1.818621260762541,41.3420462440389],[1.818740360679101,41.34236535317848],[1.8182614204282,41.34283563026008],[1.818646003810045,41.34367482273484],[1.818667867228271,41.343971016249384],[1.81713489096245,41.344728644711154],[1.811909024981503,41.34790094926939],[1.810753700123144,41.34892173644897],[1.810502272162125,41.34956250160815],[1.810242265568093,41.34992454977811],[1.809718823265086,41.35011755867839],[1.808951159268588,41.35007767284628],[1.808266249088092,41.35018737574677],[1.806965234957602,41.34988173935079],[1.806138055626775,41.35000638538634],[1.80583428712265,41.34993807827965],[1.8054478178625,41.349558106621316],[1.805053441762936,41.34939453343094],[1.804606749401955,41.34933218613145],[1.80414682531574,41.34941447769597],[1.803647858961483,41.349615412321384],[1.803389112317689,41.34983330905993],[1.803039642965132,41.350928373945294],[1.803068127192319,41.351314352175564],[1.81256090126459,41.35527451500684],[1.815784126336325,41.35684999593053],[1.817833283779009,41.35773635964523],[1.818249564665678,41.35787196931591],[1.821002239261929,41.35825157674884],[1.821399386172743,41.35845098522475],[1.822262659793921,41.359459135130976],[1.823910191701998,41.36024520914907],[1.824702008790666,41.36093221834716],[1.825495891622097,41.36197025092633],[1.826162725429413,41.363067663941536],[1.827106763566292,41.36355014662195],[1.827880168834724,41.36447198769207],[1.829663793349368,41.36580150133818],[1.830466655911437,41.3674423557801],[1.831461474267599,41.368931056622955],[1.832085884356047,41.369454019587295],[1.831860496264881,41.37012071489903],[1.832588607178479,41.37155762558393],[1.832707943616697,41.37203878356297],[1.832016633860576,41.37303127627234],[1.831570156437579,41.373941417162655],[1.832513173843893,41.37473003626212],[1.83460251119692,41.37485812220456],[1.834667267780162,41.37460331638994],[1.83523756296313,41.37391301477379],[1.836429173667398,41.375312380561866],[1.838049173730383,41.37668465966931],[1.83996377460852,41.37687405599286],[1.842850058783199,41.37887710159691],[1.843444302912246,41.37850988772112],[1.843869298229492,41.37843792756826],[1.846509324645581,41.378254444287165],[1.847520309214872,41.37834681635246],[1.849601008579668,41.38012262665785],[1.850819109714109,41.380107149325454],[1.85437782507654,41.38037984895084],[1.855545973367953,41.38081661819234],[1.856497962411026,41.381559647060044],[1.858182499622671,41.38266779078589],[1.858241167795654,41.3831334903183],[1.858537080721703,41.383895252963555],[1.85951594600408,41.38499723723271],[1.859752282441889,41.38720206462358],[1.861220821383768,41.387977205583525],[1.861596351290586,41.388042303909174],[1.862745868327124,41.38774074144203],[1.86376554574332,41.387473254287215]]]}},{"type":"Feature","properties":{"postal_code":"08390"},"geometry":{"type":"Polygon","coordinates":[[[2.292747883208222,41.481175252336016],[2.293963495918604,41.478670116132946],[2.295409987980577,41.47702786864119],[2.295460976842605,41.47572857581309],[2.295074677554339,41.47574960106323],[2.295066151081983,41.47554238737126],[2.295238150919943,41.47527322298083],[2.295275677830261,41.47488332370642],[2.295448148912953,41.47454942161846],[2.295440287938902,41.47379500463575],[2.295642075121634,41.47367408629003],[2.296024152092912,41.472171974756805],[2.296376454309893,41.472301790095514],[2.289552132424944,41.46964582589413],[2.280887551219507,41.46583347563438],[2.279451740405477,41.46495426782519],[2.279686193662883,41.46445677815774],[2.279054323698062,41.46478124905536],[2.276497178801776,41.46424338882133],[2.27029394670825,41.46080932309178],[2.267972888238205,41.46391498428909],[2.264671971634186,41.465560445957806],[2.263997731010477,41.46713874265885],[2.26131237876325,41.4700359589923],[2.261444839907426,41.47064321811001],[2.266384847382767,41.47191884527848],[2.267470073684933,41.471140336357394],[2.270051300627017,41.4721105573563],[2.27229950771607,41.4710534591498],[2.274060201317241,41.47209787871412],[2.273732479370437,41.47263340790545],[2.27573722469316,41.47329801409205],[2.275938432712508,41.47503585771864],[2.277551023261083,41.47587885702359],[2.278919715872178,41.474448573442885],[2.281067972309074,41.476437177733544],[2.285844503720853,41.47761258805048],[2.290259640769818,41.481013261952455],[2.290380277627719,41.48155595604254],[2.291927420014417,41.48247490759087],[2.292631269917138,41.48141552780436],[2.292747883208222,41.481175252336016]]]}},{"type":"Feature","properties":{"postal_code":"08213"},"geometry":{"type":"Polygon","coordinates":[[[2.174124594774241,41.55538083965399],[2.173529845226142,41.547791736099725],[2.16972139802408,41.54797195933844],[2.169435982884295,41.54634461990827],[2.167496013030586,41.54501968560999],[2.168562393139894,41.54396445259738],[2.16896875090714,41.54124522918397],[2.158230536310214,41.536720936022334],[2.156105994995642,41.539688954181884],[2.150158264792083,41.540991590689316],[2.148234274991808,41.543320300591404],[2.14778885697018,41.546148055988],[2.145910235269127,41.54920337133848],[2.145791835025136,41.54982200508147],[2.144932038183015,41.55152614841302],[2.143491979870987,41.55164420601528],[2.141873936732793,41.554212292962916],[2.140533885730235,41.554387724613775],[2.139903623753241,41.555659539556075],[2.141150640789419,41.556115657711416],[2.140945854367658,41.55881728139241],[2.140075744100272,41.55979315103309],[2.138791738847658,41.55916706011169],[2.138572227826046,41.5612363209994],[2.135711700234765,41.56324668708493],[2.133906383173041,41.563462577435985],[2.131267165247493,41.56252851457924],[2.130584760578245,41.564196486278775],[2.128616718386809,41.56629333117229],[2.127347723718458,41.5716084036049],[2.126331781186764,41.575119998988725],[2.131895550339379,41.574221173368414],[2.136979426859057,41.57407505691833],[2.14215819624377,41.57527497286168],[2.145918060270276,41.57566331091306],[2.146990462240012,41.5758852393123],[2.149911250703667,41.576122622560945],[2.150693349718324,41.5740533913509],[2.157226514292176,41.56531669620853],[2.158449623751096,41.56472990655993],[2.16111998519915,41.565284969026095],[2.16271289678275,41.564673081097794],[2.164686354691526,41.56521440462103],[2.167331428102898,41.56246467170723],[2.168331863624587,41.56238582364682],[2.16840058621807,41.55978875604626],[2.169010894936832,41.55917604164097],[2.169790226737575,41.556636974017124],[2.170907532756416,41.55501108789139],[2.173560684777783,41.555335218845244],[2.174124594774241,41.55538083965399]]]}},{"type":"Feature","properties":{"postal_code":"08790"},"geometry":{"type":"Polygon","coordinates":[[[1.84821931087248,41.4650479124312],[1.847304731827876,41.4637000319309],[1.847479320813989,41.46315242574383],[1.847657487303195,41.4629738536604],[1.849956638288234,41.46170620617647],[1.851073950602313,41.46208213808018],[1.851770611324639,41.46211568818842],[1.852086113283463,41.462012305723306],[1.852311957330983,41.461831693078125],[1.852369496854806,41.461640203132845],[1.851734285908549,41.46066767807088],[1.851765885387294,41.46045025167774],[1.85198708443636,41.46020681059582],[1.852829990211887,41.45995507416734],[1.853947006649037,41.460006864325294],[1.854323195758866,41.46039611159125],[1.854457997838324,41.46139879361942],[1.854918905782881,41.46164039109118],[1.855488265670886,41.461571270997354],[1.85628443727694,41.46021406182945],[1.856542082251281,41.45997807342934],[1.857065532648221,41.45977585367268],[1.858212939875273,41.45975425465508],[1.859406151372752,41.45986580296443],[1.860464644427793,41.45977594090692],[1.861060388626015,41.459579623400884],[1.861214661027759,41.459402028880504],[1.861226720037109,41.458924344982506],[1.860768539736284,41.458079436416824],[1.86051850032851,41.457936946033215],[1.860687902924383,41.45764165723665],[1.862305739218471,41.45751008372338],[1.862866485399991,41.45812555095341],[1.863345869915975,41.45829432941974],[1.863933480645585,41.45799028932038],[1.865857981260831,41.45763858785051],[1.866490941203949,41.45762074260318],[1.869101799908151,41.457960151239945],[1.872013381112652,41.45736835956211],[1.873049952293456,41.45730630903893],[1.874812487706151,41.457996435287214],[1.875993020561452,41.455695141217745],[1.877006864075497,41.45517652377754],[1.881064096131126,41.45071719134529],[1.885044822860266,41.44652320208411],[1.886315940828013,41.44560473886759],[1.888457175358326,41.44376607494439],[1.880858821377501,41.43991864393024],[1.872760772591562,41.4299545243818],[1.871475340114841,41.424282068562604],[1.883159863636763,41.414942473316444],[1.882473849988173,41.41469862124433],[1.880987641166712,41.411790736253465],[1.882347132813891,41.40998565931068],[1.885089509273428,41.408121707350915],[1.883823289912868,41.40750878969885],[1.882896209392527,41.40678296935852],[1.882514707987355,41.40552182217431],[1.879217340108141,41.40509375477296],[1.877612600640987,41.4041012467751],[1.87620794324198,41.399557930254275],[1.875560245209158,41.398893304282524],[1.865967000676505,41.41100500667568],[1.864391165419931,41.40623808362062],[1.861857934396141,41.40386948428926],[1.859885693270144,41.40468175016264],[1.858373439182856,41.4046107127142],[1.855393556267586,41.40729438143052],[1.85418520558278,41.40953164017304],[1.852862221014675,41.41008279238696],[1.846287932242262,41.416699670353466],[1.839267078812611,41.423298391907224],[1.835136066376378,41.42967652595087],[1.822850796626938,41.43356140743299],[1.815532907018053,41.43894445961911],[1.815183547382787,41.44326405359317],[1.818922777364264,41.44463759894603],[1.81923177362745,41.44509277730981],[1.819948239219855,41.445233764926286],[1.82060348256465,41.446484765059836],[1.821230712027727,41.44719670526371],[1.821579964643661,41.4472270214099],[1.824049110877752,41.44663703557069],[1.824231404355828,41.44667437991865],[1.824641282069479,41.447359448379814],[1.824807195295818,41.447982744208275],[1.825948354033301,41.447718628611824],[1.826166684245095,41.448402742892256],[1.826427362632671,41.448850956006766],[1.826652505208926,41.44978686876897],[1.826972973224144,41.4505566713533],[1.830018870874198,41.45015840028992],[1.830762526569345,41.45018111986275],[1.831282846426234,41.45025825201668],[1.83251128886485,41.45084577371347],[1.833047833390765,41.45146239207571],[1.833184898164518,41.45233899364962],[1.833037951640165,41.453902804071106],[1.834124257128735,41.45499148107194],[1.83431605014556,41.45531652663635],[1.834853179230834,41.45690552167247],[1.836240549861486,41.45689208490177],[1.836525919135852,41.457510274379615],[1.835966401428266,41.45947862773647],[1.835724752695171,41.461055465737104],[1.835926104606017,41.46183029822964],[1.836198144129014,41.4622689731346],[1.837220232627601,41.46313523700155],[1.837999283839849,41.46330949863443],[1.838295892841188,41.46375618739813],[1.838557147694189,41.46388919892735],[1.839099216755415,41.463614240205004],[1.840073741010315,41.46368114976525],[1.840878967890035,41.46340409292452],[1.841495394696722,41.463324076644824],[1.842481028276836,41.464020773339996],[1.843937857146386,41.464616545417186],[1.845432061840199,41.46458944614602],[1.846488904639216,41.464796913446776],[1.847498962007478,41.465339469041226],[1.848088219395777,41.465215514584315],[1.84821931087248,41.4650479124312]]]}},{"type":"Feature","properties":{"postal_code":"08781"},"geometry":{"type":"Polygon","coordinates":[[[1.757034601565579,41.57619762242234],[1.757619754448115,41.5760022689895],[1.759723571785401,41.57607704491966],[1.761241628298478,41.576338144190004],[1.762058469023088,41.576358259326184],[1.762813611758759,41.5761918541707],[1.763949790950107,41.576477814299665],[1.764945297287625,41.57648145115803],[1.771520896372238,41.57492058241894],[1.771700197805899,41.57475105841456],[1.772797666579038,41.57288665679374],[1.772990230314861,41.57273455985205],[1.773606505136115,41.57263692495411],[1.775860241257135,41.572957249077774],[1.776698142305406,41.57407479071901],[1.776860755919131,41.57481530688091],[1.778074721970825,41.574832185357025],[1.779013799447284,41.566850033102526],[1.784008632292512,41.56169911032566],[1.790408262831079,41.56310390711957],[1.79710976070686,41.56751708904238],[1.796969605862614,41.56723238526632],[1.797189256279125,41.56663799904442],[1.797064923207643,41.56576984660114],[1.797454507719351,41.56488020126028],[1.797500267023679,41.5645271687938],[1.797400599657919,41.5641531677345],[1.796918493793441,41.563795180003524],[1.79629688599249,41.56284882431379],[1.795059890101811,41.562333317628486],[1.794435693152707,41.56183721201768],[1.795754253056316,41.56134989638059],[1.796034489000476,41.56111460585436],[1.791664703862978,41.559366691619516],[1.791463201765339,41.55830881010348],[1.791540389677209,41.55824786664573],[1.792539586832447,41.55151414606098],[1.792424702038375,41.54772520785201],[1.806927996729655,41.53894035491345],[1.816982406412933,41.534507785405935],[1.826072864271282,41.53216524393082],[1.8291077506222,41.53496845952674],[1.829368979394872,41.53437821738078],[1.829895724907772,41.53404994235092],[1.830828380325499,41.53241702802342],[1.831269477104684,41.53206528518473],[1.832019855232147,41.53184461943363],[1.832311014341826,41.53157123002825],[1.832987121958126,41.531479736600545],[1.833594664362238,41.530949948681155],[1.834040495172701,41.5308230732262],[1.834072198972819,41.53060568190665],[1.83383989959168,41.530543411049564],[1.834052078440664,41.530336407798984],[1.834344653083235,41.5302430590699],[1.8342847510404,41.529921436325196],[1.834572592551069,41.5297652555621],[1.835067677431368,41.5298163937116],[1.835346879155111,41.5295435430001],[1.836232634028818,41.529371127675404],[1.837465849169575,41.52887792777415],[1.837627395288052,41.52831291880614],[1.838163363348542,41.528110272770846],[1.838079543835875,41.52778964287768],[1.838869347342495,41.52633375200105],[1.839916792226177,41.52592044067575],[1.840063186566795,41.525635129857335],[1.839886507556287,41.52535447123182],[1.839964484173606,41.524955049935556],[1.840210572859633,41.52488161759254],[1.841315666984428,41.52524015211128],[1.841933791711085,41.52356692927037],[1.845579588427256,41.52314287914055],[1.846258866153732,41.522771488813135],[1.846575367259391,41.52203782188792],[1.846769639707077,41.52191256341405],[1.847646634284729,41.521785463128595],[1.848667539275482,41.52149924489419],[1.849321930063013,41.520958362038755],[1.85000438419496,41.5214336771225],[1.850297777220646,41.52151132908455],[1.85051124120082,41.52132224482574],[1.85067343842843,41.520928215864444],[1.851205987266496,41.520680624411284],[1.852448789180244,41.520799119983394],[1.852877899795203,41.52060990442351],[1.853222379709052,41.52009110801822],[1.853503641779639,41.52000716619773],[1.853891818852333,41.520071799573884],[1.854079347284028,41.51985677437062],[1.854922646063244,41.51623710026195],[1.854317237750308,41.516001064197724],[1.853694682963237,41.513921695829595],[1.853946965280215,41.513451812651],[1.854929024055195,41.512969112334645],[1.855408163056268,41.51248963788646],[1.855855076650471,41.510300878682585],[1.855561538833967,41.508620635733735],[1.85496763734659,41.50852872142332],[1.854555569783713,41.508303053642976],[1.854546634119856,41.50706936455953],[1.854211892964486,41.50691303810618],[1.853117999895744,41.50686030276074],[1.851669640841237,41.50655241086503],[1.851048389171808,41.506893849271705],[1.850190873010376,41.50711916361848],[1.847492998603002,41.5070801123573],[1.846148724384136,41.50672274156125],[1.845425641580107,41.506663245112634],[1.843701202348598,41.50778950927838],[1.841582948194514,41.50845515687996],[1.841073132419126,41.50884582417541],[1.84035127988767,41.50960556064808],[1.839806171117914,41.509844686782856],[1.839087414052926,41.51032516937107],[1.838550581743959,41.51099608610048],[1.837242358647927,41.51096121578746],[1.836559579860705,41.510800910733394],[1.836012339697731,41.51085101466259],[1.83544005161707,41.51120826315082],[1.83543301712001,41.51159573155775],[1.835078357779992,41.51197982031243],[1.835215946858455,41.512379186750024],[1.835175445890115,41.51328123194327],[1.834625713705691,41.51361954970241],[1.833388215993352,41.513248513707936],[1.833553740712546,41.51273736873458],[1.833451273757248,41.51232752069848],[1.833042366412087,41.51198462718878],[1.832594552596504,41.51192243277404],[1.8320598759625,41.51198094806227],[1.831599614630477,41.512234458853186],[1.8308944094494,41.512255160347365],[1.830486228756456,41.51192120699807],[1.830291896054121,41.510920975622525],[1.830138479806976,41.510630303046014],[1.829593003214541,41.51038316934779],[1.828903016361096,41.51028616487457],[1.828488062873816,41.51082583634326],[1.827405542631652,41.511087485998644],[1.826467511066767,41.509911501914246],[1.825430010886294,41.50997313964865],[1.824801219300809,41.51021567871061],[1.824207031829019,41.51060078999444],[1.823425449924571,41.51039960625678],[1.821849038202515,41.51142922477885],[1.821366079780773,41.51137748138564],[1.821049596661567,41.5100222777059],[1.820841174280758,41.509796929184915],[1.820473106948327,41.51000145840055],[1.820122472973765,41.510601441103574],[1.819795545128272,41.51087627841747],[1.819539041393625,41.511454288884295],[1.819176200920936,41.511568590018385],[1.818204826991177,41.51123121564808],[1.817640314448965,41.51137199911847],[1.816384163898022,41.512199034557796],[1.816107638556673,41.512507761024324],[1.815513260428588,41.5125687413543],[1.814626150276581,41.512236835761314],[1.814119983050773,41.51235712008503],[1.813583386364201,41.51271276418271],[1.811543464958902,41.51298744591389],[1.811317362806051,41.51333003725142],[1.811304319039095,41.51412291014418],[1.811055680775041,41.51448448077417],[1.810483131891033,41.51451752816138],[1.810221669294606,41.514384406914814],[1.809828760888593,41.51393270622941],[1.809370330576257,41.51388889665526],[1.809007457728001,41.514003150125234],[1.807517162387114,41.51555119363263],[1.807450288799771,41.51594118913454],[1.807316904951165,41.516081829612745],[1.806587177955862,41.51625645816898],[1.805365698068499,41.51610057598077],[1.805282171734802,41.51626615915592],[1.805754743886325,41.51730875309647],[1.805681318737868,41.5179330723534],[1.805414016843372,41.51836746019012],[1.804986775918962,41.51842138533863],[1.804032597026719,41.518155215690626],[1.803121510948984,41.517500100049574],[1.802510435108502,41.51749865214106],[1.802002348729388,41.51824024119418],[1.802132006686747,41.51966640408125],[1.802534828319665,41.52025276655189],[1.802262837360047,41.52030018600476],[1.80143489360546,41.520767010589054],[1.800605601767074,41.521377971316326],[1.800103961728439,41.521561006735055],[1.797952875125077,41.52163300465941],[1.797487776339779,41.521985583867604],[1.796560152628956,41.52207840199662],[1.796066544435462,41.52253120704955],[1.795714890629711,41.52247388516167],[1.795387131810685,41.52290176010814],[1.79522255857421,41.52278258374923],[1.794977718147152,41.52287387842671],[1.794650607739356,41.522824525431474],[1.794357364001144,41.52323290217669],[1.794019599325054,41.523202041041316],[1.793076720414319,41.52357455462197],[1.792388623036516,41.5235042815973],[1.79219288829114,41.52377356020162],[1.791818023882684,41.523726193808784],[1.791474301198036,41.523938632561794],[1.791222809385147,41.52394012004049],[1.790513462826027,41.52423088344847],[1.790420603328187,41.52443281901935],[1.790162462827368,41.5245066236817],[1.789771624660716,41.52489210278827],[1.789354244802553,41.52491852936663],[1.789189017758929,41.5251145087276],[1.788129978815448,41.52537481119856],[1.787100105785271,41.525867973328275],[1.786524777996078,41.52586496869333],[1.784036999607849,41.5265719941022],[1.78375231471756,41.526772983586284],[1.783433783842042,41.52667819144534],[1.783121228062214,41.52698837661228],[1.782525318388707,41.52719328714045],[1.782012932350938,41.52788090068299],[1.780005478270198,41.52844178536009],[1.778983035438728,41.527412922268525],[1.779356850338388,41.52582172928936],[1.77955266332475,41.52555244618844],[1.779554688598012,41.52525526341964],[1.778691458144294,41.524760023856004],[1.778375707073224,41.524214941166576],[1.778382052689551,41.52364631602467],[1.775719949715892,41.52508184804884],[1.77517309356341,41.52546473800726],[1.774668003725367,41.52592696435789],[1.774117046664344,41.526742222275686],[1.773765813741306,41.52750413870501],[1.772476042035692,41.529187487012905],[1.771197694418049,41.53005098996118],[1.770818008744072,41.530426940750715],[1.767839094398653,41.53211741438713],[1.767015239861394,41.53280892918872],[1.765791694231268,41.53409327978102],[1.765454498826045,41.534233322210014],[1.764052224630461,41.53406649257454],[1.763877604168101,41.53429885490823],[1.763835654391926,41.53470575316794],[1.763670982230053,41.534910650206314],[1.76100923358922,41.53586752526604],[1.760794107661923,41.53603851876261],[1.760645241984321,41.536458866383555],[1.760387697734075,41.53654157883079],[1.760663215834711,41.53947436335119],[1.760559477238075,41.540018874971054],[1.760684414654008,41.54122920416444],[1.760157065696035,41.54351099463668],[1.759833757621834,41.543677478033146],[1.759735859222531,41.544464849772964],[1.759313471039832,41.544914543171615],[1.758687404400177,41.545201641842255],[1.758292235997885,41.54569521226421],[1.758215037294121,41.546112601115624],[1.758407691861464,41.547266095853615],[1.75842251268881,41.54828288194943],[1.75681074771785,41.549835333933515],[1.756062060315799,41.55090182825677],[1.755795833111222,41.5510298872195],[1.755089713319592,41.553328121795346],[1.754975656801093,41.55438628389987],[1.754554322623903,41.55534011835175],[1.75460333567537,41.55551814544606],[1.755030635955052,41.55595061143157],[1.755688451360925,41.55625646366485],[1.756038117665014,41.55661112210555],[1.756172753369867,41.55697469462643],[1.755976606734976,41.55756805741987],[1.756196788650868,41.5581171582802],[1.756086272763241,41.558733943916366],[1.755092491325399,41.559891596220154],[1.753098645785883,41.56130681166002],[1.752886139583666,41.56135160958911],[1.75150468199547,41.560985697931585],[1.750759653035573,41.561124597322305],[1.749862010923039,41.5611437735663],[1.748230013004672,41.56226476590621],[1.745611736692297,41.56481307586273],[1.745949951029388,41.56550138458118],[1.742892186824974,41.568599055302116],[1.743933045073959,41.57020368235402],[1.744436838988918,41.57053400244223],[1.744984329163458,41.571132575008335],[1.745406931384764,41.57182638937633],[1.743714957679117,41.573769101263],[1.742614128139508,41.57445391701464],[1.743108508850582,41.574982675210265],[1.743421865027017,41.57516778986161],[1.743902557157298,41.57534600221618],[1.744556605303103,41.575436003668585],[1.745678985296934,41.57537155285485],[1.747374273903631,41.575598510263035],[1.749242509334351,41.575404128098],[1.750034693346436,41.57557836005327],[1.751100972731706,41.576056417169866],[1.752550533280498,41.576365498868654],[1.752855907973753,41.5766049631485],[1.753300787301498,41.57678460542519],[1.755243918272186,41.57679407708497],[1.756514448083294,41.576624341739944],[1.756711106432419,41.5763640806378],[1.757034601565579,41.57619762242234]]]}},{"type":"Feature","properties":{"postal_code":"08799"},"geometry":{"type":"Polygon","coordinates":[[[1.763275822820958,41.33882582305324],[1.737972855662747,41.32899474920828],[1.727010012002438,41.336490629039304],[1.723004420817347,41.33749389292882],[1.720450199617005,41.33758220185712],[1.71842672591265,41.33913988879482],[1.72211101720967,41.339545579265064],[1.721868645421637,41.341302822167506],[1.722370834946048,41.3423091527452],[1.724845390602297,41.34133231813195],[1.724820928143288,41.34000248972308],[1.72385361195461,41.33984248863993],[1.724210148179793,41.33899215176638],[1.725393941976847,41.339176971440054],[1.728875847142604,41.337936343187664],[1.728699833630401,41.33764534865389],[1.729717063991302,41.337181356034705],[1.732849194035055,41.34083393273977],[1.735230638383257,41.34171490771678],[1.738022564789503,41.348732391386704],[1.73508649594504,41.3502575255643],[1.735510424666359,41.35082526487406],[1.728318020160486,41.3534795212629],[1.728005657734911,41.35312379083024],[1.727973790258204,41.3507025532802],[1.725978483320318,41.35284709281905],[1.726304917437972,41.35422082163359],[1.725509155922794,41.355117342291464],[1.723887972352031,41.354671992618364],[1.723623543791518,41.35531312110362],[1.722522025371177,41.354953270876706],[1.72214822036409,41.355733982237496],[1.720998656562756,41.35569121227962],[1.720700212045131,41.35751263709852],[1.721557496181504,41.35747743043902],[1.722357898198425,41.35911861763009],[1.721752267752947,41.35999890372642],[1.724199423764389,41.360618523126334],[1.724492105426293,41.35987776594612],[1.725881381720399,41.36040583076448],[1.725397284756866,41.36114602766702],[1.726375678794511,41.36212433177246],[1.728684042434622,41.36032699799256],[1.729286610688519,41.360563839849306],[1.729894895932716,41.360223684775235],[1.730429170569778,41.360497097562984],[1.730073628095454,41.36087189002569],[1.73074009587873,41.360664408335765],[1.731339735040706,41.361027946682384],[1.73230304295106,41.36030451134411],[1.73363936806237,41.35731310001955],[1.737713000154827,41.35811747074467],[1.738931031142158,41.3585984371681],[1.741295274157551,41.357258322313726],[1.741418158421254,41.35746932395011],[1.742750902432192,41.356405860342136],[1.741916598672105,41.35610718919543],[1.74215045028302,41.3552151768389],[1.741865321127648,41.35507388435224],[1.74174048173785,41.354835948020536],[1.741778317115632,41.354699298733635],[1.74261132765065,41.35432275169359],[1.744365502066273,41.35396220629076],[1.745348922414848,41.35335433293608],[1.745918568287266,41.352808563164615],[1.747367730436395,41.35236144722296],[1.748161990983078,41.35227463476656],[1.748678455446338,41.35198315909548],[1.748749750100899,41.35148501741958],[1.748565213713619,41.350592261323754],[1.748879324421296,41.35014712119266],[1.748902760753822,41.349813005965416],[1.748684525870146,41.349605937963645],[1.748211484272588,41.349508464044334],[1.747413130011921,41.34904625568015],[1.74729152728213,41.34885318832397],[1.747969099894021,41.347492641771964],[1.748102860558561,41.34736105476884],[1.748357453233893,41.347575638404976],[1.748486550913583,41.34754328889164],[1.749233929802017,41.34648594337159],[1.749730562415493,41.345429964820994],[1.749704226668712,41.345232996205766],[1.749523773203578,41.34505136372945],[1.748764174327164,41.34495672087593],[1.748451935108733,41.34411427735199],[1.748884601643056,41.343493156084264],[1.749468518857043,41.34314487563546],[1.749450900238855,41.3429025182366],[1.749235437065749,41.34256927984836],[1.74970501897144,41.34212670818101],[1.749832935841312,41.3419143233873],[1.74982259004048,41.341608616844155],[1.750533173167412,41.341687247268624],[1.752688088184698,41.34043659697136],[1.755904526072982,41.33965517964282],[1.756354253645895,41.33992465429935],[1.757665415726365,41.34037458871626],[1.757867083299232,41.34051928333821],[1.758801619199346,41.340228454279725],[1.763214934221821,41.339478220943136],[1.763253684210156,41.338864348211075],[1.763275822820958,41.33882582305324]]]}},{"type":"Feature","properties":{"postal_code":"08184"},"geometry":{"type":"Polygon","coordinates":[[[2.161547959970392,41.59767196968562],[2.164180482443271,41.59969875469375],[2.164254822202281,41.60122590874869],[2.179986591707802,41.60161618663767],[2.182287882179992,41.6014390237919],[2.18309464420247,41.602232502827746],[2.184925734035403,41.60217503524967],[2.185033474615125,41.60531272490232],[2.186476989921118,41.6061111340216],[2.187984776176449,41.60621452907725],[2.18912938471334,41.60344496431361],[2.188387413448368,41.60137133002286],[2.188845654003728,41.59826993071272],[2.190751310224755,41.59735652708201],[2.191205159390563,41.59613741960618],[2.192269623044638,41.59430835684515],[2.192049212701022,41.59320986824082],[2.195509733787162,41.59075736486045],[2.195309016797694,41.589902720234306],[2.19823190877554,41.58539531274346],[2.197929959599946,41.58432032162551],[2.198513369596299,41.5833738769029],[2.20067142324757,41.58172864456128],[2.201342610672953,41.580536262238695],[2.200627808826312,41.58044212930082],[2.20072623872494,41.57883679718043],[2.201307252028073,41.57830402620982],[2.202627581797458,41.57639008633339],[2.202793656901747,41.57562573364066],[2.200818252860074,41.57550997200758],[2.199710121724706,41.575298652011156],[2.198295453972037,41.57575100560439],[2.197664104714647,41.57520289489764],[2.196614971803513,41.574980331577024],[2.195811983336341,41.57423176558348],[2.19118565759203,41.57350730591742],[2.186551725381833,41.57238350679336],[2.187156230775429,41.56736796436002],[2.189065807141276,41.56069258819235],[2.189766136198216,41.5570146820819],[2.186466300579298,41.556829203205154],[2.186441916361332,41.557272041971146],[2.183156924952129,41.55726019969842],[2.17987885382604,41.555534619227274],[2.179554301090093,41.55597125087252],[2.172472398981995,41.555247158129816],[2.170907532756416,41.55501108789139],[2.169790226737575,41.556636974017124],[2.169010894936832,41.55917604164097],[2.16840058621807,41.55978875604626],[2.168331863624587,41.56238582364682],[2.167331428102898,41.56246467170723],[2.164686354691526,41.56521440462103],[2.16271289678275,41.564673081097794],[2.16111998519915,41.565284969026095],[2.158449623751096,41.56472990655993],[2.157226514292176,41.56531669620853],[2.150693349718324,41.5740533913509],[2.149911250703667,41.576122622560945],[2.149136517136526,41.57708588730384],[2.15171472415517,41.5773836258536],[2.1526244162838,41.57797296238226],[2.151315498911117,41.58050760174439],[2.152188535572463,41.58137711216398],[2.15196621506874,41.581901950214785],[2.153327044007881,41.58242598427171],[2.152718529436584,41.582759989781664],[2.152022259919363,41.58335677629418],[2.151768541385081,41.58378175902095],[2.154659750247276,41.59236781322397],[2.157711829837069,41.594718183297516],[2.161547959970392,41.59767196968562]]]}},{"type":"Feature","properties":{"postal_code":"08520"},"geometry":{"type":"Polygon","coordinates":[[[2.348971197962385,41.67407589578596],[2.348834078330015,41.67184854217646],[2.347312884082328,41.66972413665957],[2.34823869565929,41.666702182559675],[2.349509661641548,41.663787877308664],[2.34795085864522,41.660782895214425],[2.348299902618407,41.65703797702099],[2.345716788898699,41.65801410476712],[2.340340463641496,41.65832566409807],[2.338699323215167,41.65387634381818],[2.338390461850338,41.64797438191215],[2.33662137127925,41.64805764744244],[2.334652919896314,41.64269271030031],[2.33343146518996,41.63866382307697],[2.33394085378734,41.63829762723367],[2.332815981772114,41.63702658211105],[2.331576106252271,41.635967412765865],[2.330545037123727,41.63540463861318],[2.32648233629078,41.63241311127604],[2.32400239369548,41.62708435026252],[2.31734520721551,41.61808297744744],[2.318900002832834,41.612647205204325],[2.312589049045357,41.61015087876001],[2.310161036003024,41.6077593925819],[2.30265039829726,41.607423912183776],[2.303531286040027,41.6103850010669],[2.302139444879458,41.61350744271431],[2.302808541381069,41.613565467872036],[2.302573828219579,41.614112285353656],[2.300489795067961,41.615027373414534],[2.29850207301223,41.61542835323587],[2.299259125008575,41.61630415890977],[2.299169629874484,41.61849678609775],[2.301228015260676,41.61885476573485],[2.301250388594553,41.619436484106416],[2.296798013317641,41.62086840265465],[2.295279163602515,41.62028558261352],[2.294813348057573,41.61879757604726],[2.297357356556745,41.61827304916187],[2.29749159925791,41.61746759385437],[2.294426394962159,41.61755708898846],[2.294163880158919,41.616359363793606],[2.292588585394867,41.616717963962856],[2.293565962299283,41.61949960842014],[2.293925057095691,41.61984100455868],[2.295393611326119,41.621998306376724],[2.29450583657507,41.62237528778928],[2.293917038740346,41.622451859665546],[2.292710976830108,41.62220376279339],[2.292649037822798,41.62197200480415],[2.291870143991957,41.621712581870156],[2.291408719836568,41.621657501092784],[2.288475911034482,41.6225698471207],[2.286821893215802,41.62172130979059],[2.28699769268934,41.623708468870745],[2.288337345292234,41.63258874707299],[2.277446570602763,41.635448156806945],[2.278213196781621,41.6402582509175],[2.27423033506193,41.64409271190908],[2.276874438104812,41.64458677695819],[2.277021767740393,41.657516208606125],[2.277599772811243,41.65754348684243],[2.278392778803664,41.657111611711514],[2.278639211030736,41.65763105472939],[2.287211939079725,41.65910760123478],[2.290599121352329,41.663514987926305],[2.294270004656994,41.66669453922157],[2.297284472800186,41.66889718665584],[2.303304215317269,41.67200970068711],[2.307206650666387,41.67274031441394],[2.311647398608557,41.67431783679871],[2.316390348435846,41.67213528291694],[2.318321208157215,41.675160570803655],[2.324618377136403,41.68044576775793],[2.32377976382503,41.68118067125096],[2.330274327698078,41.686977363914195],[2.338815617246951,41.68526258789808],[2.343849983389987,41.682831266249934],[2.345312370069792,41.67860386537609],[2.348971007306147,41.67407590477916],[2.348971197962385,41.67407589578596]]]}},{"type":"Feature","properties":{"postal_code":"08105"},"geometry":{"type":"Polygon","coordinates":[[[2.236533290978571,41.52336967377141],[2.23658170058502,41.52323257302481],[2.237786919830455,41.5221421846141],[2.238830440972038,41.522454607294264],[2.239991331734586,41.521996430590775],[2.240264292163317,41.52092892093293],[2.241730224869968,41.520690338888016],[2.242531490236047,41.520816886989735],[2.245319026152117,41.51825861614219],[2.246615240600875,41.51828933158737],[2.248158913403131,41.51871385925716],[2.249060513431914,41.518753608392274],[2.250810932278682,41.516260690378544],[2.251103489834179,41.515437045383294],[2.253147970802218,41.51568550018567],[2.253328693164633,41.51481294735959],[2.253327298316151,41.513318533123766],[2.255134419417914,41.512119372610925],[2.25510574273585,41.511175397426655],[2.256146806929564,41.510425442879864],[2.256801498990001,41.510080346031145],[2.25676874388239,41.509676697021916],[2.256586682429429,41.509351965320946],[2.257539381037589,41.50839896993648],[2.258999601250594,41.50765386903083],[2.260094256045079,41.507561587797],[2.261317918587054,41.50758645405159],[2.262297365730831,41.50574934235823],[2.262595217595219,41.50488104512414],[2.263178160843438,41.50409824823555],[2.262341944225341,41.502500634996295],[2.263029700760057,41.501693377447396],[2.26132780123703,41.5000440873647],[2.26007470478379,41.49921188262226],[2.259281892145623,41.49755392127645],[2.257425580825895,41.496223921097055],[2.255314071587122,41.49587996998463],[2.255099205563852,41.49509494277737],[2.255195865596704,41.494600160968616],[2.255152006559854,41.4935279847287],[2.254440299280361,41.49268118578806],[2.254258456362663,41.49201797355062],[2.253818704969262,41.492073691048006],[2.253598819829676,41.49191911107812],[2.253604017911073,41.492103124959215],[2.252505066155891,41.492243401211965],[2.246946919564664,41.48866316867026],[2.246488991074045,41.488622242322606],[2.245662971868626,41.4904081906854],[2.242561178655478,41.49039682415406],[2.240577147417412,41.49163000601993],[2.236511110998947,41.491392693817716],[2.235131827072166,41.49210412680401],[2.231018285765288,41.49291044006475],[2.228764459712011,41.491989563967195],[2.225439357640255,41.49233205817791],[2.224856734550656,41.49222913166909],[2.223312173218233,41.495812560401305],[2.219013394052865,41.49654654928378],[2.21066623665746,41.498915177393485],[2.209152204610518,41.500048697289515],[2.20799770802779,41.50132428578712],[2.203946271203449,41.503516671956845],[2.207991965856536,41.50825540306437],[2.211129724756972,41.51361386868507],[2.215453658859246,41.52388920402353],[2.2168564933325,41.52538083665627],[2.219253920432095,41.52837370488254],[2.220619850325818,41.5311977415825],[2.228068148825969,41.52581653210723],[2.233423126875778,41.52452373688095],[2.23360673336407,41.52489877216061],[2.233860069686443,41.524867109729314],[2.234082918991533,41.525074065315835],[2.236123294554375,41.524530789364405],[2.236335941950131,41.52392857724203],[2.236533290978571,41.52336967377141]]]}},{"type":"Feature","properties":{"postal_code":"08860"},"geometry":{"type":"Polygon","coordinates":[[[1.989812281711409,41.28741559985002],[2.00053595966682,41.268719990435216],[2.000525835998531,41.267198363613545],[2.001115243573622,41.267194664702004],[2.001139375981381,41.26627013465895],[2.001812595874583,41.26622878113329],[2.001916952305521,41.2646912866735],[2.00282313707811,41.26473103311065],[1.999584721557653,41.26451196995146],[1.979239332828911,41.26419207930098],[1.960894109175797,41.26458958773924],[1.944333341010861,41.26381004279921],[1.942696350955828,41.266300159424816],[1.939438055022208,41.269296127614155],[1.93976343333577,41.270444123897164],[1.937240118236844,41.2747926823364],[1.93915219202006,41.276888080220715],[1.943303544423031,41.279221911761795],[1.942654480320016,41.280268343109526],[1.944523312900571,41.279889656582384],[1.947605805763317,41.28087379998584],[1.949823515043192,41.28352419288717],[1.952350982311998,41.283333620250346],[1.953634831981901,41.283736798014786],[1.957291602225666,41.28709867606301],[1.959425946150475,41.28784489482604],[1.960686293837398,41.28998781558522],[1.963364936242783,41.292249438760564],[1.966074968584905,41.29303255310981],[1.971023968381417,41.293285362429515],[1.97794916002573,41.296594980873635],[1.983904365394153,41.29218663370614],[1.985032712389739,41.29101222163672],[1.987606008210719,41.29126055772855],[1.989354926088936,41.2882126671808],[1.989812281711409,41.28741559985002]]]}},{"type":"Feature","properties":{"postal_code":"08753"},"geometry":{"type":"Polygon","coordinates":[[[1.982850720584281,41.41464059159],[1.979214701297394,41.41353818463949],[1.977810667128551,41.41332001810434],[1.977287537789607,41.41336070972892],[1.978206466854942,41.41442824186987],[1.976522271385704,41.41445632679802],[1.975619355648746,41.41437843831426],[1.975860314601846,41.41580851864819],[1.975234241666897,41.415754612385456],[1.973760232149004,41.415404383105795],[1.973140834881633,41.415125110335566],[1.972859762567964,41.41551545387506],[1.973398635438684,41.41614934911314],[1.973222845857663,41.41775954116986],[1.972689599145667,41.41751257564482],[1.971247916658001,41.41711585231474],[1.969814918923362,41.4169888923235],[1.970007074367004,41.417781846155265],[1.969014144587106,41.4169965644399],[1.968235168018566,41.41697629102299],[1.968187850189111,41.41635709700239],[1.966326119554765,41.416410684905145],[1.966634167033192,41.41668545656853],[1.967024149944564,41.41740684325117],[1.96566034335018,41.417402869147054],[1.965486462130514,41.417788520024146],[1.962897506414777,41.41709025491133],[1.96385258462908,41.41863347985117],[1.961643130226264,41.418206873848135],[1.960646949397187,41.41769173228761],[1.960171905009418,41.417892362942155],[1.959888284017097,41.41731037657257],[1.959645994966706,41.41711380096115],[1.959102735203032,41.417047244834464],[1.958378153229205,41.41679946902025],[1.957816588664627,41.417120840854125],[1.957041901862283,41.41668614814722],[1.955397513984053,41.41645107795483],[1.954520373716264,41.41671402173472],[1.955252892207227,41.4175376910116],[1.954600589645509,41.41729578687102],[1.953365898717266,41.41757415582259],[1.952719707048857,41.41741299911058],[1.952497989090887,41.417485574399734],[1.952500850733657,41.41783661666648],[1.951097734772645,41.41747400012497],[1.950337087286755,41.417380790790844],[1.949001890824604,41.41743837078417],[1.947223039911364,41.41669578887951],[1.94587181842968,41.416700033679604],[1.944638535839772,41.41731136582683],[1.944957266364725,41.41756829314221],[1.945280655377928,41.4202469220578],[1.952247067448184,41.4204669519882],[1.955513117336466,41.41969568620692],[1.963822430360835,41.42231603365798],[1.965531444420606,41.42511470228169],[1.968558873593111,41.42746799605118],[1.968606184228008,41.42778106264592],[1.971393299261365,41.42793043104456],[1.974198011329122,41.432154197757995],[1.978258023189198,41.42755777986764],[1.983591775440061,41.41622355757113],[1.982857001449474,41.41464399372529],[1.982850720584281,41.41464059159]]]}},{"type":"Feature","properties":{"postal_code":"08781"},"geometry":{"type":"Polygon","coordinates":[[[1.768143623729259,41.53192614657439],[1.764603425407756,41.53121810762951],[1.761250895812168,41.533542527765405],[1.761013999096747,41.535865941559905],[1.763670982230053,41.534910650206314],[1.763835654391926,41.53470575316794],[1.763877604168101,41.53429885490823],[1.764052224630461,41.53406649257454],[1.765454498826045,41.534233322210014],[1.765791694231268,41.53409327978102],[1.767015239861394,41.53280892918872],[1.767839094398653,41.53211741438713],[1.768143623729259,41.53192614657439]]]}},{"type":"Feature","properties":{"postal_code":"08739"},"geometry":{"type":"MultiPolygon","coordinates":[[[[1.707822799882308,41.39496803244873],[1.710283068908495,41.39449698554745],[1.707823005827038,41.39496598469242],[1.707642010070686,41.39510847867331],[1.706788816051017,41.39536850055583],[1.70764350924054,41.39510917654724],[1.707822799882308,41.39496803244873]]],[[[1.85418520558278,41.40953164017304],[1.855393556267586,41.40729438143052],[1.858373439182856,41.4046107127142],[1.859885693270144,41.40468175016264],[1.861857934396141,41.40386948428926],[1.864391165419931,41.40623808362062],[1.865967000676505,41.41100500667568],[1.875560245209158,41.398893304282524],[1.874715932893992,41.394967688907684],[1.876423041290309,41.389501542961796],[1.869396158805671,41.38714409882107],[1.867855606650892,41.38701171232066],[1.866336731754757,41.387004116646665],[1.86376554574332,41.387473254287215],[1.861596351290586,41.388042303909174],[1.861220821383768,41.387977205583525],[1.859752282441889,41.38720206462358],[1.85951594600408,41.38499723723271],[1.858537080721703,41.383895252963555],[1.858241167795654,41.3831334903183],[1.858182499622671,41.38266779078589],[1.856497962411026,41.381559647060044],[1.855545973367953,41.38081661819234],[1.85437782507654,41.38037984895084],[1.850819109714109,41.380107149325454],[1.849601008579668,41.38012262665785],[1.847520309214872,41.37834681635246],[1.846509324645581,41.378254444287165],[1.843869298229492,41.37843792756826],[1.843444302912246,41.37850988772112],[1.842850058783199,41.37887710159691],[1.83996377460852,41.37687405599286],[1.838049173730383,41.37668465966931],[1.836429173667398,41.375312380561866],[1.83523756296313,41.37391301477379],[1.834667267780162,41.37460331638994],[1.83460251119692,41.37485812220456],[1.832513173843893,41.37473003626212],[1.831570156437579,41.373941417162655],[1.832016633860576,41.37303127627234],[1.832707943616697,41.37203878356297],[1.832588607178479,41.37155762558393],[1.831860496264881,41.37012071489903],[1.832085884356047,41.369454019587295],[1.831461474267599,41.368931056622955],[1.830466655911437,41.3674423557801],[1.829663793349368,41.36580150133818],[1.827880168834724,41.36447198769207],[1.827106763566292,41.36355014662195],[1.826162725429413,41.363067663941536],[1.825495891622097,41.36197025092633],[1.824702008790666,41.36093221834716],[1.823910191701998,41.36024520914907],[1.822262659793921,41.359459135130976],[1.821399386172743,41.35845098522475],[1.821002239261929,41.35825157674884],[1.818249564665678,41.35787196931591],[1.817833283779009,41.35773635964523],[1.815784126336325,41.35684999593053],[1.81256090126459,41.35527451500684],[1.803068127192319,41.351314352175564],[1.80304156391702,41.35208974404645],[1.802241392126518,41.35339272139697],[1.80200575266332,41.35441096259581],[1.802031511944733,41.35492310491736],[1.802282972281319,41.355254707438746],[1.802653564910088,41.35541926268883],[1.804155233976871,41.35536545355279],[1.804441144643079,41.35551555310025],[1.804672068960826,41.35605509956315],[1.804609902425057,41.35666993996574],[1.805431193894492,41.35808512932522],[1.805425270060141,41.358328457991945],[1.805162482762341,41.35849254019854],[1.803920844571337,41.35883259544789],[1.803780544936217,41.35903655629204],[1.803858645659943,41.3592853726218],[1.805609237176554,41.359851360052176],[1.806032154160562,41.36007677782101],[1.806073200118078,41.360309123966886],[1.805968626950573,41.36067363807791],[1.806136094205385,41.36083772568048],[1.806803246372738,41.36097185776498],[1.808030320942521,41.36092043902704],[1.808334354746648,41.36099759636198],[1.808462583681262,41.36143354632111],[1.808126375731661,41.36238398673157],[1.807798773394666,41.36247876628204],[1.807461203871469,41.3624388588662],[1.806678184850341,41.36203048661764],[1.806504731708003,41.36210977174852],[1.806267158702383,41.36261493802897],[1.806232726359212,41.36295849973493],[1.806343941919351,41.36316991416021],[1.807291128582733,41.363535404934964],[1.807369882214289,41.36363118093425],[1.807268633840351,41.36387848370504],[1.806682203021239,41.36402910575862],[1.805167087291238,41.364875851639226],[1.804324479191337,41.36511820723945],[1.803690347431598,41.36543285484237],[1.802923191552054,41.36621221811936],[1.802913220768517,41.36688789855765],[1.802212880919683,41.367763518971174],[1.801039211690238,41.3685418992892],[1.800518156187934,41.37006731315597],[1.798681067876998,41.37173774989719],[1.798169332948362,41.37176812090206],[1.797206733703774,41.37233058658728],[1.796342808074144,41.37244769090819],[1.795821114952503,41.37299170070639],[1.793392716100982,41.37410153335907],[1.791429103969961,41.37454364637216],[1.790516069960631,41.375130969318775],[1.788766813037967,41.37588823355509],[1.787165242781725,41.37637821478279],[1.78638129026433,41.37677106563217],[1.785033971840335,41.37698027761769],[1.78302294385378,41.378243577778846],[1.782112439637388,41.3787046763797],[1.779156106369214,41.37930499093255],[1.777346380830807,41.38005560378309],[1.776206919114031,41.38016604592627],[1.775479020440457,41.380673507276526],[1.775138677408052,41.38075972528105],[1.773991314247723,41.380600339334194],[1.773821039309496,41.380886553971266],[1.773585988002935,41.38094133797233],[1.773129252013348,41.38074425784123],[1.77281676188403,41.380721222606326],[1.771612217130098,41.38108642559803],[1.77036116663453,41.38179567682897],[1.770095665182794,41.38176170224074],[1.76978138270465,41.38138762383977],[1.769340476581704,41.38124386091545],[1.768900989588985,41.38226153913871],[1.76832469143136,41.38271766179065],[1.768075361588672,41.38339424964488],[1.767428212142249,41.383862329682756],[1.767104484084655,41.383848782295445],[1.766452412648732,41.38359674279542],[1.766137169694616,41.38369985096733],[1.766046994673047,41.3839376847763],[1.76611034831393,41.38431321108578],[1.766335963933557,41.384618969789585],[1.766265699902135,41.38480200520837],[1.766015944680078,41.38498342094812],[1.765629201126728,41.38508951396989],[1.764643964147638,41.38502237957914],[1.764498202030381,41.38515448099446],[1.764507099023376,41.38576637611732],[1.764401068054838,41.38595083606219],[1.761853062968498,41.38609258090787],[1.761537146422143,41.38618672823492],[1.761227151012179,41.387343035152924],[1.760799956852509,41.387549847747266],[1.760326644558972,41.387290360961345],[1.760083207074331,41.38690426491985],[1.759510668082839,41.386594898136025],[1.759270987965692,41.38658681862677],[1.759061687846611,41.38666753637767],[1.75870638459196,41.38720447390733],[1.758107560215706,41.38751739391256],[1.756659185872707,41.38782052479735],[1.756223832164096,41.388243752047515],[1.756144849205441,41.38847211599534],[1.7563860851497,41.389155373221854],[1.756283955440153,41.38939371424851],[1.755052120758762,41.38955280431844],[1.754622240324125,41.389723653923454],[1.753870048264105,41.39055615274424],[1.75351621989762,41.39078689809685],[1.752663971065374,41.39074114418844],[1.752241662023096,41.390524503802794],[1.751881525811768,41.39050343358656],[1.751498000032655,41.390654341624554],[1.75119116394103,41.39087413593262],[1.751196280184161,41.39110803610697],[1.751628802826986,41.39179242378128],[1.751471887317734,41.39259124928668],[1.749291079919374,41.39269049037381],[1.749126709030406,41.39289539011014],[1.749053614832462,41.393204549150596],[1.749135491809511,41.39350727444116],[1.749703895718199,41.39408699092189],[1.749718936879447,41.3942934806596],[1.749465200358713,41.39442103240469],[1.749153928810756,41.39441588018872],[1.747797857285263,41.394183856899474],[1.747688463751615,41.39432345056679],[1.747742560670645,41.395392644654805],[1.74650667993933,41.39549776281149],[1.745934983612585,41.395692502906684],[1.74486860620118,41.39582660621289],[1.744739904223195,41.39603000677937],[1.74450888098005,41.395976530392545],[1.744267289803588,41.395779434073575],[1.74373762958794,41.39490995602961],[1.743507188206138,41.39486545217886],[1.74318988940189,41.39494160676969],[1.743073151105023,41.39514450821247],[1.743221026629044,41.39569661910366],[1.743104916058996,41.39590853355196],[1.742886243205533,41.396025604597924],[1.742645241984292,41.395999528755226],[1.74231514402868,41.39557198026267],[1.741369455635834,41.39555703622824],[1.740807686925223,41.39572428944439],[1.740007827199463,41.39557725928307],[1.739863626305294,41.395403111864084],[1.738670187279297,41.39477712706275],[1.738170825223392,41.39481573315953],[1.737977284823842,41.39494979689556],[1.737222044961413,41.3959083509896],[1.736445653044427,41.39608445713196],[1.7360132176359,41.39605726702922],[1.735727261104216,41.39590700200654],[1.735652155122864,41.395531956834304],[1.735888996080291,41.39517104001146],[1.735914138426722,41.39453071911737],[1.736257734307003,41.393994331073486],[1.73622879232488,41.39376143274393],[1.735888844094859,41.393361267708315],[1.734565491704075,41.392920677247446],[1.733607092293482,41.392401960881784],[1.733244722166205,41.39251593915924],[1.732641676372282,41.392936981056835],[1.732369080168894,41.39329938266036],[1.73215520699722,41.39331716315655],[1.731912163415586,41.39326417420227],[1.731615787338683,41.39297025417386],[1.730777317918864,41.39245560364316],[1.730501146910399,41.39243996892941],[1.729873105359502,41.39268192523065],[1.729417498019131,41.392664680730434],[1.729339292074656,41.392739928804644],[1.729321580826308,41.39315483642656],[1.72915300740533,41.39346793090027],[1.728741009989619,41.39355691072285],[1.72778743094517,41.39293894517618],[1.727246572371428,41.39273610578664],[1.726805618584422,41.39209701606444],[1.7261800681556,41.39187964273128],[1.725840331266284,41.3924698893739],[1.725290942622905,41.392807622573685],[1.724168407046363,41.39282682669665],[1.723469401791476,41.39308070261234],[1.723187657684264,41.39331738978569],[1.722971153096239,41.39329926394987],[1.722234328651325,41.392537257588344],[1.71963188310491,41.392428210293644],[1.718724793614342,41.392780632120434],[1.718169303070852,41.39319960827527],[1.717798235600071,41.39335892767235],[1.717421311744147,41.393437462768645],[1.716676557976768,41.393224953868526],[1.716344019261044,41.39325663428622],[1.716078343340882,41.39338456644458],[1.715680601078873,41.39416623288531],[1.715414869400718,41.39429420191584],[1.715053940886662,41.394264017970045],[1.713936410936583,41.39352660986515],[1.713781403788744,41.393532957280115],[1.713331856080288,41.393929593376015],[1.712893158692282,41.39414568787316],[1.712447281117136,41.394263029615104],[1.711526748560573,41.3942648048768],[1.710944086800168,41.39437208950028],[1.711526870868397,41.39426612867885],[1.712862015169833,41.39686012239673],[1.715280533170073,41.39690208476338],[1.717729568764582,41.400472640599844],[1.718487441841944,41.39950014971214],[1.721123958204089,41.3993925368361],[1.723115921462579,41.40100669850034],[1.722505569576356,41.40294074991567],[1.72769355791138,41.40532493629672],[1.731367111303143,41.40812492332651],[1.73770332344958,41.410909652458486],[1.745710372535655,41.41538429225125],[1.748308182076926,41.41755485547219],[1.750815807603431,41.423564625407096],[1.751885803886751,41.42348379883822],[1.757238492262616,41.42191988859196],[1.758918763989755,41.42232854682493],[1.761113287847934,41.42157914626057],[1.763738379222787,41.42182188317332],[1.768206544796215,41.42158288564161],[1.773709303041869,41.419308581126074],[1.775818283387082,41.41870873601931],[1.776745494309125,41.41878832422174],[1.780372065318545,41.41670153105082],[1.780617932771349,41.416474608716214],[1.780636551435691,41.41493478681093],[1.781141211397767,41.41464364568765],[1.780782666986454,41.413668221211424],[1.782314447154022,41.41204564189286],[1.78695828089991,41.41063653374903],[1.789526153808936,41.41075446994279],[1.793865908784653,41.41007808893261],[1.794279526778723,41.409529000662815],[1.802876847688367,41.416470872033074],[1.800797908296829,41.42200501302091],[1.800488650330919,41.42591762509829],[1.805252280967977,41.43097696631395],[1.807029810777124,41.435916283109975],[1.808656475715793,41.43623640488613],[1.81256133383846,41.43645815521967],[1.813424368239964,41.43663859429569],[1.815532907018053,41.43894445961911],[1.822850796626938,41.43356140743299],[1.835136066376378,41.42967652595087],[1.839267078812611,41.423298391907224],[1.846287932242262,41.416699670353466],[1.852862221014675,41.41008279238696],[1.853648902075179,41.40975506324554],[1.85418520558278,41.40953164017304]]]]}},{"type":"Feature","properties":{"postal_code":"08757"},"geometry":{"type":"Polygon","coordinates":[[[1.990154984564867,41.43982182561672],[1.986683789425342,41.43606475308587],[1.987141222389482,41.43563128975222],[1.985959536603332,41.43442218813345],[1.982649469397472,41.4346363472896],[1.982198912649665,41.43406223808182],[1.979243954444939,41.43343370909838],[1.974155941943138,41.432143530899225],[1.971393299261365,41.42793043104456],[1.968606184228008,41.42778106264592],[1.968558873593111,41.42746799605118],[1.965531444420606,41.42511470228169],[1.963822430360835,41.42231603365798],[1.955513117336466,41.41969568620692],[1.952247067448184,41.4204669519882],[1.945280655377928,41.4202469220578],[1.944956636839322,41.417567806608986],[1.943685248175655,41.41782964242401],[1.943157312859682,41.41812247787004],[1.941073752751493,41.41887848935079],[1.939552541416617,41.419007008766414],[1.938016279028034,41.41893808832208],[1.937393269184042,41.418766807042516],[1.935368939325087,41.41715229014608],[1.935215655278284,41.41670869774816],[1.935203050380437,41.41638514325973],[1.936637178562933,41.41510742966415],[1.9353498826909,41.414532568623144],[1.933188119336251,41.41489564022157],[1.927122143572035,41.411554969086524],[1.926035270611237,41.409837514889375],[1.923327508157968,41.407874522391296],[1.921924538786413,41.40924864061225],[1.920258590561502,41.406827301438796],[1.918048960790884,41.40638183305515],[1.915790064359953,41.406557392409695],[1.915308857817536,41.40541884530347],[1.910739674995966,41.405397809261444],[1.908639408182125,41.404505741147034],[1.904840905683216,41.40456970992415],[1.900061441582238,41.40731175633249],[1.89985438886896,41.40838409984633],[1.897355982292765,41.40776202080059],[1.895082151719919,41.40774089932302],[1.89229585237166,41.40694249290169],[1.89058460439594,41.40787920785914],[1.886588396737125,41.408336446569706],[1.885089509273428,41.408121707350915],[1.882347132813891,41.40998565931068],[1.880987641166712,41.411790736253465],[1.882473849988173,41.41469862124433],[1.886135476570985,41.41600018665929],[1.886811037399468,41.41670859162815],[1.887779655806469,41.41798406411323],[1.889397269968015,41.422470295267885],[1.887233135101098,41.42311958779874],[1.887198835857589,41.423931364440875],[1.890704733136886,41.427763148150746],[1.891556479248095,41.43033783522287],[1.894084833248428,41.43039040419376],[1.894740087385117,41.43019176283957],[1.89627858368965,41.42934302226263],[1.896950067891282,41.42872911535636],[1.897465716669501,41.42842801604007],[1.897865837638278,41.42881609418737],[1.898494902617642,41.42906835042402],[1.899072728723468,41.429115703327],[1.899425559741758,41.42935273673936],[1.900381323239458,41.43044632134064],[1.901513307992786,41.431496395841975],[1.901876029754931,41.431705966657034],[1.902531891833348,41.4316779455807],[1.904368393786342,41.43080717970753],[1.905408744817692,41.43079873507355],[1.906617984032721,41.43097207939792],[1.908036085396986,41.43153266999673],[1.909221806441224,41.432184210832645],[1.912563997430539,41.432716392747295],[1.91321976777806,41.43300341767355],[1.913642531877315,41.433057355412586],[1.91607137319528,41.43226906456567],[1.917229171189263,41.43176027311807],[1.918145059646747,41.43153194424383],[1.918824742068182,41.43150280890751],[1.92029552931524,41.4318088751794],[1.921352380208191,41.43186256380625],[1.921925820320325,41.431693904050405],[1.922951058244735,41.43117276221318],[1.924580142359673,41.43214724869654],[1.932744273329547,41.43457857124406],[1.934312253008045,41.43443009587219],[1.935486025659543,41.43460469565014],[1.936597789156622,41.43490801719122],[1.93721992036302,41.43490826270613],[1.937699986565121,41.43477053513209],[1.938582034433352,41.43425538008171],[1.941240464575742,41.435860565612586],[1.942396927975835,41.43627895271146],[1.943509342582104,41.4362760236196],[1.944300880880917,41.43645802122069],[1.944559989052266,41.437347182726285],[1.945912453397,41.437982120278605],[1.947124362699185,41.43944244481298],[1.947204288147361,41.44017728355476],[1.947746418362499,41.44022591169647],[1.948213936324066,41.440394807074654],[1.94944343816411,41.44145879588672],[1.950179186120522,41.441373549149944],[1.952599739286541,41.440790787564765],[1.95357753617435,41.43965132584799],[1.955496210082003,41.43924206866649],[1.959472796332477,41.44039541411706],[1.964975234419512,41.44288376087684],[1.968709316681611,41.44242669033946],[1.972191202062334,41.44258248709207],[1.975682220058388,41.4416011639625],[1.978983224795968,41.44111751216343],[1.979241367994746,41.44230209736389],[1.979635315117662,41.442600102112976],[1.981438670758052,41.4423951664038],[1.982062188718999,41.44288297397003],[1.985886937931809,41.44360874035107],[1.987790808099305,41.4422289357168],[1.988251266382804,41.44176013532194],[1.990154984564867,41.43982182561672]]]}},{"type":"Feature","properties":{"postal_code":"08293"},"geometry":{"type":"Polygon","coordinates":[[[1.845376035875347,41.59146340101512],[1.846396471420007,41.59166926212674],[1.847703831166882,41.59119082639552],[1.850424772285407,41.590850658730915],[1.850783596385838,41.59099751802103],[1.851799144115205,41.590945571380985],[1.851991725837479,41.590316180847026],[1.853850427555187,41.588715920003665],[1.854650479735824,41.58787175337869],[1.855035701636325,41.58725223560219],[1.855348138705608,41.58630264325234],[1.855981808213869,41.585159389094486],[1.85618023732809,41.58444874121642],[1.857011190214223,41.583378146883945],[1.859461563999957,41.58199583673843],[1.860561449251463,41.5809948957978],[1.86097874817068,41.57952765277895],[1.860137757951179,41.57647512172946],[1.860553415607626,41.574188676366305],[1.860371104143155,41.57383629141168],[1.859590283065074,41.57333815782971],[1.858442329949582,41.57290062236581],[1.856867721368246,41.572688214189725],[1.855705177651828,41.57221523644398],[1.855095630658809,41.57224106317449],[1.853362601103129,41.5710359608409],[1.852362203352982,41.57064614340476],[1.850791501426613,41.57032544786108],[1.849844843564654,41.56985227676114],[1.84830567366788,41.569791329706106],[1.847018458734851,41.569413572178576],[1.846040311111437,41.569319899693596],[1.845934327806958,41.56886517368878],[1.84565378789199,41.56848088798256],[1.844843694780707,41.56774980480964],[1.843405435112743,41.566153950644264],[1.842373045779425,41.56469397594623],[1.841594845325858,41.563907536803356],[1.839758543022356,41.560032543367186],[1.839744299559754,41.55888070787836],[1.834671896590748,41.55131569716167],[1.83234446822263,41.54839756889265],[1.833535509656031,41.5458893767933],[1.829722573038282,41.54442036570731],[1.83057903159704,41.54272765365829],[1.828256376830325,41.54018738274152],[1.82684727678037,41.538968197024644],[1.824241038792877,41.540338366322544],[1.825875632154691,41.54233140157288],[1.825610258406698,41.542630683359334],[1.825194175370882,41.54267519890129],[1.824869797103418,41.54298595963428],[1.824385960044026,41.54308735369841],[1.82360399502835,41.54288613578649],[1.82290465612499,41.54331171656247],[1.821639634661381,41.544670451879824],[1.820217090646224,41.545684615552545],[1.819800834940565,41.54685459126637],[1.819608860260701,41.54797910804939],[1.818425105134509,41.548821169361474],[1.818311805845156,41.54923110103448],[1.817201968695883,41.55074529495937],[1.817593332066622,41.55149414603801],[1.817746957855832,41.55210897474939],[1.81747707490706,41.5526695275766],[1.817657844933592,41.553166143103],[1.817646240081899,41.55381486906094],[1.817420753065278,41.55432854832384],[1.815436069818759,41.554880086346884],[1.814239428306962,41.5555515651526],[1.813382422061125,41.55563256169336],[1.812572426076599,41.5553784375648],[1.811728073291931,41.55562994826346],[1.811221657853196,41.55591230390968],[1.810095212923727,41.556238622014746],[1.808906157193405,41.5562074739957],[1.808197330442454,41.55666934691283],[1.807858134045659,41.556782639007565],[1.80709266169697,41.556805667947174],[1.806414168179288,41.556708069921456],[1.806100096142529,41.55651414101476],[1.805736264616883,41.55645737940449],[1.80525369560155,41.556576630407164],[1.804875359810012,41.556970628791476],[1.802559439166771,41.55839112415106],[1.802281244683684,41.558357741316684],[1.801505666653156,41.55759793379758],[1.801348947196118,41.557586446757114],[1.800664579306897,41.55805628407023],[1.800221127203258,41.558218925562926],[1.799256543154911,41.55830429640611],[1.798617834745244,41.558258994856715],[1.796923807887424,41.55950027781557],[1.79629596328806,41.560895068752416],[1.795754253056316,41.56134989638059],[1.794435693152707,41.56183721201768],[1.795059890101811,41.562333317628486],[1.79629688599249,41.56284882431379],[1.796918493793441,41.563795180003524],[1.797400599657919,41.5641531677345],[1.797500267023679,41.5645271687938],[1.797454507719351,41.56488020126028],[1.79897643671319,41.565356743918585],[1.803263228814956,41.56867961387309],[1.806098921627893,41.57182910263094],[1.808720005623741,41.57950724626238],[1.811959467955091,41.60047544698426],[1.812335092290652,41.60245843860605],[1.81279789061017,41.60335737484297],[1.813460806071305,41.603077450064234],[1.813282422845532,41.60245471091616],[1.81343575905305,41.60209715935639],[1.814129106672908,41.60174389396553],[1.814815345152056,41.60161604544413],[1.815401500778648,41.60207763417543],[1.815694427056144,41.60198427375519],[1.816269535410697,41.601491949793626],[1.817244121718829,41.60153204876502],[1.81712695804265,41.60108676384306],[1.817273531348405,41.60063943386274],[1.817614181049578,41.600382043396564],[1.818418496016761,41.60006915396826],[1.819308266363407,41.599293460824526],[1.820544435777094,41.59914247904214],[1.821991273178696,41.59795618512982],[1.822303679671052,41.597159758116334],[1.822634839726049,41.596614636756044],[1.823867266161415,41.59593255314479],[1.824861573702663,41.59366686593307],[1.825224630012656,41.593228414959356],[1.827000291030572,41.59243341696862],[1.828893337857266,41.592407718841116],[1.829549988641077,41.59204696389622],[1.829942308890452,41.59167928417162],[1.831704419823097,41.59070469426621],[1.832587205135383,41.5916038247567],[1.833197898764013,41.591911257098786],[1.835571268099557,41.59205427718314],[1.836919974177476,41.59244750484845],[1.838378429021247,41.59222393518644],[1.840229604312754,41.59211879544603],[1.840685619945418,41.591802455319055],[1.841473194932007,41.5915890956602],[1.842318004572235,41.59149942965496],[1.843473129781103,41.59154968107288],[1.84459526965594,41.59116014332591],[1.845363975067357,41.59145871284932],[1.845376035875347,41.59146340101512]]]}},{"type":"Feature","properties":{"postal_code":"08754"},"geometry":{"type":"Polygon","coordinates":[[[2.025596523560694,41.448415487184946],[2.027068705656234,41.44681691706705],[2.030872559121292,41.44587644384279],[2.031003403284444,41.443088154294855],[2.032751566631475,41.441714440768806],[2.032626378304712,41.44148642216061],[2.032472402679218,41.43919732020015],[2.029750534359664,41.436795722044906],[2.027147239853207,41.43268671871709],[2.025354231812344,41.43131629131375],[2.024130060254095,41.43141489388222],[2.022250507754734,41.43078540891946],[2.022177339812345,41.43014148444195],[2.020517766881426,41.43033789907474],[2.019066796195659,41.429835884018814],[2.01978750299088,41.42924443588197],[2.018576916591428,41.42844211111452],[2.018236713853241,41.427134618267985],[2.017055217824009,41.42794312767319],[2.008218990214232,41.42458438825889],[2.009073652826828,41.42186295611049],[2.008135955809678,41.42179696835541],[2.00782233882984,41.422080783601245],[2.005854714823215,41.421381672226346],[2.005332795971754,41.421739254363104],[2.004655906844619,41.423361232035234],[2.005179171981183,41.4248774206564],[2.002093283278384,41.42658761282803],[1.999602282619264,41.430432575203156],[1.997219372376151,41.43196844998397],[1.994872043809778,41.435815491591654],[1.995785756807209,41.43883684314579],[1.995953376047453,41.45190404823319],[2.000941276019034,41.456070180094684],[2.000729526146699,41.4572048520223],[1.999115495783485,41.45908425343555],[1.999655911890784,41.46004263755765],[2.01032320864914,41.45652458594088],[2.011802054721045,41.45801022369284],[2.014237794738449,41.45808386198064],[2.015538940169961,41.45881756218074],[2.018467817136013,41.4581577322935],[2.019780640264344,41.45857013080689],[2.021140907127176,41.45774536615568],[2.022766003648144,41.4577107737332],[2.023595994259722,41.45715112922119],[2.022680130983247,41.45598423278608],[2.023340605684382,41.455856838422335],[2.023066688376957,41.45463648718413],[2.024309446223981,41.4530684049829],[2.023337064154191,41.45086864257377],[2.025596523560694,41.448415487184946]]]}},{"type":"Feature","properties":{"postal_code":"08214"},"geometry":{"type":"Polygon","coordinates":[[[2.119637050709287,41.5077031473823],[2.122332922326507,41.505693673424275],[2.122668696802918,41.50553087724819],[2.122979968350876,41.50613073764339],[2.123558530102059,41.506644653428],[2.124947813590722,41.50704195861948],[2.125931397615886,41.506018315193046],[2.122182623129561,41.50394933669253],[2.120276424617316,41.502664210884575],[2.118968616108759,41.503216823597484],[2.115358520679194,41.504079545934246],[2.113242931216291,41.50427769715799],[2.110396647087555,41.504819623227036],[2.109616238798367,41.505220960978534],[2.109220761029292,41.505619127720536],[2.109140788816319,41.50631472994081],[2.108251993334818,41.506736949050946],[2.10723479984614,41.50755637982303],[2.108759606670503,41.508075146550766],[2.110074797713708,41.51123792189253],[2.112230469960195,41.513510764110436],[2.112902991979468,41.51399282770683],[2.112054094021232,41.51613792662397],[2.112515028945438,41.51756263530734],[2.115661740596863,41.51510699599106],[2.115375463007183,41.5146569716419],[2.114916806065764,41.514284898729045],[2.113322516720757,41.51393208389851],[2.113235093624667,41.51330639317547],[2.113307560995111,41.51237985134901],[2.118467480589743,41.50857487193275],[2.119637050709287,41.5077031473823]]]}},{"type":"Feature","properties":{"postal_code":"08783"},"geometry":{"type":"Polygon","coordinates":[[[1.840201293654786,41.50967136224352],[1.836212000883108,41.502293995971115],[1.833520000847329,41.50123999592904],[1.831629681664481,41.497898619725504],[1.832098980283718,41.49530183720998],[1.831854040031885,41.494756746426674],[1.831270051771469,41.49415108270625],[1.83034260882431,41.493757972852165],[1.82993681133479,41.492811664826434],[1.829025685686815,41.49183265025658],[1.828097586234605,41.49014303007675],[1.82784588577897,41.48949637166021],[1.826385141261255,41.48740595062412],[1.825733091409006,41.48572271383216],[1.825254806763894,41.48540972098181],[1.824789231337945,41.48526722340364],[1.824487899996598,41.484757692713345],[1.824500439243877,41.48460411908479],[1.824955827149665,41.48428783921241],[1.825037339901314,41.484095335731126],[1.82418946267353,41.48332065702266],[1.824482966315827,41.48275912213575],[1.824481547185655,41.48257910124448],[1.823935974365725,41.48152162802069],[1.822165521321722,41.48154202644332],[1.821555556144006,41.48187379084277],[1.821177100742602,41.48225880859712],[1.820451021397503,41.482316349919586],[1.819360099688822,41.481975025726854],[1.819120660589988,41.48181400571178],[1.816940148169294,41.481311363828354],[1.816650317358267,41.48111645915725],[1.815959326861446,41.48100139899532],[1.814929446636654,41.4806754693974],[1.814494441865008,41.480621700730865],[1.812572254306076,41.481017498658616],[1.811878639587519,41.48102857830622],[1.811363362229372,41.48086109576292],[1.810907853814399,41.480853182628266],[1.810288577955475,41.481059266771695],[1.810003323794319,41.48076507874538],[1.809512004375506,41.480758662082565],[1.809269251274941,41.48055274881028],[1.807262549027428,41.476576257887984],[1.808480376767989,41.4755618397071],[1.807622989209563,41.475138575584765],[1.806821836258734,41.47418176977283],[1.806483673182981,41.473979864778926],[1.806695055232581,41.473439794011256],[1.804849171552007,41.47324701174017],[1.803001276987345,41.4728651955723],[1.802686428835614,41.47346362334753],[1.802335714821368,41.47373940315089],[1.800786304344456,41.47431745318789],[1.798937138138399,41.47521416989798],[1.796950703012499,41.4758734547961],[1.796574743229826,41.47613227608366],[1.795324225132845,41.47605848311247],[1.794311066002876,41.47644300264244],[1.793530630733983,41.47657465259812],[1.792913351370032,41.47632132616826],[1.793384108689679,41.475725411098836],[1.792607893039815,41.47380295014602],[1.792277448845198,41.473873029816446],[1.791688431575835,41.47724583732548],[1.790459389289367,41.481185602633445],[1.790227981136411,41.485843386662964],[1.789079501018136,41.4871518345895],[1.787784009624318,41.49133632790921],[1.786956103641273,41.494721882408896],[1.785688671095272,41.49604370235494],[1.784944756395362,41.499757786392706],[1.784170920351698,41.502102892734285],[1.783461269821714,41.5036828288994],[1.780146064789051,41.50518001124851],[1.780975067945008,41.507323205401576],[1.780755340186772,41.507757228113576],[1.782188169748224,41.50850781398441],[1.782707782737987,41.51018559458947],[1.786279986132456,41.51249577396078],[1.784885105263413,41.51404800561096],[1.78302183678835,41.51671142878939],[1.781929523828467,41.51733098793471],[1.782187559108536,41.51888742301611],[1.783014992048209,41.51954789681798],[1.781427722811145,41.519954495603486],[1.782116879590319,41.52149299640462],[1.778382052689551,41.52364631602467],[1.778375707073224,41.524214941166576],[1.778691458144294,41.524760023856004],[1.779554688598012,41.52525526341964],[1.77955266332475,41.52555244618844],[1.779356850338388,41.52582172928936],[1.778983035438728,41.527412922268525],[1.780005478270198,41.52844178536009],[1.782012932350938,41.52788090068299],[1.782525318388707,41.52719328714045],[1.783121228062214,41.52698837661228],[1.783433783842042,41.52667819144534],[1.78375231471756,41.526772983586284],[1.784036999607849,41.5265719941022],[1.786524777996078,41.52586496869333],[1.787100105785271,41.525867973328275],[1.788129978815448,41.52537481119856],[1.789189017758929,41.5251145087276],[1.789354244802553,41.52491852936663],[1.789771624660716,41.52489210278827],[1.790162462827368,41.5245066236817],[1.790420603328187,41.52443281901935],[1.790513462826027,41.52423088344847],[1.791222809385147,41.52394012004049],[1.791474301198036,41.523938632561794],[1.791818023882684,41.523726193808784],[1.79219288829114,41.52377356020162],[1.792388623036516,41.5235042815973],[1.793076720414319,41.52357455462197],[1.794019599325054,41.523202041041316],[1.794357364001144,41.52323290217669],[1.794650607739356,41.522824525431474],[1.794977718147152,41.52287387842671],[1.79522255857421,41.52278258374923],[1.795387131810685,41.52290176010814],[1.795714890629711,41.52247388516167],[1.796066544435462,41.52253120704955],[1.796560152628956,41.52207840199662],[1.797487776339779,41.521985583867604],[1.797952875125077,41.52163300465941],[1.800103961728439,41.521561006735055],[1.800605601767074,41.521377971316326],[1.80143489360546,41.520767010589054],[1.802262837360047,41.52030018600476],[1.802534828319665,41.52025276655189],[1.802132006686747,41.51966640408125],[1.802002348729388,41.51824024119418],[1.802510435108502,41.51749865214106],[1.803121510948984,41.517500100049574],[1.804032597026719,41.518155215690626],[1.804986775918962,41.51842138533863],[1.805414016843372,41.51836746019012],[1.805681318737868,41.5179330723534],[1.805754743886325,41.51730875309647],[1.805282171734802,41.51626615915592],[1.805365698068499,41.51610057598077],[1.806587177955862,41.51625645816898],[1.807316904951165,41.516081829612745],[1.807450288799771,41.51594118913454],[1.807517162387114,41.51555119363263],[1.809007457728001,41.514003150125234],[1.809370330576257,41.51388889665526],[1.809828760888593,41.51393270622941],[1.810221669294606,41.514384406914814],[1.810483131891033,41.51451752816138],[1.811055680775041,41.51448448077417],[1.811304319039095,41.51412291014418],[1.811317362806051,41.51333003725142],[1.811543464958902,41.51298744591389],[1.813583386364201,41.51271276418271],[1.814119983050773,41.51235712008503],[1.814626150276581,41.512236835761314],[1.815513260428588,41.5125687413543],[1.816107638556673,41.512507761024324],[1.816384163898022,41.512199034557796],[1.817640314448965,41.51137199911847],[1.818204826991177,41.51123121564808],[1.819176200920936,41.511568590018385],[1.819539041393625,41.511454288884295],[1.819795545128272,41.51087627841747],[1.820122472973765,41.510601441103574],[1.820473106948327,41.51000145840055],[1.820841174280758,41.509796929184915],[1.821049596661567,41.5100222777059],[1.821366079780773,41.51137748138564],[1.821849038202515,41.51142922477885],[1.823425449924571,41.51039960625678],[1.824207031829019,41.51060078999444],[1.824801219300809,41.51021567871061],[1.825430010886294,41.50997313964865],[1.826467511066767,41.509911501914246],[1.827405542631652,41.511087485998644],[1.828488062873816,41.51082583634326],[1.828903016361096,41.51028616487457],[1.829593003214541,41.51038316934779],[1.830138479806976,41.510630303046014],[1.830291896054121,41.510920975622525],[1.830486228756456,41.51192120699807],[1.8308944094494,41.512255160347365],[1.831599614630477,41.512234458853186],[1.8320598759625,41.51198094806227],[1.832594552596504,41.51192243277404],[1.833042366412087,41.51198462718878],[1.833451273757248,41.51232752069848],[1.833553740712546,41.51273736873458],[1.833388215993352,41.513248513707936],[1.834625713705691,41.51361954970241],[1.835175445890115,41.51328123194327],[1.835215946858455,41.512379186750024],[1.835078357779992,41.51197982031243],[1.83543301712001,41.51159573155775],[1.83544005161707,41.51120826315082],[1.836012339697731,41.51085101466259],[1.836559579860705,41.510800910733394],[1.837242358647927,41.51096121578746],[1.838550581743959,41.51099608610048],[1.839087414052926,41.51032516937107],[1.8400011153592,41.509759183739334],[1.840201293654786,41.50967136224352]]]}},{"type":"Feature","properties":{"postal_code":"08013"},"geometry":{"type":"Polygon","coordinates":[[[2.181622707621841,41.407742778006764],[2.182732344222302,41.40699416255052],[2.183161685063681,41.40640064057709],[2.186372979729242,41.40435621087039],[2.187522752173265,41.404525742968644],[2.187548211081094,41.40432772304598],[2.187112420301958,41.40323966208069],[2.184173398083828,41.40231016867932],[2.184212295560997,41.40219347624793],[2.184737413300979,41.40215457787144],[2.185534813380912,41.402456034218574],[2.186922255057993,41.402764866805114],[2.186773340817012,41.40239306638688],[2.186650351332617,41.40145875891454],[2.186768447605743,41.40018609860954],[2.186668012219002,41.39918669820753],[2.186686815244343,41.3967350033177],[2.185373040633294,41.3963542015851],[2.183722484305179,41.395414470301546],[2.181509763564748,41.39378168817433],[2.181196607937068,41.393675033076306],[2.181228484407029,41.393410919278494],[2.181009906881684,41.39260946865204],[2.181191854120755,41.392583099630315],[2.181102129659564,41.39218854006907],[2.180801923370041,41.39206284002802],[2.180005242747768,41.39265254258078],[2.180056432158608,41.39270710714726],[2.179847336185617,41.39284752369423],[2.179944212955036,41.392915244442975],[2.179843821635075,41.39301023803205],[2.179750620394827,41.39296543021044],[2.179036734957322,41.39347194007797],[2.177704069187428,41.394597050413495],[2.177404792796949,41.394557447867896],[2.17694389114763,41.39512364304164],[2.176799219008728,41.395443219828735],[2.176251921289122,41.39565992586489],[2.176279712138978,41.39582082267282],[2.176167611645951,41.39575282763087],[2.175909943289241,41.39603550523435],[2.174965999581218,41.39664614400431],[2.175092294074091,41.39677181256906],[2.174687840171657,41.39709648491481],[2.174435232300141,41.39728301060245],[2.174174120439318,41.39729551477615],[2.173929619056651,41.3974900777049],[2.173936703915729,41.397594445826996],[2.172742879979921,41.39837501779283],[2.172762769386281,41.39847917907082],[2.172016627964979,41.39918705973497],[2.170533472341845,41.39998511721939],[2.170458200885264,41.40023727812786],[2.169981113237782,41.40057251660835],[2.17105936889476,41.40164551662724],[2.175585237668599,41.404961906067115],[2.175720264578558,41.40516563128881],[2.175906085197653,41.40512937422125],[2.176712992010948,41.405777889737806],[2.176860120198398,41.406029606381196],[2.17775556796505,41.40680134340727],[2.177947899675814,41.40672478412148],[2.178120713400176,41.406790861808815],[2.178182878137306,41.40707989132392],[2.17902803311722,41.40755846734936],[2.179139719022828,41.407524740974],[2.180252569800246,41.40841225132431],[2.180624384607654,41.408452844023486],[2.181622707621841,41.407742778006764]]]}},{"type":"Feature","properties":{"postal_code":"08150"},"geometry":{"type":"Polygon","coordinates":[[[2.258406605380515,41.58151846670387],[2.256435578339278,41.57371964214775],[2.254630394377216,41.57202323568373],[2.254478050121918,41.57073905866059],[2.251471347624602,41.56899480286785],[2.248079405240333,41.56811657621898],[2.246216633191068,41.56377189565643],[2.247810100555682,41.55637862217566],[2.243240305295842,41.55486683573588],[2.242251573551243,41.552122106649904],[2.233897896071028,41.54575257911819],[2.231870581362216,41.54469441071848],[2.232403382909808,41.54621292588581],[2.231797132831389,41.54664010115971],[2.231953511445397,41.546801490796156],[2.232983609306132,41.54931968965195],[2.233467331252314,41.55116634674948],[2.233421532377804,41.55148094129237],[2.233577403774177,41.55221775584471],[2.233384783381041,41.5531838993175],[2.233624953628691,41.55476679155419],[2.227919394664298,41.555377782858386],[2.227300556775276,41.55570011786614],[2.227171273835211,41.55548691558869],[2.226005221863488,41.55627121614367],[2.225419350422669,41.55595296675597],[2.224706587339142,41.55599130935144],[2.224502289249244,41.55589135959855],[2.218984809101642,41.55629903936915],[2.212163208565187,41.55666555357243],[2.208308512827614,41.565356833850785],[2.204296603005787,41.56859925764962],[2.208966106100888,41.568420017369874],[2.211710729066908,41.570164952150776],[2.212393515948008,41.57013468636666],[2.2147169899971,41.57188128399406],[2.215691408131988,41.57144047319923],[2.222911037814129,41.575532623231936],[2.222942046438277,41.576236065741796],[2.227529650073279,41.57729680710196],[2.228024460660322,41.57456356325781],[2.233472985290007,41.57393488768491],[2.235508697868113,41.5744438158294],[2.23745459875073,41.57728782557268],[2.23809265065529,41.578526397075564],[2.243412710728023,41.57960143495825],[2.245114381823271,41.57983464355391],[2.245556036182109,41.58024028995737],[2.247434023861103,41.58051855188961],[2.247556032185116,41.58096298875091],[2.249241652180501,41.580613990643144],[2.249557821436326,41.580777086293494],[2.253314995590586,41.58120393961008],[2.253121487566602,41.58093138027897],[2.258414703775543,41.581550365656824],[2.258406605380515,41.58151846670387]]]}},{"type":"Feature","properties":{"postal_code":"08850"},"geometry":{"type":"Polygon","coordinates":[[[1.977942565297155,41.29659185483024],[1.971023968381417,41.293285362429515],[1.966074968584905,41.29303255310981],[1.963364936242783,41.292249438760564],[1.960686293837398,41.28998781558522],[1.959425946150475,41.28784489482604],[1.957291602225666,41.28709867606301],[1.953634831981901,41.283736798014786],[1.952350982311998,41.283333620250346],[1.949823515043192,41.28352419288717],[1.947605805763317,41.28087379998584],[1.944523312900571,41.279889656582384],[1.942654480320016,41.280268343109526],[1.937283702980494,41.28231703110606],[1.93560716433916,41.28351454855755],[1.931548811728248,41.28509290821114],[1.930733524132847,41.28599169426127],[1.928874753167293,41.28682835244649],[1.926493358281846,41.28911948597545],[1.925760090655672,41.29063651366414],[1.924499073873164,41.29100577619562],[1.914860411778591,41.288869802699196],[1.929319195424512,41.29413854385871],[1.931174938372692,41.3019536245601],[1.945463114331233,41.31751953659733],[1.95505192970279,41.323326618228805],[1.955668078618942,41.322318668871446],[1.955916697097905,41.32228991844494],[1.956303446946492,41.32250729807333],[1.957064964976155,41.32262745199529],[1.958286963772366,41.32079201843686],[1.961678800935886,41.3220499442495],[1.962349907422265,41.32223703021475],[1.964035533712888,41.32241623182364],[1.964389712814977,41.321734650933365],[1.964753159430757,41.32133177174387],[1.965130287432828,41.32110841072455],[1.96637124933369,41.320937654649015],[1.967777798006978,41.32058869701075],[1.968803251768634,41.320724339956314],[1.969984943850079,41.3204030877323],[1.970883996099531,41.31997701412786],[1.971380268984205,41.32006358916328],[1.97304288881827,41.31978445938529],[1.975103490133961,41.31971313055652],[1.977033907388886,41.319188297002256],[1.978353857644379,41.31864485917288],[1.978758564256339,41.31862730440656],[1.979011516568221,41.31849930300041],[1.979243240383198,41.31809313588951],[1.980202724376227,41.318303542174704],[1.980747506692069,41.31824388924406],[1.981806401744052,41.31678443435413],[1.982807629568413,41.31629078838915],[1.983197974007282,41.315616632301726],[1.983537396133897,41.315559560425356],[1.984083252240282,41.31517357500047],[1.986500182937107,41.31416933534655],[1.986848169307564,41.31384649402048],[1.987917518978293,41.31361994940113],[1.987784507449021,41.3140668908743],[1.988101683046239,41.31415214030898],[1.993101510726149,41.31316942143161],[1.993488978233756,41.31261237326237],[2.002027282932772,41.31167392711001],[2.00200539433348,41.3114400107479],[2.002379654397544,41.31132210333237],[2.003282651073505,41.31052482825817],[2.003515222949147,41.310093130293694],[2.003875548917449,41.309698564437156],[2.003799327776733,41.3096686071205],[2.006132663791391,41.30714677320498],[2.006697952448519,41.30666781226972],[2.007678867285904,41.30637120776498],[2.011065571119218,41.30656860355816],[2.01155007907289,41.30634120008631],[2.012001615182385,41.30593893963032],[2.012248292924369,41.305454688882776],[2.013186100558073,41.30455518427431],[2.014764194911663,41.303528257423125],[2.016896438020183,41.302343075972146],[2.018652283376184,41.3009766640418],[2.020034493696926,41.29974043976944],[2.020400547447309,41.29999583913667],[2.02417055222918,41.29546433611023],[2.023816231933552,41.293659541554575],[2.022658812554141,41.2928830354237],[2.04616685341756,41.27068612426518],[2.026494368919998,41.26687619138312],[2.0095154996406,41.265024356888546],[2.001916952305521,41.2646912866735],[2.001812595874583,41.26622878113329],[2.001139375981381,41.26627013465895],[2.001115243573622,41.267194664702004],[2.000525835998531,41.267198363613545],[2.00053595966682,41.268719990435216],[1.987606008210719,41.29126055772855],[1.985032712389739,41.29101222163672],[1.983904365394153,41.29218663370614],[1.97794916002573,41.296594980873635],[1.977942565297155,41.29659185483024]]]}},{"type":"Feature","properties":{"postal_code":"08812"},"geometry":{"type":"Polygon","coordinates":[[[1.760204742354972,41.23116474965343],[1.756749833038327,41.22644588187194],[1.756678462840796,41.22622661366728],[1.753206254165264,41.23037719265329],[1.745082617868491,41.22429261980852],[1.744473998076558,41.22524261415532],[1.741237511601867,41.22765241412759],[1.74113619308082,41.22954737561088],[1.742412100837782,41.230530166433994],[1.741191168637499,41.23376836791584],[1.739643125130101,41.2359396667822],[1.739429337393972,41.237929283709434],[1.737850173746494,41.240683288403034],[1.754523159316363,41.251869198105],[1.757966638249741,41.24663161755507],[1.7570301301364,41.23754500969443],[1.761940680318105,41.23291545538393],[1.760204742354972,41.23116474965343]]]}},{"type":"Feature","properties":{"postal_code":"08810"},"geometry":{"type":"Polygon","coordinates":[[[1.756678462840796,41.22622661366728],[1.75619689836816,41.224746823307214],[1.75658181270046,41.21937370323377],[1.754989240161308,41.21961125915226],[1.752402432925919,41.21962818978909],[1.751709855125682,41.218621431134125],[1.745085007367209,41.22428889121932],[1.753206254165264,41.23037719265329],[1.756678462840796,41.22622661366728]]]}},{"type":"Feature","properties":{"postal_code":"08810"},"geometry":{"type":"Polygon","coordinates":[[[1.798600016477565,41.29098351257903],[1.800206685889805,41.29050726489834],[1.800582161837269,41.29058155519459],[1.804323495333051,41.292108818067504],[1.806570752738025,41.292636018637324],[1.809371505090894,41.29192453528907],[1.810316968653183,41.29195698732508],[1.815360337009906,41.29284408398729],[1.81499994808911,41.29135561606881],[1.815015818425252,41.29059863691754],[1.815725150595199,41.28904729559622],[1.813404534591598,41.28719987227629],[1.81530645592818,41.28336569816844],[1.815729470039003,41.28181734439488],[1.816451265013882,41.2809227356957],[1.817589444297425,41.27855208231273],[1.82132167125809,41.27963788957692],[1.823546709113316,41.27970649975515],[1.824205039830701,41.2752041059847],[1.824430380257809,41.27486151194921],[1.825798621409263,41.27496607792216],[1.825734908938898,41.273618212710346],[1.830064112169055,41.27051000463297],[1.831098556453185,41.270288467438775],[1.83183097871671,41.27000618014108],[1.833024978919639,41.26924324028329],[1.833749004213189,41.269022468412174],[1.834803799255894,41.26828364027773],[1.834391183106618,41.26721312688426],[1.836233139447813,41.264860153273446],[1.835966073175712,41.26333903007213],[1.834120810926663,41.26065938941929],[1.825376510217779,41.260019302348894],[1.81650151463316,41.25600897623326],[1.814241279111741,41.256264106703156],[1.812569282046695,41.255912142631246],[1.809632726669008,41.25491812287305],[1.808883879187647,41.25398721573737],[1.804874977598104,41.252362692983866],[1.800408202376616,41.250019998624],[1.799353126745416,41.24961388367376],[1.798005795730887,41.24621223940329],[1.793982435740816,41.24408264120092],[1.792416446261996,41.244207998600245],[1.791337252612095,41.24374865907333],[1.791261204141222,41.24361589485761],[1.79145582372729,41.24253516606501],[1.791325098274683,41.242319493349896],[1.789065795350155,41.24141666214922],[1.78837346126619,41.2406236966263],[1.78813748455724,41.240162941566496],[1.786623655757069,41.23811840933712],[1.786563830156638,41.238158832963734],[1.786037317568116,41.23762570676092],[1.786023562437435,41.23679831608939],[1.78568179397962,41.23559751881044],[1.78568179397962,41.23482082472128],[1.785544730105187,41.23410504711023],[1.784600513902603,41.23253642981234],[1.7810973874345,41.23405896404995],[1.77782136676268,41.23656433407672],[1.772878173888614,41.23944274468687],[1.770434780640585,41.23963426700777],[1.765689378362083,41.23442059043788],[1.765420678021883,41.233831378915],[1.762509357620729,41.233488981831044],[1.761940680318105,41.23291545538393],[1.7570301301364,41.23754500969443],[1.757966638249741,41.24663161755507],[1.754523159316363,41.251869198105],[1.737850173746494,41.240683288403034],[1.736092965018315,41.243747570893674],[1.734264063235912,41.24817805217532],[1.733053850055114,41.250048731963375],[1.722707401725188,41.262899518797724],[1.724003823017995,41.26565703174657],[1.724014500668659,41.26629478597556],[1.726234406092942,41.26679766977662],[1.731362215393915,41.26773911696665],[1.73274673877097,41.267907168780766],[1.734368734429552,41.26789437772334],[1.735269145554639,41.26829845121256],[1.736805282038119,41.26825313077734],[1.738317370650122,41.26787563405327],[1.739005927581502,41.26799128506974],[1.740046669817957,41.26884875266779],[1.740095826760978,41.26919782991587],[1.739774644684076,41.272011215944815],[1.73990584497875,41.27233895138147],[1.740677042411562,41.27309943339213],[1.741074701935929,41.27331711429338],[1.740651946829871,41.27423492010547],[1.740460196980507,41.27488212530983],[1.740441035125684,41.275441112417354],[1.741409817209274,41.27629249879976],[1.743220363828698,41.2782165677404],[1.748168806944875,41.281766683785406],[1.748665810978366,41.281872193147194],[1.75254891000418,41.28208978141828],[1.756348415247146,41.28263478856462],[1.761110192381466,41.28278868594907],[1.762547761370058,41.284007611761865],[1.763703743632846,41.2852922087684],[1.764247528600549,41.28571079911404],[1.76619449967643,41.28671049719168],[1.767259084738953,41.28739559622977],[1.768030139179587,41.28814689975957],[1.768367596287533,41.288682130376],[1.768805781061928,41.28896105510859],[1.769673062062168,41.289231179075614],[1.77216410139215,41.28950587159869],[1.777261732143188,41.28934795964062],[1.778532413040409,41.29072670307488],[1.778879917374297,41.29123444501363],[1.779643272718829,41.29187793511858],[1.781918313779158,41.29343990912446],[1.783281148206413,41.29460764642573],[1.785835524090146,41.29427617790327],[1.789145041810229,41.29366103802647],[1.794797307849478,41.29211070844241],[1.798600016477565,41.29098351257903]]]}},{"type":"Feature","properties":{"postal_code":"08792"},"geometry":{"type":"Polygon","coordinates":[[[1.749714129103779,41.39269939366204],[1.750169927999764,41.392609099030665],[1.75124936266792,41.392654468029264],[1.751471887317734,41.39259124928668],[1.751628802826986,41.39179242378128],[1.751196280184161,41.39110803610697],[1.75119116394103,41.39087413593262],[1.751498000032655,41.390654341624554],[1.751881525811768,41.39050343358656],[1.752241662023096,41.390524503802794],[1.752663971065374,41.39074114418844],[1.75351621989762,41.39078689809685],[1.753870048264105,41.39055615274424],[1.754622240324125,41.389723653923454],[1.755052120758762,41.38955280431844],[1.756283955440153,41.38939371424851],[1.7563860851497,41.389155373221854],[1.756144849205441,41.38847211599534],[1.756223832164096,41.388243752047515],[1.753637104069071,41.385073531218495],[1.753356541671053,41.38483308128167],[1.752577518337773,41.3844781818226],[1.750740392255295,41.384041013282115],[1.748850184588321,41.38303875483467],[1.748343336575715,41.382645564041525],[1.747441590856738,41.38257485934224],[1.747000060604307,41.38242201506392],[1.745947262056461,41.38241151637834],[1.744815965284545,41.38214316677369],[1.743634192264153,41.38200290401079],[1.742310424386574,41.382210660893236],[1.741802999009167,41.382465731108596],[1.741374937003741,41.382825573241576],[1.740967428104341,41.383796780796786],[1.739763261964981,41.38417064965574],[1.739160786341188,41.38476272372071],[1.738043966855571,41.38452975794195],[1.737785690557189,41.38459442998891],[1.737821925141702,41.38476399626137],[1.73953700962528,41.3859897443312],[1.740867838080248,41.387519433574994],[1.741533569318733,41.387960104974866],[1.742396101898578,41.388968931171235],[1.742698553795208,41.38918149313139],[1.742946462709085,41.38963047156898],[1.7460891849679,41.3912472889312],[1.746498748818169,41.3916174966501],[1.748063677996356,41.3922550872025],[1.749019168100119,41.392404643559416],[1.749265438449243,41.39250247271093],[1.749291079919374,41.39269049037381],[1.749710291696601,41.39270014279731],[1.749714129103779,41.39269939366204]]]}},{"type":"Feature","properties":{"postal_code":"08294"},"geometry":{"type":"Polygon","coordinates":[[[1.79710976070686,41.56751708904238],[1.790408262831079,41.56310390711957],[1.784008632292512,41.56169911032566],[1.779013799447284,41.566850033102526],[1.778074721970825,41.574832185357025],[1.778805211591248,41.57484234140094],[1.785230137360941,41.57578994355106],[1.786298689333023,41.575322191765736],[1.787054394144945,41.57532666679219],[1.78755046198421,41.575224903106744],[1.787934927554829,41.5750738241976],[1.788443547231907,41.57465642275571],[1.789639534037235,41.57396723629887],[1.791000192105173,41.5738833736188],[1.791334856818196,41.57370733492553],[1.791628341574665,41.57346098813406],[1.793207857756443,41.57099107927485],[1.794406979598421,41.570346721324086],[1.794539133174453,41.57018811508942],[1.794571614888127,41.5698176411712],[1.794946674449477,41.56921670428744],[1.795596064107087,41.568919475653274],[1.79656416360524,41.568878995369346],[1.796785233151979,41.568788709731166],[1.797265240898128,41.5683094250399],[1.797195430124987,41.56769111325423],[1.79710976070686,41.56751708904238]]]}},{"type":"Feature","properties":{"postal_code":"08797"},"geometry":{"type":"Polygon","coordinates":[[[1.722505569576356,41.40294074991567],[1.723115921462579,41.40100669850034],[1.721123958204089,41.3993925368361],[1.718487441841944,41.39950014971214],[1.717729568764582,41.400472640599844],[1.718008041138205,41.40088081319897],[1.722504244874983,41.40294014287326],[1.722505569576356,41.40294074991567]]]}},{"type":"Feature","properties":{"postal_code":"08023"},"geometry":{"type":"Polygon","coordinates":[[[2.149140496636619,41.42043001593248],[2.149231945997485,41.420227899597876],[2.149357165800552,41.42039198090515],[2.151365244010776,41.42006439475597],[2.151846755423435,41.42006294774683],[2.151854644276398,41.419487120833935],[2.151754562323163,41.419333335864735],[2.151511702203265,41.41790845001492],[2.152720269624751,41.41709742970261],[2.152747215111901,41.41677148211818],[2.150544678294239,41.41653318515836],[2.150142918760707,41.41629127472254],[2.150215541713862,41.41614754417378],[2.151040080635198,41.41583657839533],[2.150998895282783,41.41566982520226],[2.150942381885386,41.41554590761751],[2.149655503298845,41.415203252428114],[2.149466482891853,41.41493775996963],[2.149671998663791,41.414233073697346],[2.149658743556131,41.41359442824023],[2.149358477911392,41.41310209438615],[2.148563148070821,41.4126722427298],[2.148613260993216,41.41240417910956],[2.150319590576657,41.410456593796766],[2.149067472585784,41.40973574221073],[2.149063770076907,41.409646435934235],[2.150139665912832,41.40968508070188],[2.150286839066382,41.40957112940407],[2.150228181685236,41.40848742025821],[2.150725826935343,41.40799733830647],[2.151073460771613,41.40803089471001],[2.151432552870006,41.40755609403851],[2.151203449679429,41.407168131004426],[2.15011630692203,41.40632091657699],[2.150642932825065,41.40587414867298],[2.150147042152241,41.40581464592913],[2.149931490845631,41.40619408608819],[2.149791550039993,41.40584866188624],[2.149389142994551,41.40622333383976],[2.148884036968695,41.40624598686276],[2.147889055835265,41.40585271782862],[2.14477380067035,41.405548271235716],[2.143133450748167,41.405190172888126],[2.142134223015944,41.40495344524527],[2.140967218662183,41.40451490613799],[2.140374410750439,41.40491485713494],[2.139739376071361,41.40506684076206],[2.139549255793497,41.40610262323747],[2.139705897908868,41.4076099778182],[2.139571791005324,41.41071890355454],[2.140302714098993,41.41112742598989],[2.140877632696572,41.411578235447166],[2.140846410933079,41.411717296715835],[2.140657829395309,41.411704535336014],[2.137794762118574,41.41392614497556],[2.136760056131664,41.414480798250224],[2.136049503581717,41.41516213902145],[2.135977126143473,41.41543974804591],[2.136025393657007,41.41581023635331],[2.136587140783888,41.4161720767799],[2.137268995068041,41.41612719161657],[2.137463596667658,41.41593932863708],[2.138281232392956,41.416648010597214],[2.14061313219031,41.421423834242546],[2.141177436089777,41.42097472180592],[2.141779105021669,41.420069362610946],[2.142030120193908,41.41994140167435],[2.142292993826572,41.41996339459496],[2.142789510427576,41.420205260963996],[2.144452089792082,41.420228986878215],[2.145256475805695,41.42049438580722],[2.147063926059332,41.41989024194106],[2.14831177316978,41.42027095643948],[2.14889890635942,41.42028786369394],[2.149091758777615,41.420392128393985],[2.149140496636619,41.42043001593248]]]}},{"type":"Feature","properties":{"postal_code":"08012"},"geometry":{"type":"Polygon","coordinates":[[[2.153629881713641,41.4072094449599],[2.155591001823268,41.40516837512041],[2.156165769334791,41.40465190975783],[2.156386739056757,41.40463843791355],[2.156269808305012,41.40455628034806],[2.156544698678886,41.40430777698231],[2.159340939133017,41.40604173014174],[2.159759191333592,41.40601580178782],[2.161359180581712,41.40433672076301],[2.161932147650475,41.40388073660671],[2.161449349307986,41.40362867732159],[2.164991239254277,41.40101240469869],[2.159813651578759,41.39703258268753],[2.159525311843652,41.396976061196256],[2.15821570828831,41.39800217685894],[2.157997757590408,41.398027979307756],[2.157425803158276,41.39767022180325],[2.156384331571644,41.398077636273854],[2.156295895838923,41.39901224771705],[2.155471766109088,41.39959979459485],[2.154848006230509,41.39927747937213],[2.154599799641005,41.399248580557526],[2.15459795962812,41.39863808208179],[2.153836878668983,41.398847430764306],[2.152605187879089,41.3998286046064],[2.152481100322518,41.40002434924429],[2.151841111278259,41.40016821109407],[2.151379297716403,41.40079951268734],[2.151044050242717,41.40101472315092],[2.150583216941925,41.40202976636061],[2.149807639810717,41.403007715233855],[2.149876086312304,41.40376789866957],[2.150141007701336,41.40417515396018],[2.149692344026448,41.4055403239268],[2.149931490845631,41.40619408608819],[2.150147042152241,41.40581464592913],[2.150642932825065,41.40587414867298],[2.15011630692203,41.40632091657699],[2.151203449679429,41.407168131004426],[2.151328266586233,41.40737233016887],[2.151432552870006,41.40755609403851],[2.151073460771613,41.40803089471001],[2.151162618659896,41.40808375056463],[2.151561821420898,41.40805518090184],[2.152501487053996,41.40819549672477],[2.152672449973579,41.40830399183574],[2.152941902147063,41.40812834884417],[2.153898397692899,41.408398300141414],[2.153987356831067,41.408269838282365],[2.15367660778918,41.40786423504636],[2.153629881713641,41.4072094449599]]]}},{"type":"Feature","properties":{"postal_code":"08787"},"geometry":{"type":"Polygon","coordinates":[[[1.640417552228257,41.5454824614464],[1.640441302424165,41.54614778709066],[1.640575846398178,41.54652050481741],[1.640425011205309,41.54658963660245],[1.639758707098622,41.54649052771566],[1.639296461862216,41.54656322980918],[1.639150318432428,41.547199415620526],[1.638725297034796,41.54812597723202],[1.638318128079163,41.548799726825905],[1.637425173233169,41.54938505417687],[1.636042431413046,41.55216913040101],[1.636735429196676,41.55280740623681],[1.636942472017438,41.552853033340796],[1.638506230278267,41.552762821447004],[1.639527563346348,41.55296461582435],[1.641402988856839,41.55304182082335],[1.642187215667434,41.553280183433685],[1.643812801419642,41.55405176127971],[1.644615729632221,41.55455047132716],[1.647070489411533,41.55384778604645],[1.650705690315363,41.554060632192375],[1.652301900612201,41.55625583593803],[1.65232997924511,41.55647980399971],[1.652610662152313,41.556882560881434],[1.652900420118272,41.557077919710196],[1.653302558266432,41.55716964426364],[1.65470680377598,41.55719371192026],[1.655097346964965,41.55712383639593],[1.656051595104998,41.55672494300171],[1.660637368619632,41.563481155630825],[1.660314953572254,41.56415994592476],[1.660304641046309,41.564682595025715],[1.660443246358739,41.565109132680334],[1.660315977900041,41.56533937890919],[1.660401936899859,41.56586712896478],[1.660655278618208,41.56638804597151],[1.661102771375795,41.566775034140505],[1.661471123793319,41.567561413928104],[1.661491542001045,41.56867701483236],[1.661422457880121,41.56904898432316],[1.660649051712369,41.56996278095755],[1.659015827118708,41.57109155423183],[1.658949267394746,41.571499447141775],[1.659177410109351,41.57200341102856],[1.659358403167744,41.572185101061564],[1.66139556185567,41.57233643897547],[1.66167667823612,41.57257712273599],[1.66194327955867,41.57311549108704],[1.662540168593921,41.57391057181542],[1.663466255363403,41.57444916139963],[1.664173350919384,41.57527575257387],[1.665471980947132,41.575493076444275],[1.665766417186376,41.57575120075728],[1.666271472850156,41.57593771385439],[1.667544924558626,41.57580485610919],[1.667865424949412,41.57592688241965],[1.668040007640229,41.576351964071875],[1.667791363980257,41.57722642076271],[1.667519657206412,41.577615639250325],[1.667522945127814,41.57799368276221],[1.667803226038018,41.57838743023569],[1.668392030168036,41.57890369325082],[1.668899087722707,41.579117164425554],[1.669735707237066,41.579245148744576],[1.670390823777495,41.57951559287028],[1.671798353611109,41.580574733437174],[1.671709634591934,41.581172577552366],[1.671160057990278,41.581699190864924],[1.671257121818712,41.5820463687449],[1.671495934090103,41.58219872289271],[1.671728409738307,41.582594429089625],[1.670830316166132,41.58377446282117],[1.670947364729102,41.58406683241839],[1.672037897930636,41.58455360126766],[1.672908847265489,41.58482425493537],[1.673038829878067,41.5849630446088],[1.673181440770861,41.585443412083805],[1.676437668263759,41.58337488774083],[1.686906702282499,41.576095695959566],[1.687719561708377,41.57523415623132],[1.688924086677275,41.574482627870964],[1.689168705871054,41.573887355816794],[1.689118107314812,41.57352032360404],[1.689319017658534,41.57281878136166],[1.689395180343297,41.572050371827174],[1.689661919262164,41.571760383634796],[1.695054273136179,41.57320539900991],[1.696579272415477,41.57257574497464],[1.697511273126736,41.57236651680131],[1.697974632623186,41.57197837929874],[1.698421973395341,41.57120375634827],[1.700862968151455,41.57130181842416],[1.702615022865018,41.5711579529771],[1.703745807922701,41.5707154100881],[1.704526705443072,41.570242181431524],[1.705468820829424,41.56984341214371],[1.705991899806293,41.56945279341164],[1.706796488167356,41.56914066211186],[1.707659010854684,41.568637066047756],[1.709223344681618,41.56822172585197],[1.711148682565636,41.56683711074402],[1.713920073852307,41.56587689740087],[1.714318129078379,41.56558143773316],[1.716887785343033,41.565637844111166],[1.71717056187191,41.56573424963591],[1.719371698445116,41.564518255612995],[1.720280733169318,41.5638325747135],[1.720970809954906,41.562939842899425],[1.721835982044922,41.562309982020054],[1.721878046034988,41.56206516137809],[1.721273396749837,41.56117167503277],[1.721876695253286,41.55941814183376],[1.721863728827998,41.55907655144165],[1.720533700769636,41.55793378201838],[1.720161409321577,41.557102746394605],[1.719325218783808,41.55615578636042],[1.719225176400755,41.55593481124254],[1.719264653940627,41.55499681205322],[1.719151381630923,41.554758364906604],[1.717756558318513,41.552888954061984],[1.716710010058932,41.55250880523715],[1.715746778590926,41.55244936724449],[1.714744127139738,41.55267068320546],[1.714005027410053,41.5522328797436],[1.71351010530708,41.55136182878533],[1.713336267254931,41.551278930178455],[1.712692903055029,41.55133239667276],[1.712471287619792,41.551251442400144],[1.712043983742831,41.55048570025485],[1.710959431932224,41.54974691528787],[1.710578267772803,41.549285388609746],[1.709284312421062,41.54830309601107],[1.709111514884512,41.5479049958189],[1.708889132327556,41.546824658231344],[1.708959043824791,41.54663270963181],[1.708858426774952,41.546402788058174],[1.708350430328096,41.54600942909184],[1.708220705820906,41.545708636444374],[1.707665944627649,41.545002121850416],[1.705560425773001,41.54390003775649],[1.704547540036913,41.542825122181625],[1.704299477339021,41.54270923824072],[1.702718514148103,41.54255795158815],[1.70240675876488,41.542390672291674],[1.702162799673431,41.542166599009306],[1.701898325247498,41.5416630838842],[1.700490219847779,41.54224411337509],[1.699325692226921,41.54320121236606],[1.699018699653266,41.54392510096261],[1.698230478054086,41.544623681737505],[1.697842656213595,41.54472960658603],[1.687660210949957,41.54446188290956],[1.687700311719993,41.545018467028626],[1.677744920091982,41.543246000402576],[1.665680807123522,41.54330520996746],[1.663803164784213,41.54419189563947],[1.662959569228747,41.544127154344665],[1.662554245681861,41.5439905608157],[1.662299751032663,41.54378482740782],[1.662120792240785,41.54329686605752],[1.662120788643449,41.54296373019196],[1.662510859688439,41.542056520192205],[1.662619980727527,41.54157487927722],[1.662595412148562,41.540900581096935],[1.662196859597373,41.54069170275983],[1.660549167609986,41.54077663293526],[1.660232737550814,41.540708467921434],[1.65955097859478,41.54039402806194],[1.658550769702231,41.53965133014475],[1.657777996657217,41.5397367243703],[1.657037119867198,41.54009997133659],[1.6566260019884,41.54054883286233],[1.656372162944933,41.54068518986958],[1.656144489676421,41.54068543178721],[1.655946835777854,41.5406034172139],[1.655412761689604,41.53950863471567],[1.654724606755167,41.539104368771575],[1.65260576984042,41.53946944675755],[1.652159724991293,41.539433491862155],[1.651994014112461,41.539962446109996],[1.651632868861782,41.54060734275464],[1.651951119148805,41.54203508215329],[1.65188003313699,41.54271323212993],[1.651525351313921,41.54311477312825],[1.650900399833574,41.5432571708817],[1.649765460807373,41.54380739769323],[1.646922737993975,41.54360748020105],[1.646509612828368,41.543696238790346],[1.645894371328154,41.54364011120214],[1.645005481417797,41.54394623233276],[1.643035566837909,41.5443861204231],[1.640925908403915,41.544381417868124],[1.640805580013478,41.545043591388605],[1.640490908128925,41.54533540610407],[1.640417552228257,41.5454824614464]]]}},{"type":"Feature","properties":{"postal_code":"08755"},"geometry":{"type":"Polygon","coordinates":[[[1.975344163102648,41.51976462983379],[1.978481423778646,41.52317632762538],[1.981195780960491,41.51563075485541],[1.985084649137264,41.51465150466316],[1.985906499085672,41.51256188312436],[1.985920205652974,41.508386056571226],[1.9867006202374,41.505442949632425],[1.987349523361786,41.50049950674679],[1.987301632664185,41.50002331032749],[1.987087636285366,41.499430516804864],[1.98769766891229,41.49926048468359],[1.988041431167119,41.49578772112642],[1.98852794820624,41.49542330773943],[1.987972942397391,41.49427702466494],[1.988373159593607,41.49387416256252],[1.988331850134784,41.49287432868732],[1.98945807832763,41.49147483609477],[1.990967940218241,41.486674029282995],[1.994922502071802,41.48578159424517],[1.995991760011691,41.48427763280648],[1.996484569607219,41.48196875475418],[1.996081250649183,41.480934094632744],[1.996938040158398,41.47806914777294],[1.996674745642963,41.4752699089791],[1.998020846384918,41.472845081335436],[2.002751981818506,41.47319593294594],[2.002879074909345,41.472200047993795],[2.003501093700493,41.471885937286174],[2.004588074579942,41.46937950516002],[2.005776304732649,41.46863551042043],[2.005450971385187,41.4630226589685],[2.003370734271982,41.46290522729436],[2.0027734639242,41.461670825048486],[2.002139582175971,41.461668204424086],[1.999655911890784,41.46004263755765],[1.999115495783485,41.45908425343555],[2.000729526146699,41.4572048520223],[2.000941276019034,41.456070180094684],[1.995953376047453,41.45190404823319],[1.995785756807209,41.43883684314579],[1.994872043809778,41.435815491591654],[1.990154984564867,41.43982182561672],[1.987790808099305,41.4422289357168],[1.985886937931809,41.44360874035107],[1.979236421723499,41.4478590343669],[1.978237211078408,41.4483975511061],[1.976861551419461,41.450905040834925],[1.977397056329096,41.45274437025648],[1.975968663123297,41.45830960620333],[1.972633163089995,41.464286744237825],[1.969604080064244,41.464282955394026],[1.961702615882984,41.459709688751104],[1.954928829601783,41.46395554820998],[1.95403819500666,41.464354118747565],[1.952302570007589,41.4654560121852],[1.952967125832174,41.465697433389835],[1.951328481923895,41.4671271198207],[1.951844532698999,41.4674565136072],[1.951290640250818,41.467722432344374],[1.95175180360286,41.46859439791314],[1.950755165918167,41.47200522695965],[1.946157896369812,41.46712509634608],[1.945149099851051,41.46723892803408],[1.938264164559541,41.47382100043882],[1.938080403387914,41.47517943628196],[1.935971423042702,41.47578224915145],[1.934235674836486,41.47767731225815],[1.933530232234432,41.48004855469702],[1.933318171196618,41.48339738538101],[1.932670225850245,41.48557765138747],[1.924590906345259,41.48813904558045],[1.922040497371029,41.49019273830419],[1.921107476828581,41.493997314824185],[1.922319154105651,41.49606956325971],[1.924416126702852,41.49719502523021],[1.923960627281133,41.49655619271408],[1.924383538869222,41.49565739137552],[1.926143078640166,41.49501349837425],[1.929193454914014,41.495450802712355],[1.931050482094065,41.49703660065859],[1.933320843082413,41.500745735727094],[1.932848440003511,41.50256670818703],[1.934066417031488,41.504874891063366],[1.935372443983113,41.50520416793796],[1.936105893272327,41.5077582587366],[1.936701048414648,41.50943357969595],[1.937174555861077,41.50763065213289],[1.940667201630049,41.50694008971334],[1.945573321751397,41.50766495317504],[1.95137661004253,41.50931427383466],[1.958185593989981,41.510640692014306],[1.958338199048626,41.51091320637937],[1.959337487934704,41.511293151957375],[1.960191030891338,41.51149033730917],[1.96097474059178,41.51312203485401],[1.969144323251896,41.511877038594434],[1.969222375412301,41.512269793216376],[1.969826808860148,41.51281079658099],[1.969952406378468,41.51335455456899],[1.969871498870589,41.514330443095446],[1.970386007308377,41.514947361831275],[1.970928497252316,41.515148932277384],[1.971345431046814,41.516211241155816],[1.972216516179287,41.51694775623395],[1.973751451168539,41.519465161887695],[1.974168879590138,41.51975314189394],[1.975332917979756,41.519764528210374],[1.975344163102648,41.51976462983379]]]}},{"type":"Feature","properties":{"postal_code":"08798"},"geometry":{"type":"Polygon","coordinates":[[[1.771040515407435,41.343645412206],[1.769949308613718,41.34302521004537],[1.769225544123572,41.34276715767817],[1.76792981081212,41.341875576996244],[1.76751040208336,41.341694915787684],[1.7664036936755,41.341263680974066],[1.76574137626352,41.34119211742228],[1.765071971294446,41.34085975677232],[1.764337529153636,41.340782210030966],[1.76364248631171,41.34026181013439],[1.763280877010857,41.33972758765805],[1.763214934221821,41.339478220943136],[1.758801619199346,41.340228454279725],[1.757867083299232,41.34051928333821],[1.757665415726365,41.34037458871626],[1.756354253645895,41.33992465429935],[1.755904526072982,41.33965517964282],[1.752688088184698,41.34043659697136],[1.750533173167412,41.341687247268624],[1.74982259004048,41.341608616844155],[1.749832935841312,41.3419143233873],[1.74970501897144,41.34212670818101],[1.749235437065749,41.34256927984836],[1.749450900238855,41.3429025182366],[1.749468518857043,41.34314487563546],[1.748884601643056,41.343493156084264],[1.748451935108733,41.34411427735199],[1.748764174327164,41.34495672087593],[1.749523773203578,41.34505136372945],[1.749704226668712,41.345232996205766],[1.749730562415493,41.345429964820994],[1.749233929802017,41.34648594337159],[1.748486550913583,41.34754328889164],[1.748357453233893,41.347575638404976],[1.748102860558561,41.34736105476884],[1.747969099894021,41.347492641771964],[1.74729152728213,41.34885318832397],[1.747413130011921,41.34904625568015],[1.748211484272588,41.349508464044334],[1.748684525870146,41.349605937963645],[1.748902760753822,41.349813005965416],[1.748879324421296,41.35014712119266],[1.748565213713619,41.350592261323754],[1.748749750100899,41.35148501741958],[1.748678455446338,41.35198315909548],[1.748161990983078,41.35227463476656],[1.747367730436395,41.35236144722296],[1.745918568287266,41.352808563164615],[1.745348922414848,41.35335433293608],[1.744365502066273,41.35396220629076],[1.74261132765065,41.35432275169359],[1.741778317115632,41.354699298733635],[1.74174048173785,41.354835948020536],[1.741865321127648,41.35507388435224],[1.74215045028302,41.3552151768389],[1.741916598672105,41.35610718919543],[1.742750902432192,41.356405860342136],[1.741418158421254,41.35746932395011],[1.741295274157551,41.357258322313726],[1.738931031142158,41.3585984371681],[1.737713000154827,41.35811747074467],[1.73363936806237,41.35731310001955],[1.732302915247317,41.36030340787596],[1.734358899443635,41.36327089813341],[1.733551200327611,41.36399750807851],[1.735305626553384,41.36495159164264],[1.73614360224542,41.365628319791085],[1.736530263061184,41.36617960870194],[1.737766064652135,41.36756021822947],[1.738108020168966,41.36782520886629],[1.738341619070468,41.36791460957153],[1.740438821894088,41.367828023744266],[1.74251352997544,41.37055150634694],[1.743415782012733,41.3712885466291],[1.74806252596477,41.370430164420554],[1.748666492664483,41.37018911013928],[1.750593259571247,41.36973122661482],[1.752603059983244,41.368936766418585],[1.753418957319013,41.36848882130204],[1.756391381257231,41.36745636182161],[1.760582766081768,41.366751423739174],[1.764214831948948,41.3657543822589],[1.764717551174044,41.36527432505005],[1.765559892175247,41.364699140253094],[1.76746273441762,41.36391787311135],[1.767307372936898,41.3635911629018],[1.767025843767669,41.36170312799692],[1.767746055036412,41.36158314494617],[1.76723169498672,41.36059612461145],[1.768548888820135,41.360469381356836],[1.769251166707988,41.359287763919156],[1.768468378812599,41.35887910118953],[1.768086157949824,41.358390763023294],[1.76779568862014,41.358177720825154],[1.767184244956923,41.35798703757172],[1.767073361246617,41.35745140136106],[1.765001595747037,41.35771752064704],[1.763444897164277,41.357674060009856],[1.762972664956521,41.357261486128664],[1.762264046848259,41.35688569272054],[1.761371948156864,41.356778660806526],[1.760893540304608,41.35660940120289],[1.759590546766333,41.35545696496695],[1.761045418711092,41.35525257784417],[1.761760619856716,41.35457465989259],[1.761951899360668,41.35457572558926],[1.762390530198786,41.35485463143607],[1.763124123379555,41.35442806320452],[1.761670819852441,41.3513820477433],[1.762889506445561,41.3508903407166],[1.763191933161181,41.350940820562414],[1.76355837901599,41.35121375311218],[1.763726447917236,41.351224777901166],[1.764934732951531,41.35042734364697],[1.765718338330657,41.35035878922673],[1.766068295115701,41.350569353792594],[1.767139231190583,41.350344854231594],[1.767367619420099,41.350200284615426],[1.767980981337189,41.34927443526698],[1.768176564097132,41.348681082366056],[1.76935946756538,41.34688523966207],[1.772193129709137,41.34430051525658],[1.771040515407435,41.343645412206]]]}},{"type":"Feature","properties":{"postal_code":"08211"},"geometry":{"type":"Polygon","coordinates":[[[2.090869602749933,41.659580714778144],[2.091431378655216,41.657575696061485],[2.091313455951195,41.65487159834555],[2.092183147134506,41.65417463455174],[2.093025970172391,41.65406402693327],[2.093683449231776,41.65326957213301],[2.095592724324774,41.65281613485672],[2.096792855206104,41.651899081777174],[2.098637236119544,41.64865752582415],[2.097698438332259,41.647565485358825],[2.099606162094688,41.645435270221526],[2.100066060999893,41.64350731710897],[2.09807162370646,41.63497848586843],[2.099830405348939,41.63126527866967],[2.100341180700923,41.629982142162135],[2.101534262696077,41.62913566068215],[2.104104348836643,41.62325089111573],[2.106119752924258,41.6209638557973],[2.113694350413937,41.617376719160234],[2.11453966457384,41.61744589231404],[2.116820562019313,41.61534658687543],[2.118461464125232,41.61501168294279],[2.118698573080678,41.6146690979005],[2.11711147831204,41.61493690881127],[2.113328975651712,41.61307157639209],[2.112143638618022,41.610980606769544],[2.114735509036507,41.60856078565172],[2.115991997732522,41.60595576084967],[2.118019326830449,41.60458793338637],[2.118145340734884,41.60179140065259],[2.117352355426874,41.599199035607],[2.117916315785351,41.5970919186571],[2.117453897879045,41.590191507831776],[2.11078307497894,41.589397491900684],[2.10584920897378,41.590545777765385],[2.106382013219331,41.58787458624312],[2.10554761143311,41.587796394687814],[2.106770594087664,41.58657997618491],[2.104904912731513,41.58649143703019],[2.105233159882403,41.585179842375794],[2.101096281168452,41.58396003342875],[2.100869571073815,41.58534874404927],[2.098861663734795,41.58527486384389],[2.097977875678396,41.584712099583726],[2.096535343331425,41.584821238609265],[2.096640779848087,41.58403162306092],[2.094488521428104,41.583955633046],[2.093339304765095,41.58337652810428],[2.091230034838247,41.58308472058337],[2.090149286260555,41.58337468899066],[2.089646613800198,41.58338011370125],[2.089421259883238,41.58295687296129],[2.0881707795578,41.58322055868183],[2.088099591023308,41.58337564856731],[2.08760815019599,41.58338056695959],[2.08715460320235,41.58295052104967],[2.086593161844917,41.58099479597303],[2.085433240551595,41.58043292024303],[2.083128111772908,41.58298564766949],[2.079910320404963,41.58278501071965],[2.079297615892244,41.58338047702739],[2.079236078881934,41.583813661571185],[2.0775399233288,41.58480878659623],[2.073657863919266,41.585312648859656],[2.07269419807875,41.585102095085574],[2.071323136653405,41.58581262155519],[2.069218036882887,41.5852755230469],[2.066185749572696,41.586211389044365],[2.064691041258527,41.58718619298838],[2.065209664094709,41.587838509039955],[2.06206988621625,41.58771551505896],[2.062273107817646,41.59030897997542],[2.061197399940056,41.590499771147506],[2.060298383663451,41.5912670799118],[2.061385730566997,41.592140487993106],[2.060300893671297,41.59314055928934],[2.060668712790857,41.59342160732132],[2.059284630081606,41.59395192404202],[2.059228712934726,41.59522143492126],[2.058812119083996,41.59496132490517],[2.056791835274964,41.596889593679805],[2.054921808394738,41.597203749353525],[2.054399022596783,41.59787496016128],[2.051418898663258,41.59903397044138],[2.048940564055783,41.6010860353922],[2.044324452811225,41.60356937742483],[2.044109201878143,41.6038854972179],[2.045558202149323,41.6047755193747],[2.046248087379297,41.60868680944867],[2.045301234364445,41.60977511233153],[2.042963371162614,41.610561643205244],[2.042292959852205,41.612273589054894],[2.042367713299313,41.61461107993739],[2.039271793558441,41.61491039769669],[2.03777140602557,41.61720742628165],[2.036229935663016,41.62112959185714],[2.035506540794188,41.62246683877356],[2.035046024054736,41.62456620896336],[2.032361284245837,41.62521583784064],[2.030000044066753,41.62648141508521],[2.028654630406834,41.62646729393043],[2.026040989200283,41.62957264666028],[2.025308091195427,41.62972016515346],[2.025126363390939,41.63232211337481],[2.028074119824737,41.63487410695444],[2.031179621842057,41.636079869390414],[2.03740288903208,41.64829549833854],[2.039677341935771,41.64960790418144],[2.040680250593084,41.65291181193055],[2.042162214614507,41.653441955981464],[2.045658719374387,41.65501667517941],[2.049650183109463,41.6566235424425],[2.050503032688823,41.65709010802203],[2.052801489397211,41.657619034390905],[2.054650264398163,41.65792467438422],[2.057494893774333,41.65868147277172],[2.058256344354788,41.65859384732818],[2.058767983055986,41.658229147956774],[2.059172676178036,41.658184296068384],[2.059662446065033,41.65830671897987],[2.060690703912826,41.658864529774235],[2.061832202594076,41.658724074556346],[2.063485394835084,41.659137223104324],[2.065270968180641,41.65985959814191],[2.066237250148959,41.65978090476494],[2.067858938239397,41.66086158679275],[2.069719224562562,41.661616600925356],[2.071299631972408,41.663392298815495],[2.071924036664939,41.663697793118615],[2.072521586701839,41.66381539026804],[2.073076837126337,41.66370078156581],[2.073492831129215,41.663799418308486],[2.073969464619097,41.664363510867304],[2.074678981150043,41.664530145349886],[2.076590608869481,41.6647155936497],[2.0773705800882,41.66501414878394],[2.077887184845679,41.66501829555784],[2.078612223675179,41.66538230065265],[2.079999174322438,41.66637419261485],[2.081455409639432,41.66641767033917],[2.083715601993447,41.666758580843805],[2.08503661075099,41.66660993100351],[2.086626335137225,41.66606223398486],[2.087258518066164,41.66494484972503],[2.087944466963563,41.6643562092716],[2.088638712106842,41.66356911182504],[2.088844569621187,41.66283074864009],[2.088777337204363,41.66213149607165],[2.088267311886909,41.66114581212952],[2.089440235578422,41.66064357134371],[2.089867930660489,41.66028248005239],[2.089976022875135,41.65967446190689],[2.09086902088859,41.65958079481783],[2.090869602749933,41.659580714778144]]]}},{"type":"Feature","properties":{"postal_code":"08037"},"geometry":{"type":"Polygon","coordinates":[[[2.165080868387349,41.40420130084931],[2.165983784124307,41.4036305092406],[2.166298064803811,41.40324625141335],[2.166638860195235,41.403168892630276],[2.167402863950997,41.40239412129165],[2.167591158605092,41.402484174904714],[2.169077070650303,41.400999946390414],[2.169475340814301,41.400800029797495],[2.169492867701649,41.4007128827933],[2.169970733262744,41.400579810110116],[2.170458200885264,41.40023727812786],[2.170533472341845,41.39998511721939],[2.171481950431655,41.39948256796612],[2.169964783348064,41.39912189036295],[2.169386198214454,41.39877712176673],[2.16885170414281,41.398138758696746],[2.165650445012034,41.39575229163495],[2.165507528349735,41.3954172393141],[2.164948945937113,41.394908384914004],[2.164169129401785,41.39451869877888],[2.163668398577727,41.39481260172016],[2.163824600025237,41.394992580343285],[2.163183667592193,41.39549719983586],[2.162802084348698,41.395637891575404],[2.162588657240747,41.395961989254374],[2.16176333411056,41.39665101383321],[2.161121588690378,41.396951439557256],[2.160232210448157,41.39676262779301],[2.159813651578759,41.39703258268753],[2.164991239254277,41.40101240469869],[2.161449349307986,41.40362867732159],[2.161937148780396,41.40366283177423],[2.162584133650853,41.404039788905095],[2.162754702667371,41.4042937196794],[2.163989128295611,41.405015145932225],[2.164972039627912,41.404265146419334],[2.165080868387349,41.40420130084931]]]}},{"type":"Feature","properties":{"postal_code":"08750"},"geometry":{"type":"Polygon","coordinates":[[[2.057968261825806,41.429119833013885],[2.057203024200192,41.43460596639221],[2.057249225970963,41.436140670255725],[2.059371965044136,41.43620069730429],[2.059279416711718,41.4357392236862],[2.059599454850968,41.43462783520641],[2.061263813074504,41.43372439426537],[2.063112767040536,41.43349933532602],[2.063051589759027,41.43302655722982],[2.063521203141022,41.433067710206615],[2.063260319707979,41.432322364685376],[2.064369845691829,41.42998598536491],[2.067429917556638,41.42956095317544],[2.067440992707645,41.42915028405832],[2.067010906328278,41.42829278498402],[2.066537809872045,41.42760380896857],[2.066461586932689,41.42740536726387],[2.066512089261494,41.427161311045666],[2.066819364222283,41.4262953097807],[2.067365314757467,41.42617494811532],[2.069585783157379,41.425073873060796],[2.069529767085044,41.424212620216224],[2.070137322979065,41.419422421807326],[2.07083437400712,41.41854756222017],[2.070283138156299,41.4183806228674],[2.067060010211264,41.418239122637374],[2.0667571410292,41.41812371983377],[2.064637575663596,41.41814186005877],[2.063863659580193,41.41785116769722],[2.064566868266354,41.41660622359831],[2.064353826068213,41.41560175191927],[2.063843451813852,41.41408360277603],[2.061828921867232,41.41347838871667],[2.060986842568695,41.41266037527606],[2.059407979294804,41.41278189167093],[2.058518458959725,41.412526610114924],[2.05905930764095,41.41216864037045],[2.058769384199707,41.41090409374891],[2.056556651768062,41.410588018022565],[2.055212309200726,41.41206812224601],[2.054925238408998,41.41324407395484],[2.054300886776502,41.41397904489696],[2.055234767070829,41.41477754664646],[2.056533868343365,41.41642025279242],[2.056874151121178,41.418379347628786],[2.056322497984866,41.41952500477515],[2.056206507924003,41.42024050179771],[2.056005595781585,41.42067306221202],[2.056082568755528,41.421365436765484],[2.055400190166608,41.42207603338221],[2.054253486209404,41.422509435562006],[2.054144395747244,41.42280323957783],[2.053624032722894,41.42272208565572],[2.053020543563207,41.42351613126442],[2.052474690154838,41.42371486165155],[2.052094031414413,41.4240874786542],[2.053119174010646,41.42472812510289],[2.054567237188223,41.42506635472847],[2.056178760241608,41.42563283408799],[2.057339187853245,41.42621650578707],[2.05751368870574,41.42656211165212],[2.057543955389235,41.42757399014749],[2.057966912842744,41.428778039375004],[2.057968261825806,41.429119833013885]]]}},{"type":"Feature","properties":{"postal_code":"08820"},"geometry":{"type":"Polygon","coordinates":[[[2.092019208819409,41.340755358073295],[2.104506554433954,41.3339991553367],[2.107970209657424,41.33109903868967],[2.11250264438155,41.32568401830275],[2.118812768994076,41.32283693377747],[2.130979583640851,41.32081659510976],[2.139247729299257,41.32116689183857],[2.146838776288462,41.320053076987904],[2.148831323206991,41.32033225532928],[2.149759863327006,41.32100565418756],[2.150316682169148,41.32097331186884],[2.146495232568896,41.31585398407407],[2.145916781434323,41.31487270860862],[2.145479602101943,41.31448718543521],[2.138182822279418,41.30568452592013],[2.1194436344162,41.29207219407647],[2.10530031405824,41.286310033581174],[2.074483616925363,41.27727846692767],[2.070585757326853,41.2818003777852],[2.070122345669688,41.28551205523712],[2.067777406602033,41.288063358137435],[2.062013278390054,41.29176708378384],[2.057400001808617,41.302484326190665],[2.059518837824101,41.30302110993625],[2.058406253246005,41.30561069607671],[2.063354133386554,41.306588169208624],[2.067021919426054,41.30784983799958],[2.064054731340775,41.3143898482129],[2.062703924446566,41.31606156199149],[2.070531563281008,41.31967717116447],[2.069904195322351,41.32128039257606],[2.070412302385819,41.321671558095886],[2.070050902627031,41.32239929399219],[2.072737682098364,41.3237744572254],[2.067341193141544,41.32918122363452],[2.072173621015793,41.33187676609987],[2.071224793989018,41.333654629557486],[2.072020072568307,41.33405276392392],[2.071075829386018,41.334966674772204],[2.071897837615097,41.33555214331676],[2.072236961166823,41.33514888910992],[2.073771822411686,41.33629644202716],[2.073393909301444,41.336656409165926],[2.078660771777209,41.33971799818704],[2.076816372877317,41.34241058997674],[2.075977655244571,41.34222261997792],[2.076091612837672,41.34169707236197],[2.0726926359564,41.34008052569567],[2.073265120988538,41.339461558304265],[2.072008247382712,41.33880532480589],[2.070020404817797,41.34136065666894],[2.068931074009868,41.34393815682046],[2.069389773219427,41.345071432100895],[2.06990650298269,41.344957013155636],[2.070841529013364,41.34503968962997],[2.071106178807099,41.34517185129988],[2.072053500368725,41.34535999396854],[2.075620126167905,41.348183682630804],[2.076243517324428,41.348460709793926],[2.076819929696001,41.34850875607424],[2.077505374973043,41.34834614066182],[2.078337919659248,41.34793177533112],[2.078513404370085,41.34764169630722],[2.080152692192996,41.346739228432625],[2.08557927876069,41.345016273981855],[2.086083516940732,41.343860236860394],[2.087343341222208,41.34281042136382],[2.089135824059042,41.341718612923614],[2.091759126682348,41.34059144134193],[2.092019208819409,41.340755358073295]]]}},{"type":"Feature","properties":{"postal_code":"08210"},"geometry":{"type":"Polygon","coordinates":[[[2.138511773599475,41.531647437679055],[2.139536459340093,41.5309713048818],[2.140569567231751,41.52934107682921],[2.142335138755641,41.528648570974724],[2.144083517040656,41.528930249431426],[2.145921064905224,41.52793064218537],[2.148377749233703,41.525831257606455],[2.149739598903352,41.52487826671859],[2.14978285179717,41.52286754000494],[2.150929589029317,41.52213836519337],[2.151018784689143,41.52201635776868],[2.150965479173522,41.52188105656546],[2.151326755725165,41.52172508984103],[2.15159085783182,41.52135937873231],[2.15273797457786,41.52040244431731],[2.153072358702389,41.51933521884524],[2.154076505726152,41.519911875832406],[2.155457982200119,41.51979560788095],[2.15655140762135,41.51988738819239],[2.156940820362536,41.520026230925794],[2.157473881814155,41.52000032325628],[2.157820305162943,41.519810998878484],[2.158533642913255,41.519753988156026],[2.159539487857046,41.51926917443285],[2.160133967608488,41.518809906851686],[2.160415536347898,41.51835572044013],[2.161048955844649,41.51601394698605],[2.162302966009065,41.51615495079034],[2.162299730248321,41.51545381324286],[2.162075258566347,41.51475473424358],[2.162074266614127,41.51331409766743],[2.161532674193552,41.51245012527306],[2.161272628928657,41.51169648080793],[2.161326776209762,41.51077836383041],[2.160683340064054,41.51023330812063],[2.160828526615205,41.508860083825766],[2.160325713860573,41.508254036094854],[2.158675670146067,41.50740536026916],[2.158382465078716,41.507836150817695],[2.158170964318515,41.508394694559456],[2.157649540993532,41.50868488959594],[2.157100977927769,41.50931128538747],[2.155181537797716,41.51070379114702],[2.154700607347138,41.51125796957962],[2.154939922339508,41.511172853244545],[2.154712771577124,41.51134734870118],[2.152220991205752,41.51013702400445],[2.149589253840986,41.5086712756588],[2.149541577182049,41.508844207194386],[2.149274828370608,41.5087023022694],[2.149187061733528,41.50925643483657],[2.148879123073073,41.50974026380209],[2.148841373130836,41.51002578955854],[2.147206575622931,41.50989236164315],[2.146244821741107,41.510406725290125],[2.145595253118415,41.510467788357744],[2.145250122994753,41.51034828734356],[2.145402244218189,41.5103372796417],[2.143169886780868,41.50962802211552],[2.14239557409644,41.50893800378583],[2.142263819819391,41.5085951021822],[2.140511062735357,41.508213374147886],[2.13837660999252,41.50752393498158],[2.13605227259427,41.50832496022872],[2.134579926822141,41.50816894943745],[2.135735989124612,41.50671786723575],[2.134610006446621,41.50661395596927],[2.125399889293419,41.50654642587682],[2.124947813590722,41.50704195861948],[2.123558530102059,41.506644653428],[2.122979968350876,41.50613073764339],[2.122668696802918,41.50553087724819],[2.122332922326507,41.505693673424275],[2.113307560995111,41.51237985134901],[2.113235093624667,41.51330639317547],[2.113322516720757,41.51393208389851],[2.114916806065764,41.514284898729045],[2.115375463007183,41.5146569716419],[2.115661740596863,41.51510699599106],[2.112469313707834,41.51759978000581],[2.110714654557626,41.519376139796975],[2.109160635055275,41.521287984253036],[2.114486109946029,41.522461615710995],[2.116541764990473,41.523083270276686],[2.121741490377474,41.52543110785933],[2.126358427199648,41.527906882996206],[2.126483281877938,41.52832303707845],[2.12421635180317,41.528595981319484],[2.123860285024136,41.530755706810396],[2.124452806052147,41.53113435017008],[2.123685020647201,41.53142753005642],[2.122811513640443,41.532501888951],[2.123505151741369,41.53313238385243],[2.123082341776637,41.53320179442727],[2.124000381412486,41.533666793387795],[2.125831586358629,41.5334819215534],[2.127841580124823,41.53310167470249],[2.128504204205626,41.5332157474088],[2.129448838593021,41.533177885051316],[2.13143728190505,41.53353978393386],[2.132034216805664,41.53442179313123],[2.133546532046807,41.533248424275314],[2.133985742048367,41.53152667041945],[2.135277433806493,41.53180923380904],[2.137380691765486,41.53150981082911],[2.138127694737307,41.53156567401663],[2.138511773599475,41.531647437679055]]]}},{"type":"Feature","properties":{"postal_code":"08006"},"geometry":{"type":"Polygon","coordinates":[[[2.149791550039993,41.40584866188624],[2.149692344026448,41.4055403239268],[2.150141007701336,41.40417515396018],[2.149876086312304,41.40376789866957],[2.149807639810717,41.403007715233855],[2.150583216941925,41.40202976636061],[2.151044050242717,41.40101472315092],[2.151379297716403,41.40079951268734],[2.151841111278259,41.40016821109407],[2.152481100322518,41.40002434924429],[2.152605187879089,41.3998286046064],[2.153836878668983,41.398847430764306],[2.15459795962812,41.39863808208179],[2.154599799641005,41.399248580557526],[2.154848006230509,41.39927747937213],[2.155471766109088,41.39959979459485],[2.156295895838923,41.39901224771705],[2.156384331571644,41.398077636273854],[2.157300872936901,41.397770937778546],[2.158416874039517,41.39692502287147],[2.15871499480113,41.39632608158337],[2.151327882575686,41.394440685289396],[2.149339370915243,41.395936264147224],[2.146705611874495,41.398351641714896],[2.144845041365556,41.39987147708695],[2.14321117375664,41.39887871907757],[2.137930949153997,41.40283615426506],[2.139921135352097,41.40407669168593],[2.142134223015944,41.40495344524527],[2.14477380067035,41.405548271235716],[2.147889055835265,41.40585271782862],[2.148884036968695,41.40624598686276],[2.149389142994551,41.40622333383976],[2.149791550039993,41.40584866188624]]]}},{"type":"Feature","properties":{"postal_code":"08791"},"geometry":{"type":"Polygon","coordinates":[[[1.861134341676518,41.48246346731514],[1.862922189407527,41.48139727426479],[1.86355558821981,41.480902256833645],[1.864946550742729,41.48013199289716],[1.869186778646906,41.47840353279679],[1.871391394697071,41.477310525560256],[1.872192011652032,41.47537679340428],[1.87199872935787,41.47455667914738],[1.87278632143159,41.47340679159015],[1.87358889261327,41.47261641971198],[1.873677405687715,41.47236054010682],[1.872980149614193,41.47088659084346],[1.872481557377967,41.470304515441],[1.872414736850601,41.469893187120874],[1.872645781677477,41.46738942238392],[1.871999977616838,41.46564314761315],[1.872812674265504,41.4645102113771],[1.872818902070662,41.46363661084092],[1.872963012133312,41.463324343743466],[1.873137768393292,41.461984415947995],[1.872634336905094,41.461177471363214],[1.872647505677833,41.46055567920121],[1.873569112024882,41.45912099883503],[1.874062676151595,41.45853380179352],[1.874813215257689,41.45799671857367],[1.873049952293456,41.45730630903893],[1.872013381112652,41.45736835956211],[1.869101799908151,41.457960151239945],[1.866490941203949,41.45762074260318],[1.865857981260831,41.45763858785051],[1.863933480645585,41.45799028932038],[1.863345869915975,41.45829432941974],[1.862866485399991,41.45812555095341],[1.862305739218471,41.45751008372338],[1.860687902924383,41.45764165723665],[1.86051850032851,41.457936946033215],[1.860768539736284,41.458079436416824],[1.861226720037109,41.458924344982506],[1.861214661027759,41.459402028880504],[1.861060388626015,41.459579623400884],[1.860464644427793,41.45977594090692],[1.859406151372752,41.45986580296443],[1.858212939875273,41.45975425465508],[1.857065532648221,41.45977585367268],[1.856542082251281,41.45997807342934],[1.85628443727694,41.46021406182945],[1.855488265670886,41.461571270997354],[1.854918905782881,41.46164039109118],[1.854457997838324,41.46139879361942],[1.854323195758866,41.46039611159125],[1.853947006649037,41.460006864325294],[1.852829990211887,41.45995507416734],[1.85198708443636,41.46020681059582],[1.851765885387294,41.46045025167774],[1.851734285908549,41.46066767807088],[1.852369496854806,41.461640203132845],[1.852311957330983,41.461831693078125],[1.852086113283463,41.462012305723306],[1.851770611324639,41.46211568818842],[1.851073950602313,41.46208213808018],[1.849956638288234,41.46170620617647],[1.847657487303195,41.4629738536604],[1.847479320813989,41.46315242574383],[1.847304731827876,41.4637000319309],[1.84821931087248,41.4650479124312],[1.848088219395777,41.465215514584315],[1.84778600941678,41.465336335803215],[1.847498962007478,41.465339469041226],[1.846488904639216,41.464796913446776],[1.845432061840199,41.46458944614602],[1.843937857146386,41.464616545417186],[1.843386871307075,41.46445074910275],[1.842481028276836,41.464020773339996],[1.841495394696722,41.463324076644824],[1.840878967890035,41.46340409292452],[1.840073741010315,41.46368114976525],[1.839099216755415,41.463614240205004],[1.838557147694189,41.46388919892735],[1.838295892841188,41.46375618739813],[1.837999283839849,41.46330949863443],[1.837220232627601,41.46313523700155],[1.836198144129014,41.4622689731346],[1.835926104606017,41.46183029822964],[1.835724752695171,41.461055465737104],[1.835966401428266,41.45947862773647],[1.836525919135852,41.457510274379615],[1.836240549861486,41.45689208490177],[1.834853179230834,41.45690552167247],[1.83431605014556,41.45531652663635],[1.834124257128735,41.45499148107194],[1.833037951640165,41.453902804071106],[1.833184898164518,41.45233899364962],[1.833047833390765,41.45146239207571],[1.83251128886485,41.45084577371347],[1.831282846426234,41.45025825201668],[1.830762526569345,41.45018111986275],[1.830018870874198,41.45015840028992],[1.826972973224144,41.4505566713533],[1.826652505208926,41.44978686876897],[1.826427362632671,41.448850956006766],[1.826166684245095,41.448402742892256],[1.825948354033301,41.447718628611824],[1.824807195295818,41.447982744208275],[1.824641282069479,41.447359448379814],[1.824231404355828,41.44667437991865],[1.824049110877752,41.44663703557069],[1.821579964643661,41.4472270214099],[1.821230712027727,41.44719670526371],[1.82060348256465,41.446484765059836],[1.819948239219855,41.445233764926286],[1.81923177362745,41.44509277730981],[1.818922777364264,41.44463759894603],[1.815183301867876,41.443263969056886],[1.812564278218872,41.44586786341114],[1.811484137582852,41.446471375053875],[1.810321759341718,41.44693429478184],[1.81014821536786,41.447337706370035],[1.810082878721857,41.44871801102738],[1.810234722954078,41.44915282604205],[1.810410719379206,41.450721088107684],[1.810542365737604,41.45266032861127],[1.810484751570016,41.45301386559737],[1.808374827836019,41.455227180789734],[1.807913519693159,41.45546260261699],[1.807867805354931,41.45565357994872],[1.808087401812145,41.45667979993277],[1.808022463565806,41.45693460844541],[1.807632795417192,41.457329108651436],[1.807247154432616,41.45810153725614],[1.806766028829145,41.4587159585746],[1.806116574420344,41.460129712616094],[1.805605004966992,41.460817389111185],[1.804979444645653,41.462392236912194],[1.804682498398563,41.462746794628856],[1.801441125907218,41.46552953086314],[1.801259500625463,41.465825264824105],[1.801288596391601,41.46605701022281],[1.797876120686396,41.46718173744722],[1.79819975971111,41.4683217657369],[1.796910675986908,41.470310903325526],[1.796195988354157,41.47084497021916],[1.795338111564604,41.47170917823598],[1.794305095403843,41.47231058726379],[1.792732397881821,41.47289849566903],[1.792607730262546,41.47380406440601],[1.793384108689679,41.475725411098836],[1.792913351370032,41.47632132616826],[1.793201126330928,41.47648936179456],[1.793530630733983,41.47657465259812],[1.794311066002876,41.47644300264244],[1.795324225132845,41.47605848311247],[1.796574743229826,41.47613227608366],[1.796950703012499,41.4758734547961],[1.798937138138399,41.47521416989798],[1.800786304344456,41.47431745318789],[1.802335714821368,41.47373940315089],[1.802686428835614,41.47346362334753],[1.803001276987345,41.4728651955723],[1.804849171552007,41.47324701174017],[1.806695055232581,41.473439794011256],[1.806483673182981,41.473979864778926],[1.806821836258734,41.47418176977283],[1.807622989209563,41.475138575584765],[1.808480376767989,41.4755618397071],[1.807262549027428,41.476576257887984],[1.809269251274941,41.48055274881028],[1.809512004375506,41.480758662082565],[1.810003323794319,41.48076507874538],[1.810288577955475,41.481059266771695],[1.810907853814399,41.480853182628266],[1.811363362229372,41.48086109576292],[1.811878639587519,41.48102857830622],[1.812572254306076,41.481017498658616],[1.814494441865008,41.480621700730865],[1.814929446636654,41.4806754693974],[1.815959326861446,41.48100139899532],[1.816650317358267,41.48111645915725],[1.816940148169294,41.481311363828354],[1.819120660589988,41.48181400571178],[1.819360099688822,41.481975025726854],[1.820451021397503,41.482316349919586],[1.821177100742602,41.48225880859712],[1.821555556144006,41.48187379084277],[1.822165521321722,41.48154202644332],[1.823935974365725,41.48152162802069],[1.824481547185655,41.48257910124448],[1.824482966315827,41.48275912213575],[1.82418946267353,41.48332065702266],[1.825037339901314,41.484095335731126],[1.824955827149665,41.48428783921241],[1.824500439243877,41.48460411908479],[1.824487899996598,41.484757692713345],[1.824789231337945,41.48526722340364],[1.825254806763894,41.48540972098181],[1.825733091409006,41.48572271383216],[1.826385141261255,41.48740595062412],[1.82784588577897,41.48949637166021],[1.828097586234605,41.49014303007675],[1.829025685686815,41.49183265025658],[1.82993681133479,41.492811664826434],[1.83034260882431,41.493757972852165],[1.831270051771469,41.49415108270625],[1.831854040031885,41.494756746426674],[1.832600528591513,41.496417951627166],[1.833270397610761,41.49737114216447],[1.834926959611494,41.49903000283234],[1.836713539298387,41.4985765475696],[1.838619524671344,41.49828008965437],[1.839021947005222,41.49805604515035],[1.840541786873928,41.497559769567715],[1.841741138043062,41.496941911040324],[1.842232942196517,41.49647098284953],[1.842414268004063,41.496013136197234],[1.842719884614951,41.494172519845904],[1.843045505745465,41.493240429202444],[1.843517389915576,41.49282433987139],[1.844663396898227,41.49117334827139],[1.844923904414657,41.49097325091475],[1.846060830043257,41.490484055694594],[1.847784267429972,41.489510881322076],[1.850253561152897,41.48762380959113],[1.852083411720059,41.48711428069947],[1.853684813803113,41.48563299206893],[1.855634794909861,41.48465009692438],[1.856903871416534,41.48384911124748],[1.858523065686938,41.483087259569345],[1.85959182540239,41.482969985276554],[1.860339948030173,41.4827602615768],[1.861134341676518,41.48246346731514]]]}},{"type":"Feature","properties":{"postal_code":"08030"},"geometry":{"type":"Polygon","coordinates":[[[2.201328023669362,41.44866099490895],[2.205888040600598,41.44388133475576],[2.207091623079918,41.44218364495924],[2.207978860036349,41.44021609379769],[2.208957737009939,41.436753759678254],[2.208894940948767,41.436548291570375],[2.209342768254146,41.435205993162015],[2.210245636327045,41.43348503610548],[2.207703678282144,41.43314812128875],[2.205857961875438,41.4325992191786],[2.205898759620027,41.43215955681808],[2.205616556858615,41.43215247375764],[2.204318684060013,41.43075003408677],[2.202132367414833,41.43177658502134],[2.199870135398442,41.431714423881544],[2.196094228365951,41.43359911510703],[2.195205268308484,41.433533725401105],[2.19501275673332,41.43344121663881],[2.196561219324792,41.43185843142146],[2.197077425682664,41.42969574806028],[2.196961788155988,41.428728564071946],[2.196065827775726,41.42675792823576],[2.193649043668415,41.4280086738612],[2.193578482860687,41.42817150241291],[2.192383059930251,41.42785309294584],[2.190442644912139,41.427703819875376],[2.18888247404692,41.42805018836549],[2.188172804631222,41.428420952764725],[2.188234161777132,41.42862620233734],[2.184189564296958,41.42866422477414],[2.183074854620827,41.43019718215419],[2.182781225073484,41.4307791901075],[2.182720106247871,41.43135545499024],[2.18548978432608,41.439704895764294],[2.187664952975183,41.44681146987341],[2.191998919014907,41.44682330764948],[2.193155555984106,41.44704810398679],[2.194061742555391,41.44749214064973],[2.194511909896733,41.447572537342694],[2.194867777925595,41.447625708859334],[2.1958125678957,41.44740023083597],[2.201151250229998,41.44922148838094],[2.201239456635619,41.44911994772741],[2.200969143810937,41.44901025112216],[2.201328023669362,41.44866099490895]]]}},{"type":"Feature","properties":{"postal_code":"08016"},"geometry":{"type":"Polygon","coordinates":[[[2.187664952975183,41.44681146987341],[2.18548978432608,41.439704895764294],[2.182720106247871,41.43135545499024],[2.182781225073484,41.4307791901075],[2.183074854620827,41.43019718215419],[2.184611941687763,41.42807068391488],[2.181811703747144,41.427860651747665],[2.180860292968134,41.42799475955047],[2.179907750842005,41.42791347882394],[2.17766685793913,41.42824213156911],[2.177278036951861,41.42818385909777],[2.177236812928584,41.42774489640982],[2.176872113557181,41.42798887618568],[2.17666702766121,41.42786541635587],[2.176962740038391,41.427624540140414],[2.177082360662382,41.42564742109158],[2.175890282310661,41.42554481114411],[2.176187688111327,41.42572098023902],[2.175852895694561,41.42673617633346],[2.175606993168174,41.427207016390696],[2.174747415760635,41.428184005687285],[2.174397697295888,41.42893510776901],[2.174382529330273,41.43032386335557],[2.174717218324929,41.43055875728078],[2.172063777621247,41.43532580174434],[2.172714298625976,41.436259479691216],[2.174026863648805,41.43761627337227],[2.174730138884797,41.43853840942006],[2.178120413925967,41.44225425163239],[2.179694326432013,41.445897925948486],[2.182336012097267,41.44634143830672],[2.187234330599892,41.44684278336774],[2.187664952975183,41.44681146987341]]]}},{"type":"Feature","properties":{"postal_code":"08031"},"geometry":{"type":"Polygon","coordinates":[[[2.158755074886813,41.43948263371652],[2.159635237776001,41.43866600703058],[2.159213665278401,41.43847254577133],[2.159380924789843,41.438287862794596],[2.159659691241757,41.43844292659975],[2.159556896033905,41.43854746379441],[2.159765686237392,41.43858430901861],[2.163235029672876,41.43655788104138],[2.170054110308911,41.434790235680794],[2.170870736994914,41.434810813068566],[2.171343786686407,41.43493507329498],[2.172063777621247,41.43532580174434],[2.174717218324929,41.43055875728078],[2.174382529330273,41.43032386335557],[2.174397697295888,41.42893510776901],[2.174747415760635,41.428184005687285],[2.175606993168174,41.427207016390696],[2.176187688111327,41.42572098023902],[2.175890282310661,41.42554481114411],[2.175675856055875,41.425588195338946],[2.169957684099813,41.427198097813914],[2.164824398826909,41.42781654269925],[2.163694815263511,41.42803395830049],[2.162093772009939,41.429525632302045],[2.161635985612236,41.42973894789412],[2.16182040688625,41.429780935441784],[2.160819597246586,41.43066163342763],[2.160420916092392,41.431184026221786],[2.159466390061823,41.43186950297513],[2.158099783877901,41.4323614672079],[2.157397319830409,41.43249254069815],[2.156434562305208,41.43311128685639],[2.155407091364168,41.43360312788201],[2.152786299647971,41.43415787738411],[2.153284038427614,41.435033332322405],[2.153704534436713,41.43551417284078],[2.153675111317341,41.43601307714175],[2.152233922557457,41.43762960042568],[2.152611423778183,41.43779261243907],[2.153064790008045,41.43780004443647],[2.153774569141035,41.43809733332523],[2.153886907055096,41.43842612906258],[2.153986944941551,41.43845881941894],[2.156581453071567,41.439132389148426],[2.15758198931735,41.43890749928164],[2.157639011731021,41.43907198888115],[2.15791680061983,41.43904588785739],[2.158288102813685,41.4394131808736],[2.158755074886813,41.43948263371652]]]}},{"type":"Feature","properties":{"postal_code":"08231"},"geometry":{"type":"Polygon","coordinates":[[[1.985744913397014,41.53524925394987],[1.985235237915902,41.534037957086014],[1.984722312284873,41.533132900962585],[1.985477172633409,41.532199782394],[1.985274751428619,41.53174940730929],[1.984892831838692,41.53161296666508],[1.985176665071037,41.530475204666914],[1.985063456613204,41.52947175371844],[1.984614416122383,41.528617966146214],[1.984524698855751,41.52791962638963],[1.984839386928172,41.5273387389916],[1.985278366703255,41.52681547205634],[1.985708355056545,41.52508615400279],[1.986206009299906,41.52423623891127],[1.986179427138836,41.523580166391525],[1.981782159618945,41.52513073969186],[1.98138007003422,41.524887111550925],[1.98025516924065,41.52381112038688],[1.978928217763041,41.5235339466343],[1.978481423778646,41.52317632762538],[1.975344163102648,41.51976462983379],[1.974168879590138,41.51975314189394],[1.973751451168539,41.519465161887695],[1.972216516179287,41.51694775623395],[1.971345431046814,41.516211241155816],[1.970928497252316,41.515148932277384],[1.970386007308377,41.514947361831275],[1.969871498870589,41.514330443095446],[1.969952406378468,41.51335455456899],[1.969826808860148,41.51281079658099],[1.969222375412301,41.512269793216376],[1.969144323251896,41.511877038594434],[1.96097474059178,41.51312203485401],[1.960191030891338,41.51149033730917],[1.959337487934704,41.511293151957375],[1.958338199048626,41.51091320637937],[1.958185593989981,41.510640692014306],[1.95137661004253,41.50931427383466],[1.945573321751397,41.50766495317504],[1.940667201630049,41.50694008971334],[1.937174555861077,41.50763065213289],[1.936701059206484,41.50943372268813],[1.951337272796877,41.51005422792025],[1.951138857172509,41.51027887766804],[1.951117847210867,41.510630950557925],[1.951447009871572,41.51149002434511],[1.951302979848606,41.51227052436519],[1.951472702603155,41.512767406990235],[1.951378828669988,41.51341969516278],[1.951475264771659,41.5140547676134],[1.951190242635562,41.514400191815355],[1.951118685379015,41.51471841602205],[1.95135185260591,41.515104510264905],[1.951244237031915,41.515577298253675],[1.951146039158346,41.51930892716524],[1.951208056406642,41.5227899716798],[1.948985364882674,41.52552449076262],[1.944138493896389,41.526849963754785],[1.938777669353954,41.52851136590681],[1.940068726190759,41.52862792613786],[1.94113527717127,41.528158825369474],[1.941863709142865,41.528127455217884],[1.942361214098753,41.528367108355326],[1.945070499104247,41.53089728528147],[1.946598437367982,41.53192079291023],[1.94865329021718,41.53372283913768],[1.94896088173931,41.53414173435351],[1.949705560862924,41.534478722015365],[1.950244181923438,41.53494161206572],[1.950294175235967,41.535281621449656],[1.950123928176708,41.53618930269414],[1.950234946785372,41.53654463922368],[1.951264010425746,41.53621208791748],[1.951774724623817,41.535838906140555],[1.952434898052104,41.535540283557225],[1.953092181958596,41.5356739560882],[1.953276114001426,41.53651233197854],[1.953634536104971,41.53681197079578],[1.955602349868514,41.537159099213056],[1.955868114821612,41.53703058429403],[1.955940304301578,41.536721359603064],[1.956663011188994,41.536456025425196],[1.957388870200191,41.53670375537399],[1.958200423810524,41.53744294773384],[1.958781610682763,41.538147089916265],[1.958771796381313,41.53895780715703],[1.959591517634408,41.53902137483658],[1.960465647871331,41.5393256964237],[1.961239472223838,41.539103126807845],[1.962306361349476,41.53926405329338],[1.963368635154382,41.53920909842111],[1.963886626666465,41.53908762159642],[1.964812464323757,41.53866038067201],[1.966034382180965,41.538499421810855],[1.968133195690427,41.5386786351109],[1.969035633887358,41.53888263102857],[1.969698021446504,41.53892592888849],[1.970229970436776,41.538830833676],[1.970401099730964,41.5385623221934],[1.970457353224276,41.53804671928066],[1.970984266910364,41.53710551760554],[1.97159267176437,41.53660196830617],[1.972854664311285,41.535872002091196],[1.974102026687149,41.53463847398638],[1.976191676104975,41.53423269538257],[1.97704027818628,41.5342048478754],[1.9778068980699,41.5340455230824],[1.97829330808969,41.53382634031334],[1.980361378274949,41.535321087298314],[1.985744201133969,41.535249265641085],[1.985744913397014,41.53524925394987]]]}},{"type":"Feature","properties":{"postal_code":"08017"},"geometry":{"type":"Polygon","coordinates":[[[2.08420874703603,41.4296782508506],[2.0851334623394,41.42923893023243],[2.085473237899578,41.428912274881554],[2.086396654581961,41.428926566008215],[2.087127866357946,41.42877553296444],[2.087584731849859,41.42830716514351],[2.087954905394554,41.42817720861126],[2.088411437238051,41.42852164895493],[2.08891561876078,41.42917973595604],[2.090176661623616,41.428608175426916],[2.090610945139019,41.42894202985076],[2.090731917444032,41.429174992931564],[2.091053598644635,41.42922935335196],[2.09112339502866,41.429364522354774],[2.091388329907488,41.42947648884888],[2.091913952167147,41.42960212683664],[2.092157763769762,41.43020745780791],[2.092483450550787,41.43049234144837],[2.092577809218483,41.43069479143145],[2.093224717646592,41.431219290437866],[2.094057577095498,41.432469099869024],[2.09431871503665,41.432721168147395],[2.095470838308529,41.43299544158634],[2.096105416132048,41.43293813678554],[2.09651627860336,41.43252800186576],[2.098427687787535,41.43176102315266],[2.098567488298954,41.4315763887393],[2.098359744006984,41.43090169755527],[2.09873488360796,41.4301247669444],[2.099220253112208,41.43018173270076],[2.100775353599659,41.429738650218496],[2.101700636375256,41.428646356144384],[2.102455745835982,41.42838400501779],[2.102861742075731,41.42808258464356],[2.103670450231107,41.42842983716724],[2.105048425644327,41.42881030974797],[2.106291114243504,41.42863101101233],[2.108045359705557,41.428727073895345],[2.110749464616106,41.42829912340579],[2.111490525767124,41.42835180838921],[2.111948781610977,41.42862449002814],[2.112545201200078,41.42836721467518],[2.112950922247251,41.42849275643556],[2.113272484737365,41.42837486430852],[2.112398894093701,41.42577246192957],[2.112250859389633,41.42423371111687],[2.112432755367365,41.42379859392992],[2.114691054648461,41.42091221082984],[2.116016334286371,41.42058878944107],[2.116093830665761,41.420371811809616],[2.115624446610923,41.41921339328343],[2.116388989060567,41.41863031064031],[2.116751557038697,41.4186039578064],[2.116535255697499,41.4182577745766],[2.116617511289121,41.41810157762569],[2.11692934761129,41.41794536628561],[2.118149644890195,41.418348435232076],[2.118767992648714,41.418310669102084],[2.119390097774783,41.41797789026742],[2.119622672348441,41.417672683747355],[2.119659657866919,41.41690353586944],[2.121590582339479,41.413090803397836],[2.123773468970398,41.41159369479317],[2.125527578634831,41.41062525894853],[2.125903158903668,41.41017281002712],[2.12610521858096,41.40925795579],[2.126409000574881,41.40895773870864],[2.126731993886381,41.40870824339072],[2.127814311781037,41.408430566017785],[2.128341152622113,41.40796555536605],[2.128112610608468,41.405453274948684],[2.128701552334746,41.40510018402625],[2.130111448284708,41.403666960561736],[2.130623605894698,41.40330581800907],[2.131148015868234,41.402617345613976],[2.131424691396376,41.4025533831321],[2.131897429922446,41.40207934688431],[2.132170752777995,41.4016829976722],[2.132312184659611,41.40164227007466],[2.132739263706071,41.40097533104665],[2.132886552872094,41.40091140183972],[2.132912293267736,41.40075547738337],[2.133530669804543,41.3999079805688],[2.134267019407389,41.39920430333592],[2.13523967127378,41.39791675295578],[2.13491004636154,41.39777729598541],[2.135008196570993,41.397543242026984],[2.135287487327673,41.39758713074144],[2.136416811886363,41.396210235414],[2.135999254861702,41.395947647765695],[2.13646875402975,41.395301455197966],[2.13706260065851,41.395386290045224],[2.137541565191043,41.39477519262101],[2.137434267977085,41.394573594295935],[2.137672718720978,41.39421892506334],[2.137743368561587,41.39284972073801],[2.137836898054388,41.392520141691136],[2.138969779431761,41.39190257814147],[2.139255440985778,41.39131598904163],[2.132442941588465,41.389548965112624],[2.132346077409522,41.390018502951534],[2.130097776790933,41.39244393583897],[2.12942092543534,41.392775189423446],[2.128097102699144,41.39392296717119],[2.127802762687338,41.39402793963768],[2.122800415107065,41.39774729729993],[2.122561324945195,41.39783143427326],[2.122611612336016,41.39791898327445],[2.122205125965763,41.39830988889025],[2.122064571822534,41.39909428837069],[2.121145045607363,41.40017469070938],[2.120282760341127,41.40097227335173],[2.119898950376239,41.40142200272322],[2.119871563321965,41.401624576812765],[2.116867850171161,41.403376733149685],[2.11654608083694,41.4032758642897],[2.115506085037794,41.40228786729119],[2.115614142178913,41.40224194341096],[2.114527383432005,41.401051496429375],[2.113028781952721,41.400083216167445],[2.109610754732557,41.40056613771708],[2.108043248097431,41.400664706111286],[2.107135803374604,41.40138795888714],[2.106148132830072,41.40157567617649],[2.105512813965163,41.401266115139094],[2.104956820700693,41.40050735173287],[2.104952035408076,41.39971687283537],[2.104746005223944,41.399402551686364],[2.10421536384797,41.399088326764854],[2.104237664336722,41.39876387565232],[2.103141614693754,41.39793569267806],[2.102138754599821,41.397685569633325],[2.101303392337684,41.39628507699467],[2.101113530165264,41.39581190409609],[2.101307609258754,41.395487013215075],[2.101216845181227,41.394937559820505],[2.100819951879259,41.394502341010195],[2.100773405668122,41.394152196266816],[2.101106195294676,41.393526412913616],[2.101113235187654,41.39276413225889],[2.101504099434635,41.391783552868674],[2.1003156588406,41.388837432301614],[2.100069240103323,41.38847658112928],[2.099842680195536,41.389147498758064],[2.099559231873059,41.39060113233637],[2.099626244855301,41.39083071126828],[2.099525105299335,41.39118947961077],[2.099543619642304,41.39192113655116],[2.098613785397845,41.39292597335498],[2.097673226738038,41.39326316696156],[2.097562137982266,41.393400638228854],[2.097515384027759,41.39396211555919],[2.09793858160026,41.39444309367383],[2.098116700425351,41.39491106579305],[2.098664092573813,41.395372782228094],[2.098645187925058,41.3957380661588],[2.099011554639503,41.396255797766855],[2.099404786801472,41.39658579499843],[2.099636740842925,41.396984357442136],[2.099731544675024,41.39733681973843],[2.100091207842979,41.397965425164216],[2.100148061184086,41.39855642903592],[2.101132284627226,41.399018938673066],[2.101801277706784,41.39959122135775],[2.101803644722395,41.39992273934291],[2.102219044273454,41.40066008989123],[2.102187351265229,41.40112918706234],[2.102557299080104,41.401103059958245],[2.102920367980573,41.40231802155944],[2.103339934990004,41.402998535853726],[2.103459566405832,41.40349146505906],[2.103292717884585,41.40418563825659],[2.103048394567736,41.4045481783557],[2.101596890584005,41.404987364075566],[2.101465287393069,41.40517058025807],[2.101305005721429,41.406362879843016],[2.101050773674274,41.40666257172029],[2.10097721003018,41.40727036503529],[2.100504769179736,41.407838700595505],[2.10022323011799,41.40836291002023],[2.099808341381845,41.408416363024685],[2.09782428136549,41.409047732966485],[2.09716862073526,41.40910434528928],[2.096857862700176,41.408977424868226],[2.096306554004229,41.40823913542772],[2.095841304132875,41.40794698076854],[2.095130693126976,41.40779765104077],[2.092648482441518,41.408181055411376],[2.092131437915498,41.4082316395785],[2.091122805972702,41.40814575432307],[2.089442745586211,41.408380504356785],[2.088329177149774,41.40858833138634],[2.087128289039299,41.40898072358152],[2.086560284429595,41.40940544370625],[2.086020121031765,41.40963401629676],[2.085026827026411,41.409621448271196],[2.084672942901989,41.40946031943815],[2.082776514624413,41.40795914319989],[2.082290831256842,41.4074841923416],[2.082165938807009,41.40729728264347],[2.082234950982183,41.40717028488069],[2.080615357412796,41.40635865033141],[2.080456763768609,41.40616300911557],[2.080093838759637,41.40596372834335],[2.080122422811542,41.405175358356075],[2.080033504142875,41.40480615607919],[2.079828083699113,41.404498795682855],[2.078646161391248,41.40345273665446],[2.078069182446825,41.403178839132124],[2.077872900014313,41.40298695618304],[2.077373644078421,41.40292222118353],[2.076517057815977,41.403120867933694],[2.075493870345838,41.40321591728076],[2.074985701229139,41.40311566265768],[2.074451367236804,41.402870437320814],[2.073303279222955,41.40371259036374],[2.072576975946674,41.4035407173302],[2.071796353618822,41.403879648426994],[2.070378188402685,41.405460695254874],[2.069244853766975,41.40630079064897],[2.069067225072388,41.40687638283879],[2.069360352798014,41.40706501923523],[2.071014719553659,41.40722009563086],[2.071396828001184,41.407487386733465],[2.071538339023107,41.407747685607205],[2.071147532332759,41.4085645146406],[2.07105357296399,41.409120543877975],[2.071576460385302,41.41017352229022],[2.071870877738831,41.410152255122455],[2.07211078268648,41.41099025329754],[2.073395092809278,41.41059019168398],[2.074595370280122,41.411155418287876],[2.075324268999793,41.411278674870914],[2.075775439085248,41.41117533917054],[2.076267325076969,41.410836708447334],[2.07648740087285,41.41129101806598],[2.076791619037976,41.41135994480561],[2.078142080592556,41.41241715902464],[2.077137027951494,41.41348576855336],[2.077822794286533,41.4142922526853],[2.078078709864542,41.41417407457385],[2.077973108771914,41.4142921132904],[2.078173653990916,41.41507847689019],[2.07929270829186,41.41507725740951],[2.079559645960899,41.41520837856382],[2.079756267437801,41.41549538190634],[2.079695731372908,41.41596142857702],[2.07879036318468,41.41692837334574],[2.078587957268383,41.41762762501486],[2.078268528869501,41.418018947016776],[2.078770764259332,41.41893360340305],[2.07725977731684,41.418730392593545],[2.076601004133011,41.41993844920006],[2.076876603172707,41.42102633209953],[2.07511306141862,41.4221847452298],[2.07759282055224,41.42247401216588],[2.079426251320456,41.42297484641199],[2.079675625229925,41.42319454269398],[2.079782427816781,41.4242320608609],[2.080248142637686,41.424340583850835],[2.080193685090478,41.42445139291743],[2.078863416913123,41.42453959302776],[2.076739024886081,41.425056537729006],[2.075384389577891,41.424942892200704],[2.074767426775338,41.42500192819642],[2.074220627280113,41.42482066174409],[2.072281018953845,41.42510306235641],[2.07239889219511,41.42607946799302],[2.072573736588652,41.42629443743829],[2.072816737902144,41.427418465889446],[2.074576736327288,41.428209757774084],[2.076235509760977,41.428676479835644],[2.075222829969618,41.42949804020236],[2.074224655343585,41.42992986137398],[2.072670839087948,41.43079112141311],[2.072015143384135,41.431842642923584],[2.070984985268865,41.433171661942595],[2.070588311401423,41.43437781558367],[2.070634536554621,41.435006179091886],[2.071369851937106,41.43631002338884],[2.072090307821441,41.43679945063411],[2.072874103856805,41.43717192014799],[2.072249691969716,41.43533223279627],[2.072478241177862,41.43508982503539],[2.07423991144276,41.43551759116389],[2.074455857551754,41.435389832574685],[2.074872114156733,41.434393438606264],[2.074568853769563,41.43344970264167],[2.074813017906422,41.43306691520593],[2.075246712365868,41.432898363368736],[2.076077495280174,41.43291859721546],[2.076434741070443,41.43282682859524],[2.07752896958624,41.43212766685832],[2.079606638235759,41.43188666383844],[2.079878389076384,41.43162103108568],[2.07981884856099,41.430915506645306],[2.080487723829378,41.43064328905655],[2.080851647085808,41.43070238440748],[2.080774669615323,41.43124573590194],[2.081155740245208,41.431754967118025],[2.081491172079893,41.4319254444037],[2.081976779904437,41.43198694723981],[2.082233461704902,41.43183136002921],[2.082323627733217,41.431665970208314],[2.082122241648108,41.43122003057994],[2.082292984233845,41.43077361610949],[2.083303918441061,41.43092956484753],[2.083741483582571,41.430775546054576],[2.083361788915397,41.430193905924],[2.0835437982077,41.429994160202284],[2.08420874703603,41.4296782508506]]]}},{"type":"Feature","properties":{"postal_code":"08027"},"geometry":{"type":"Polygon","coordinates":[[[2.18888247404692,41.42805018836549],[2.190442644912139,41.427703819875376],[2.192383059930251,41.42785309294584],[2.193578482860687,41.42817150241291],[2.193649043668415,41.4280086738612],[2.196065827775726,41.42675792823576],[2.195777197559607,41.42648081024117],[2.194772918335502,41.42473990262437],[2.192667627908691,41.42311223584096],[2.192020721279277,41.422968632996],[2.191855604852265,41.422722547007936],[2.194037500430284,41.42118893672006],[2.192547688924719,41.416721252283935],[2.193493705570063,41.41541355259335],[2.192747938266734,41.41480827288348],[2.191946606350768,41.41525257574574],[2.191717129941594,41.41501117972217],[2.192256546902115,41.41458799114287],[2.19213733906696,41.41445984224788],[2.192310059261843,41.413036525715086],[2.191246890631476,41.41251867269858],[2.190920189415181,41.41222405659494],[2.187626845102784,41.41475234314612],[2.18813443415678,41.41479500968194],[2.188114625689423,41.41485518871599],[2.187584326955118,41.414789769332344],[2.180804748140588,41.41985095955414],[2.180754959873468,41.42045529587517],[2.17649971329115,41.42503408705346],[2.176213846691667,41.42557265505394],[2.177082360662382,41.42564742109158],[2.176962740038391,41.427624540140414],[2.17666702766121,41.42786541635587],[2.176872113557181,41.42798887618568],[2.177236812928584,41.42774489640982],[2.177278036951861,41.42818385909777],[2.17766685793913,41.42824213156911],[2.179907750842005,41.42791347882394],[2.180860292968134,41.42799475955047],[2.181604982883641,41.42787474682211],[2.18252341102658,41.42786169316258],[2.184611941687763,41.42807068391488],[2.184189564296958,41.42866422477414],[2.188234161777132,41.42862620233734],[2.188172804631222,41.428420952764725],[2.18888247404692,41.42805018836549]]]}},{"type":"Feature","properties":{"postal_code":"08199"},"geometry":{"type":"Polygon","coordinates":[[[1.830928839094611,41.62399371583729],[1.830314118301885,41.623445666284454],[1.829535817124224,41.62330737483546],[1.828809036307973,41.62273477738802],[1.826713629430458,41.62167057183939],[1.825471856341096,41.6205330265779],[1.825060382330776,41.61993948032273],[1.823686578872525,41.61857473573542],[1.822965399933253,41.61823596201998],[1.822936580258954,41.61785002695717],[1.823130742090086,41.617076567729384],[1.823057818763289,41.61626029627564],[1.822688417736288,41.61533048361491],[1.822863354759988,41.614620858265994],[1.824790955338301,41.61553013580709],[1.82395310015545,41.613629644392574],[1.823572725600798,41.61207006977787],[1.822969726571614,41.61154621288739],[1.823180563632093,41.610835094663855],[1.823115696432239,41.610126534112226],[1.824196355977051,41.6106212808474],[1.82921844727349,41.61200345789325],[1.830055704407243,41.6121302479126],[1.827991016572128,41.60794058079313],[1.825765799751821,41.603847703208885],[1.824381690062921,41.603464795264074],[1.822926353168668,41.60068095736028],[1.820377907414468,41.60173343125285],[1.818795457644228,41.60287138480652],[1.817512763603133,41.603204376780525],[1.815754330897619,41.604718791938694],[1.811400335157316,41.605369764403065],[1.811169793051477,41.605334429140555],[1.810060043136446,41.60476873219119],[1.80922366104312,41.60481281066268],[1.808688048214833,41.60454718060788],[1.807707478717134,41.60475037612895],[1.805668548364793,41.604754783706255],[1.804969079059731,41.60502721533368],[1.804618648331939,41.60612229910481],[1.804107212877568,41.60650387785165],[1.803669418408901,41.606585243114466],[1.802952487867003,41.60646220956329],[1.801744072431006,41.60682796114145],[1.797338675039782,41.608803944346505],[1.802535903908847,41.61446071598925],[1.802527817204975,41.6145503532162],[1.804184869336268,41.61593625165665],[1.804249427169339,41.6161586522],[1.8041034006514,41.61661492503873],[1.804168052913326,41.61716142236173],[1.804705299809712,41.61809326479232],[1.805160667930465,41.618569382071314],[1.805472583392998,41.62098724266707],[1.805892732263771,41.621473831652],[1.806226387937443,41.62160389340494],[1.80696005306396,41.62162714537641],[1.807287965667058,41.622324683837064],[1.80713539208466,41.62301535597385],[1.806849848341813,41.62353150657373],[1.806625605087618,41.624549301708896],[1.806849158561818,41.62513414882187],[1.806691114403407,41.62542890342115],[1.807012961978614,41.62588359525171],[1.807634290989711,41.62729809573051],[1.807812293802328,41.628722166794546],[1.80866374493587,41.62887553807559],[1.808749566339429,41.629060992670645],[1.808679222268267,41.62924403888127],[1.808461934370769,41.629388181319484],[1.80840287409336,41.629561713602186],[1.808473398028866,41.62970281992915],[1.808719976845452,41.629791517364595],[1.809307533615765,41.62978489026045],[1.809456556674718,41.63001268403809],[1.812564180192737,41.6283967489108],[1.816159468284809,41.6267241960648],[1.819850876816474,41.62714527303592],[1.822640763560401,41.62593853933208],[1.823527872813088,41.6257661743694],[1.824131021129688,41.625326620826854],[1.824768342784807,41.62534484738677],[1.825331777039878,41.625177053678044],[1.825936060300933,41.62539472108949],[1.82678601316394,41.62536794017825],[1.827253326080097,41.625519321259674],[1.827645262318981,41.625304766401825],[1.828541764990462,41.625257996259506],[1.828809393338815,41.62498561229614],[1.830734752806563,41.62425626301609],[1.830930315781416,41.62399501805561],[1.830928839094611,41.62399371583729]]]}},{"type":"Feature","properties":{"postal_code":"08035"},"geometry":{"type":"Polygon","coordinates":[[[2.15791680061983,41.43904588785739],[2.157639011731021,41.43907198888115],[2.15758198931735,41.43890749928164],[2.156581453071567,41.439132389148426],[2.155613820321548,41.438926591888674],[2.153886907055096,41.43842612906258],[2.153774569141035,41.43809733332523],[2.153064790008045,41.43780004443647],[2.152611423778183,41.43779261243907],[2.152233922557457,41.43762960042568],[2.153675111317341,41.43601307714175],[2.153704534436713,41.43551417284078],[2.152960656609025,41.434543789064605],[2.152579240639454,41.433660629634346],[2.153890087057846,41.432193361434486],[2.154334405208601,41.43146100931813],[2.155556377924484,41.43047177395317],[2.155645694093494,41.43004621835826],[2.154868338103313,41.429428938094986],[2.154816009251419,41.429067026621965],[2.155140231036796,41.429101485045464],[2.155146270883677,41.42903382994729],[2.154726592358315,41.42886490219348],[2.154591854130729,41.428560330594735],[2.153621280597633,41.427842408999936],[2.152653321393643,41.42723510671476],[2.152015791095891,41.42669605308038],[2.151276736332306,41.42634616014715],[2.150420049345769,41.426213871672815],[2.150203897291988,41.42572970995815],[2.150106470137473,41.42504182032371],[2.149427337201814,41.424596923009574],[2.149504544898832,41.4244872857596],[2.148815645325783,41.42391820106411],[2.150588679424004,41.423385698091465],[2.151639566912479,41.42471614883118],[2.151839229896552,41.42475394014218],[2.152183093774738,41.425075525115346],[2.15251246058159,41.424953598629656],[2.151879015004511,41.424635297081295],[2.151319161849813,41.42400393883071],[2.151276156269603,41.42378879581628],[2.151154264857439,41.42379320159495],[2.150708549160186,41.42332193795704],[2.150620835583084,41.422069349620756],[2.1503130057406,41.4219702533245],[2.150409342916817,41.42182693826254],[2.14936641622711,41.42060564183686],[2.14889890635942,41.42028786369394],[2.14831177316978,41.42027095643948],[2.147063926059332,41.41989024194106],[2.145256475805695,41.42049438580722],[2.144452089792082,41.420228986878215],[2.142789510427576,41.420205260963996],[2.142292993826572,41.41996339459496],[2.142030120193908,41.41994140167435],[2.141779105021669,41.420069362610946],[2.141177436089777,41.42097472180592],[2.14061313219031,41.421423834242546],[2.138281232392956,41.416648010597214],[2.137463596667658,41.41593932863708],[2.137268995068041,41.41612719161657],[2.136587140783888,41.4161720767799],[2.136025393657007,41.41581023635331],[2.135977126143473,41.41543974804591],[2.136049503581717,41.41516213902145],[2.135398075161049,41.41493005817563],[2.133811933673769,41.41485634614344],[2.133766703170807,41.41463949441709],[2.132392087624737,41.41439388776769],[2.130952607576774,41.413801669811164],[2.12756597029329,41.41135145520548],[2.125741743186893,41.41036724615145],[2.125527578634831,41.41062525894853],[2.123773468970398,41.41159369479317],[2.121590582339479,41.413090803397836],[2.119659657866919,41.41690353586944],[2.119622672348441,41.417672683747355],[2.119390097774783,41.41797789026742],[2.118767992648714,41.418310669102084],[2.118149644890195,41.418348435232076],[2.11692934761129,41.41794536628561],[2.116617511289121,41.41810157762569],[2.116535255697499,41.4182577745766],[2.116751557038697,41.4186039578064],[2.116388989060567,41.41863031064031],[2.115624446610923,41.41921339328343],[2.116093830665761,41.420371811809616],[2.116016334286371,41.42058878944107],[2.114691054648461,41.42091221082984],[2.112432755367365,41.42379859392992],[2.112250859389633,41.42423371111687],[2.112398894093701,41.42577246192957],[2.113272484737365,41.42837486430852],[2.114787272214812,41.42790056995534],[2.115389867448414,41.426929012563846],[2.115610866847987,41.42675638589844],[2.11646939294809,41.426387725013456],[2.11695347732109,41.426252520937055],[2.117696027749446,41.426221981759056],[2.119276516098353,41.42565832537139],[2.120710632589635,41.42576144793247],[2.121565558703537,41.426501057577696],[2.121792778713768,41.42700720591779],[2.122084355108882,41.42726062767582],[2.122259480090918,41.427569746246775],[2.122754499320649,41.42868896242567],[2.123268748753731,41.428906098337734],[2.123563006927213,41.42934512667625],[2.126268770187608,41.43160198884067],[2.126086992920364,41.43171922266396],[2.126171549877142,41.431859662593354],[2.127064874344455,41.432835561911645],[2.127924690971724,41.43356150815703],[2.12799339288074,41.43417095532533],[2.128511182045429,41.435254901892165],[2.128922727102179,41.43580540209763],[2.128646661314349,41.43621604333572],[2.128476683152371,41.436755251653494],[2.129071485760448,41.438222983004266],[2.129126902884252,41.4390017167558],[2.128969251729586,41.439705769905345],[2.129057734227047,41.440240764],[2.12946306676713,41.44065043486967],[2.129551917087269,41.440882206348704],[2.129533606890448,41.44108078564972],[2.129185634009787,41.441736181879264],[2.129326788000867,41.44215234855204],[2.129597247415006,41.44248384765143],[2.129589282119639,41.442863225757264],[2.130109739572788,41.44342681109845],[2.130298098978074,41.44379921316312],[2.131899222271272,41.44417823243947],[2.132490729763333,41.44473018774795],[2.132518486438983,41.445440405750105],[2.133086868763996,41.445668756208136],[2.133303340077077,41.44585660389913],[2.134274281432909,41.447227919832585],[2.134346454725119,41.447599552077634],[2.13581104204593,41.4473921846016],[2.136333906984191,41.447767933943],[2.136916408665343,41.44766431315753],[2.137235303766261,41.447910091577455],[2.140436678909566,41.44758240470418],[2.141174239899215,41.447094473930804],[2.143299236270707,41.4476409847436],[2.144032848337247,41.44739531514165],[2.144681494255565,41.44744727976814],[2.144985950741045,41.44735880986116],[2.145425992615458,41.447539026804634],[2.146258685689759,41.44757455002542],[2.146610085886721,41.44751694125381],[2.14704494316959,41.447177854574306],[2.147426780021874,41.44701270397309],[2.148302679225253,41.446797206625774],[2.149284347694504,41.44731318905241],[2.151116004100288,41.44736266165751],[2.151572838115953,41.447276304258025],[2.151985929107354,41.4473804448516],[2.152443500567074,41.447673559986754],[2.152959891285946,41.44852492118815],[2.153035288647629,41.44881734924127],[2.153299590403776,41.4490934042372],[2.153812803817857,41.44933715018931],[2.154626023871913,41.44952292404366],[2.15547791387462,41.44990921973471],[2.15606707413616,41.449936442213016],[2.156945769331799,41.44961317460832],[2.157371253880228,41.4497137826649],[2.158745755212408,41.4504279621807],[2.158792671944241,41.450526259878984],[2.159897595197833,41.45040464815594],[2.159867285346934,41.450043526287686],[2.160080191747454,41.448729258848175],[2.159993441344227,41.44735173579397],[2.159668894903575,41.44654771760304],[2.160022901335822,41.44486900619967],[2.160137171892984,41.44274055103557],[2.159697369238188,41.44219752059905],[2.159851439292481,41.44213943608611],[2.160258120815627,41.442266101998996],[2.162197033965924,41.44076953568549],[2.161383321982726,41.43988610196203],[2.158288102813685,41.4394131808736],[2.157969538663281,41.43908720810816],[2.15791680061983,41.43904588785739]]]}},{"type":"Feature","properties":{"postal_code":"08033"},"geometry":{"type":"Polygon","coordinates":[[[2.185780892174421,41.46770674906719],[2.185915411866745,41.467697949200954],[2.185900089217739,41.46782763233932],[2.186658128669706,41.46785441594852],[2.187098842337718,41.462136056034126],[2.18729905840479,41.46207708299096],[2.187490977326718,41.46117215367195],[2.187965953366017,41.46006975031872],[2.188779421633001,41.458902846689],[2.190290228711092,41.4572703460496],[2.197120115600853,41.45237581818941],[2.199056636554531,41.450821969558206],[2.19919711965133,41.450894399157164],[2.201151250229998,41.44922148838094],[2.1958125678957,41.44740023083597],[2.194867777925595,41.447625708859334],[2.194511909896733,41.447572537342694],[2.194061742555391,41.44749214064973],[2.193155555984106,41.44704810398679],[2.192616458282885,41.446902439895666],[2.190521700715919,41.446776776726836],[2.187234330599892,41.44684278336774],[2.182336012097267,41.44634143830672],[2.179694326432013,41.445897925948486],[2.179871761772404,41.44660991471579],[2.180370473618439,41.44741596537449],[2.181183726947438,41.448238229011054],[2.182122404225538,41.44898637502115],[2.182262321648807,41.44947415380915],[2.182704110006682,41.449819079786664],[2.183975228873692,41.45030136371696],[2.18305347233985,41.45052543969729],[2.182135526233537,41.45054413390466],[2.180304276321294,41.44975266485358],[2.179708719182031,41.44988599474283],[2.178655201176582,41.45065633512172],[2.178259831326159,41.45073622909365],[2.178056667281339,41.45035516296036],[2.177828876201659,41.45047564693351],[2.177576612770451,41.450458703706204],[2.177336036928523,41.45078883763472],[2.177124299646721,41.45076210258895],[2.17694785715787,41.450564818311705],[2.176917308986617,41.449998116819586],[2.17672335759687,41.45013147368854],[2.176265709694746,41.450165879951385],[2.174650338442348,41.44994885375655],[2.174416412187668,41.44955413141798],[2.173793909561255,41.44902533994747],[2.173261771713385,41.44894501699889],[2.172922283036939,41.44917841535158],[2.171997478700689,41.44894289459887],[2.1699562721642,41.448216308935514],[2.16874423156105,41.44751202555949],[2.166518501227813,41.44588980417109],[2.164998818740457,41.44459386311627],[2.162186628809877,41.44286152513928],[2.162099265968322,41.44261814700985],[2.161854517272161,41.44239038920506],[2.161298333351397,41.44223633803654],[2.160258120815627,41.442266101998996],[2.159851439292481,41.44213943608611],[2.159697369238188,41.44219752059905],[2.160137171892984,41.44274055103557],[2.160022901335822,41.44486900619967],[2.159668894903575,41.44654771760304],[2.159993441344227,41.44735173579397],[2.160080191747454,41.448729258848175],[2.159867285346934,41.450043526287686],[2.159897595197833,41.45040464815594],[2.161753992852482,41.45021437499338],[2.163366176907516,41.44978508181606],[2.163747701695058,41.4498340642906],[2.165297223687901,41.45148652178551],[2.164698691591354,41.452643170445924],[2.164628279171723,41.45457221893275],[2.163449086306287,41.45590014887273],[2.164249384001835,41.4571230110181],[2.164646494939802,41.45807459356763],[2.16649696965942,41.45908881030033],[2.166836304551794,41.45958991973896],[2.167605009963211,41.45988488567889],[2.167921494881057,41.460288048154894],[2.169926195237736,41.4607875945718],[2.170523088769528,41.46103292423004],[2.170939351669745,41.461083312344954],[2.171279924928569,41.46100192100181],[2.171656148212662,41.46152598383708],[2.17267548568509,41.46212780115707],[2.173171593094537,41.46231401927656],[2.17409456461246,41.463211261190736],[2.174643198724652,41.463490921568734],[2.176973701874829,41.46417186933627],[2.180014101069901,41.46479114519519],[2.180045716736402,41.464890721729375],[2.179513309091931,41.465664351828366],[2.179867122169924,41.46602221365424],[2.180110856430872,41.46663163384278],[2.179980922381674,41.46661026325302],[2.179689683232311,41.46625087617696],[2.179221340592392,41.46599700655656],[2.179059705441034,41.465999746790885],[2.178652990643002,41.46647265528878],[2.178552068722979,41.46673168881637],[2.178543038630323,41.46789876241792],[2.179317705647577,41.467558343842484],[2.180595993910003,41.46770288737832],[2.183623880837445,41.468260789903525],[2.184206523712078,41.46816694384938],[2.185105295373091,41.46770759263126],[2.185780892174421,41.46770674906719]]]}},{"type":"Feature","properties":{"postal_code":"08042"},"geometry":{"type":"Polygon","coordinates":[[[2.177336036928523,41.45078883763472],[2.177576612770451,41.450458703706204],[2.177828876201659,41.45047564693351],[2.178056667281339,41.45035516296036],[2.178259831326159,41.45073622909365],[2.178655201176582,41.45065633512172],[2.179708719182031,41.44988599474283],[2.180304276321294,41.44975266485358],[2.182135526233537,41.45054413390466],[2.18305347233985,41.45052543969729],[2.183975228873692,41.45030136371696],[2.182704110006682,41.449819079786664],[2.182262321648807,41.44947415380915],[2.182122404225538,41.44898637502115],[2.181183726947438,41.448238229011054],[2.180370473618439,41.44741596537449],[2.179871761772404,41.44660991471579],[2.179334203710539,41.444936634318196],[2.178120413925967,41.44225425163239],[2.174730138884797,41.43853840942006],[2.174026863648805,41.43761627337227],[2.172714298625976,41.436259479691216],[2.172063777621247,41.43532580174434],[2.171343786686407,41.43493507329498],[2.170870736994914,41.434810813068566],[2.170054110308911,41.434790235680794],[2.169585782058164,41.43487310461006],[2.163235029672876,41.43655788104138],[2.159765686237392,41.43858430901861],[2.159556896033905,41.43854746379441],[2.159659691241757,41.43844292659975],[2.159380924789843,41.438287862794596],[2.159213665278401,41.43847254577133],[2.159635237776001,41.43866600703058],[2.158755074886813,41.43948263371652],[2.161383321982726,41.43988610196203],[2.162197033965924,41.44076953568549],[2.160258120815627,41.442266101998996],[2.161298333351397,41.44223633803654],[2.161854517272161,41.44239038920506],[2.162099265968322,41.44261814700985],[2.162186628809877,41.44286152513928],[2.164998818740457,41.44459386311627],[2.166518501227813,41.44588980417109],[2.16874423156105,41.44751202555949],[2.1699562721642,41.448216308935514],[2.171997478700689,41.44894289459887],[2.172922283036939,41.44917841535158],[2.173261771713385,41.44894501699889],[2.173793909561255,41.44902533994747],[2.174416412187668,41.44955413141798],[2.174650338442348,41.44994885375655],[2.176265709694746,41.450165879951385],[2.17672335759687,41.45013147368854],[2.176917308986617,41.449998116819586],[2.17694785715787,41.450564818311705],[2.177124299646721,41.45076210258895],[2.177336036928523,41.45078883763472]]]}},{"type":"Feature","properties":{"postal_code":"08193"},"geometry":{"type":"Polygon","coordinates":[[[2.10723479984614,41.50755637982303],[2.108251993334818,41.506736949050946],[2.109140788816319,41.50631472994081],[2.109220761029292,41.505619127720536],[2.109616238798367,41.505220960978534],[2.110396647087555,41.504819623227036],[2.113242931216291,41.50427769715799],[2.115358520679194,41.504079545934246],[2.118968616108759,41.503216823597484],[2.120272363278957,41.50266592679105],[2.095072326226841,41.48003177784426],[2.091669556904492,41.48208276180998],[2.091385731766081,41.481960794854785],[2.091047620850986,41.48248173344524],[2.08945970140411,41.484211620769656],[2.08244432664435,41.48881581060118],[2.07864978925636,41.49540425380326],[2.074453679393798,41.49748066789846],[2.074356817013495,41.49900418689367],[2.075013865297649,41.50004708030849],[2.074892070112924,41.50109624379661],[2.075166453269219,41.50199565487554],[2.07499138494444,41.503739327907624],[2.075356906296179,41.505957026395606],[2.075099458273371,41.50680401958982],[2.075753269897461,41.506741326051326],[2.079976615728242,41.50775006771141],[2.080323885338998,41.508304926930805],[2.080540047285353,41.50912479927007],[2.080815502433495,41.50909048473807],[2.081001112611261,41.50938702898816],[2.083251056291203,41.50984693508798],[2.085089357787638,41.51049211232112],[2.085606538111222,41.510608133858284],[2.085814176283179,41.51046863911637],[2.087145106361561,41.51069791317815],[2.088408768050215,41.51110406769857],[2.089014805888553,41.509825184084946],[2.090224960613455,41.50953656106344],[2.092039384210182,41.50947412922767],[2.093627008679505,41.509727274893805],[2.097423012861725,41.51009691693912],[2.099603905695687,41.51014818818834],[2.104759780139716,41.506714314014346],[2.106779223982016,41.50740141044673],[2.10723479984614,41.50755637982303]]]}},{"type":"Feature","properties":{"postal_code":"08870"},"geometry":{"type":"Polygon","coordinates":[[[1.833654365856262,41.260625285328615],[1.834415551136772,41.2359386397564],[1.833444689820567,41.235892261718504],[1.832978951617292,41.23597416657452],[1.832735851378402,41.235782470684455],[1.832619393670086,41.23596326499268],[1.83240805838517,41.23598388464853],[1.831572860698941,41.23581816567577],[1.831141031433447,41.23595836278821],[1.831046328325385,41.23610331461623],[1.830190995717885,41.2360242678057],[1.82997474294001,41.23608018225457],[1.830174968899712,41.236394317243935],[1.829979471575371,41.23633632805905],[1.830061966386609,41.236473713890746],[1.829912666336497,41.23655454225832],[1.829273841014924,41.23641301864586],[1.828830299878405,41.236561113604466],[1.828729645057081,41.236688446814355],[1.827743422421008,41.23646519821028],[1.827293842336928,41.23617570284637],[1.82723077018386,41.23534521131245],[1.826800262921779,41.23493693439201],[1.826841186571471,41.23349127510227],[1.826746326082059,41.233061992716785],[1.826295996862768,41.232824300101356],[1.823872382404488,41.23199920270105],[1.823600528141867,41.23207478892033],[1.823497392090985,41.23220297918414],[1.823501590126284,41.232397242638626],[1.82365951467483,41.232551256035606],[1.824243044281047,41.2327212395935],[1.824390293876945,41.23248142997397],[1.826355496908661,41.23317349156338],[1.826458639254781,41.23329725536399],[1.826435583335467,41.23421177775134],[1.826069904602377,41.234422270371454],[1.825831122008651,41.23417917013256],[1.825976277083498,41.23406606689542],[1.825810764055518,41.23416147327333],[1.825631992322599,41.23397725524609],[1.825776212102483,41.23386601990086],[1.825347767885148,41.23410920107875],[1.825605965942543,41.233990336784586],[1.825785336623994,41.23417572842709],[1.825548509156363,41.234308707580794],[1.825805446364257,41.23419304667175],[1.826042289120323,41.23443830888084],[1.825742182655574,41.234611269194716],[1.825605232095768,41.23447915159153],[1.825665240258616,41.23465929029396],[1.825528268115079,41.23452422561252],[1.825641967602735,41.234673013049076],[1.825564916387748,41.234718269632424],[1.825419681273274,41.23457813187525],[1.825251097060459,41.2346494598047],[1.825237161166058,41.23478977742627],[1.824082180748007,41.23472520880131],[1.824101910974377,41.23451725406801],[1.825041852699314,41.23454197103513],[1.82410298656356,41.2344897707863],[1.824133968208059,41.23415943900687],[1.825094345227853,41.23418136088105],[1.824134425962995,41.2341337687584],[1.824114791064744,41.23399233687684],[1.824047034343153,41.23472320061518],[1.823519257307851,41.23469016491913],[1.823568646275987,41.23388651275235],[1.823485319591839,41.23468775473606],[1.82302522643306,41.23465992611466],[1.823071515438073,41.2338569448421],[1.822991821115636,41.234659392816695],[1.822567744905484,41.23463446271029],[1.822618809310597,41.23380166441524],[1.82253683700543,41.23463162804717],[1.822167924310236,41.234611068645904],[1.822221432173365,41.23377859500613],[1.82213907315969,41.23460970077707],[1.821759311043365,41.23458806488725],[1.821811231603021,41.23375720732923],[1.821728062300224,41.23458668532726],[1.821247837817452,41.23455815073805],[1.821346881953048,41.233454884035666],[1.821508393897261,41.2333641091663],[1.824304911342551,41.23351680595579],[1.824285140646737,41.23370689475735],[1.824750535308965,41.233733167551634],[1.824820448604783,41.23353303871875],[1.824723656371646,41.23333395939471],[1.824432773353806,41.23325981209064],[1.821286164225114,41.23311600869681],[1.820984822991193,41.23337676082883],[1.820829564033147,41.23510486209966],[1.82099711942152,41.23528378761671],[1.820976185002905,41.23538499282313],[1.820244391365577,41.235766961875754],[1.819067070888593,41.23603747614857],[1.818911128445791,41.235928589832554],[1.818674150791423,41.236050920113826],[1.817636944689241,41.235675386609785],[1.817351052009428,41.23588611575161],[1.816697791669753,41.235830522360686],[1.816415493580166,41.236002615728125],[1.816044072675822,41.23603997176724],[1.815540908286266,41.23579333269612],[1.815308617898381,41.23590406621963],[1.815181407895636,41.23609508042358],[1.81378552338316,41.23589718370806],[1.813056781145519,41.23562201004768],[1.813007322030273,41.23553299335293],[1.81319053821278,41.235193963330744],[1.812588692114446,41.234824591081974],[1.810791926706031,41.23418750055271],[1.809693536127781,41.23301769391145],[1.809577473221793,41.233028192596976],[1.809569007004086,41.23311410932865],[1.809990914948742,41.233659636283164],[1.80984631025899,41.23377363434571],[1.80928822067483,41.233994870267054],[1.808890706840657,41.23399981923626],[1.808760090205965,41.2339445298162],[1.808854636831995,41.233625811881666],[1.808704906905916,41.2335919551046],[1.808388213345381,41.234177476709135],[1.807965979846074,41.234188526679134],[1.806648649315719,41.23394085968289],[1.805666335133253,41.23353009703635],[1.805584434773834,41.233325139743386],[1.80594166887289,41.232774424599995],[1.80574927960555,41.23278029897159],[1.805242564692605,41.23340202278513],[1.804032129379266,41.23312507296373],[1.802916961948199,41.232674648416264],[1.802307439236927,41.23222638314104],[1.802724231837828,41.231591926726026],[1.802673130560493,41.23149897190001],[1.802587325344803,41.23149538810168],[1.801946290388969,41.23230747500992],[1.801025601350432,41.23219982076512],[1.799684697790553,41.23171762496838],[1.798290435655076,41.23093860972904],[1.79879552369448,41.230267397122645],[1.798788532364881,41.23016467026332],[1.798005278620678,41.23087941815061],[1.797435328777397,41.23078590664426],[1.796020497348081,41.23024068635857],[1.795120974753161,41.22978044391232],[1.794830128607543,41.22950996471309],[1.794884577161497,41.22940865428592],[1.793441766923991,41.22903404708359],[1.792430177110987,41.22844571509768],[1.792601974601439,41.228483742031074],[1.792709796120164,41.228396140869165],[1.792249719149197,41.22828771230803],[1.792207534650004,41.228089109624705],[1.79200771338526,41.228129070100465],[1.792114088794165,41.22821891417152],[1.792042023420606,41.22822741186553],[1.791691411929094,41.22807656408213],[1.791745996280667,41.227975985703154],[1.791425406857002,41.22792362177768],[1.791197297417341,41.22752689844759],[1.791206210598148,41.227348642925506],[1.791332005067943,41.227244577874956],[1.791208377964267,41.22713489296092],[1.790785585985986,41.22722143292276],[1.790182931397169,41.22703720230504],[1.789352936288992,41.22612944461815],[1.787969403964837,41.2250983053425],[1.787015343783082,41.224704092919524],[1.783835661186799,41.22389922666798],[1.782945387219854,41.223476895142596],[1.781481075091506,41.223271362283526],[1.78035410675659,41.22356990033063],[1.778626027069492,41.22376797061531],[1.776054400390251,41.2235657301743],[1.775613753272069,41.22326711208751],[1.775377856602802,41.2229046457328],[1.775305365849931,41.22295650333996],[1.775439409800924,41.223199588290356],[1.775143602994888,41.22322403366218],[1.775121891562037,41.22302534914053],[1.77491754580808,41.22317503230187],[1.774687324760237,41.22317320577878],[1.773773638742398,41.222816074202456],[1.773521499417654,41.22280562138229],[1.773398449678723,41.22250286911208],[1.773234700221224,41.22237714928599],[1.772691660791509,41.222346493196085],[1.771550179197391,41.222016102061446],[1.77110952668329,41.2214030567057],[1.770656532772762,41.221250564961565],[1.770774746857057,41.22095267172841],[1.770659058968363,41.22085443338534],[1.77013594671655,41.22081616993029],[1.769283250021942,41.22091721685604],[1.769225905651012,41.22099567910726],[1.769300746332362,41.22135704918844],[1.768989653749486,41.221431087674546],[1.767163397772606,41.2211342196685],[1.766562400634257,41.22090599781353],[1.765998950191374,41.22051012704071],[1.76619148155163,41.220373448975465],[1.766215516832631,41.22008394371903],[1.76610209523551,41.21980322124165],[1.765956890697964,41.21980502168441],[1.765918486948578,41.219722255277816],[1.765096573148298,41.219743809329316],[1.765016227716728,41.21989355094661],[1.764466508122837,41.22001612494421],[1.763636117312956,41.22003095656339],[1.763223067690433,41.21993278027355],[1.762832958873958,41.21982022562287],[1.762159614874292,41.219398425596864],[1.762103973819308,41.21921021727769],[1.761431582201737,41.218997779423944],[1.761488027250664,41.21873824227606],[1.761385279706872,41.218607812700384],[1.760744097262261,41.21876447909739],[1.760078483834945,41.21879342197883],[1.759954337822421,41.21896288033264],[1.760108529285162,41.219199436204974],[1.76003499531879,41.21933884461197],[1.759327832313602,41.21956772836796],[1.758733724881495,41.21951663428524],[1.758471067985397,41.21941373655466],[1.758317024910752,41.21917517609347],[1.757544765378611,41.219500912337196],[1.757266613163665,41.21940892158443],[1.757141801652836,41.21917265709243],[1.756838629399226,41.21911137369091],[1.756620459266799,41.219109171251205],[1.756237089969716,41.21936580718625],[1.75658181270046,41.21937370323377],[1.75619689836816,41.224746823307214],[1.756749833038327,41.22644588187194],[1.760204742354972,41.23116474965343],[1.762509357620729,41.233488981831044],[1.765420678021883,41.233831378915],[1.765689378362083,41.23442059043788],[1.770434780640585,41.23963426700777],[1.772878173888614,41.23944274468687],[1.77782136676268,41.23656433407672],[1.7810973874345,41.23405896404995],[1.784600513902603,41.23253642981234],[1.785544730105187,41.23410504711023],[1.78568179397962,41.23482082472128],[1.78568179397962,41.23559751881044],[1.786023562437435,41.23679831608939],[1.786037317568116,41.23762570676092],[1.786563830156638,41.238158832963734],[1.786623655757069,41.23811840933712],[1.78813748455724,41.240162941566496],[1.78837346126619,41.2406236966263],[1.789065795350155,41.24141666214922],[1.791325098274683,41.242319493349896],[1.79145582372729,41.24253516606501],[1.791261204141222,41.24361589485761],[1.791337252612095,41.24374865907333],[1.792416446261996,41.244207998600245],[1.793982435740816,41.24408264120092],[1.798005795730887,41.24621223940329],[1.799353126745416,41.24961388367376],[1.800408202376616,41.250019998624],[1.804874977598104,41.252362692983866],[1.808883879187647,41.25398721573737],[1.809632726669008,41.25491812287305],[1.812569282046695,41.255912142631246],[1.814241279111741,41.256264106703156],[1.81650151463316,41.25600897623326],[1.825376510217779,41.260019302348894],[1.830129808543802,41.26036758549566],[1.833654365856262,41.260625285328615]]]}},{"type":"Feature","properties":{"postal_code":"08872"},"geometry":{"type":"Polygon","coordinates":[[[1.869940959107964,41.27790370439243],[1.880213768250769,41.24571556991759],[1.879555424942907,41.24544049518266],[1.870194575119513,41.242768354875636],[1.86991485988284,41.24271088729756],[1.869082947420054,41.24290697008058],[1.868559261400776,41.242432533634485],[1.867789025343257,41.24073482405288],[1.865963454649716,41.23962029334183],[1.866902313590913,41.238540357751276],[1.867043101557897,41.238430815829474],[1.867152135362744,41.23848250706203],[1.867211924091009,41.23841115934749],[1.867088617145953,41.238345153605906],[1.867110372645584,41.23826063082345],[1.867371810061002,41.23809322292385],[1.867432023269259,41.237938160917395],[1.866683301693001,41.23723751080246],[1.865727243217691,41.236581637032884],[1.86546542808702,41.23655555399557],[1.865386290444917,41.23672194656058],[1.865504606152626,41.23680759889157],[1.865591806216855,41.23675432215424],[1.866643994125013,41.237730617174236],[1.8667401253565,41.23766431105906],[1.867111500395424,41.237954825354905],[1.865710247829668,41.2397118596146],[1.865578604169229,41.23974142662553],[1.864620652620999,41.23920705935831],[1.863846142985096,41.23936715307161],[1.863445011178328,41.23862754792299],[1.862945605954963,41.239545060556054],[1.862520547685108,41.23959130909162],[1.862082231609691,41.23947684607958],[1.86200619662867,41.23925107038059],[1.861878658373371,41.23928331916983],[1.861478055367968,41.23907733035446],[1.860975980956766,41.23764714569921],[1.861089103079621,41.23676168670244],[1.858767253206167,41.23569795329786],[1.855921202001866,41.235593264117824],[1.853242205263541,41.234372861618226],[1.84994805515862,41.23465832622077],[1.848867159991414,41.23455769028516],[1.84774818842817,41.2350748193474],[1.845209940086647,41.234785216964156],[1.842256783223945,41.23517146678972],[1.841031855335871,41.23521464593915],[1.839864974189197,41.23475739463805],[1.836745455338473,41.23543058575291],[1.836253586433884,41.2359243378379],[1.835964800635054,41.23592718868878],[1.835886706206509,41.235803172178635],[1.834415551136772,41.2359386397564],[1.833654365856262,41.260625285328615],[1.834120810926663,41.26065938941929],[1.835966073175712,41.26333903007213],[1.836233215890218,41.26485836182394],[1.834391183106618,41.26721312688426],[1.834803799255894,41.26828364027773],[1.83550819055057,41.26860565063026],[1.83844579543711,41.26814934901324],[1.840512091259995,41.26898058518583],[1.841045310092966,41.26860696903634],[1.84148809489966,41.26862433134778],[1.841576438901541,41.26965600032412],[1.841385937311145,41.27078946985813],[1.84286683383732,41.27177142880839],[1.844795679077322,41.272356303800336],[1.846014300019931,41.272052797898255],[1.848700505723741,41.272227504695536],[1.850661212145212,41.27179353144629],[1.851928349713546,41.270857646563115],[1.853604189581688,41.27044467698022],[1.85482954824505,41.26942950606684],[1.856192104781826,41.26913780016935],[1.857972646420478,41.26917051300876],[1.860028416578132,41.269695733271476],[1.861224781998089,41.26989720299349],[1.859731635806327,41.27131979827004],[1.869940959107964,41.27790370439243]]]}},{"type":"Feature","properties":{"postal_code":"08860"},"geometry":{"type":"Polygon","coordinates":[[[1.942654480320016,41.280268343109526],[1.943303544423031,41.279221911761795],[1.93915219202006,41.276888080220715],[1.937240118236844,41.2747926823364],[1.93976343333577,41.270444123897164],[1.939438055022208,41.269296127614155],[1.942696350955828,41.266300159424816],[1.944141314170281,41.26410214170045],[1.943725846270752,41.26421925321591],[1.943405489771521,41.26400578563846],[1.943097861377169,41.26420762318327],[1.942543645173089,41.26406005972393],[1.942029005434222,41.264099580431264],[1.941617256231382,41.2638430263346],[1.940006313240758,41.26373642609519],[1.938693660983631,41.2632275294269],[1.937829282994983,41.26328863835994],[1.93718440523611,41.263455715308964],[1.936083162008288,41.26323686438974],[1.935647539402396,41.26326193479042],[1.93528117628523,41.26320324413439],[1.934801888896061,41.26294471962308],[1.933506970370388,41.26293987137797],[1.931828859714074,41.26262264901601],[1.929064436374631,41.261707864026675],[1.928730099914162,41.26166800697291],[1.928499567700896,41.261751991960864],[1.928263192592226,41.261541181880034],[1.928278430705006,41.26133160117246],[1.927929938915554,41.26118588132334],[1.928128003804318,41.26101126355894],[1.928880042080266,41.259652898762226],[1.928898176010023,41.259343656984186],[1.929838927124763,41.25876566630245],[1.929856471099242,41.25864347541602],[1.929696566243535,41.25861912177504],[1.928792725104188,41.259172335235064],[1.925639029317722,41.257820949177415],[1.924072484957208,41.256768781054404],[1.923621350844655,41.25655873269932],[1.922879392170216,41.25643684488443],[1.92255905635534,41.25659622723407],[1.922713263106573,41.256751415145686],[1.922958516322467,41.25665246813685],[1.923552186684049,41.25676331137771],[1.92361321917474,41.25715237068533],[1.923853343556971,41.257038241321766],[1.925395738422594,41.25806277687565],[1.928469388251642,41.25933816932104],[1.928515803161758,41.25954328039808],[1.927870201448627,41.26080270627983],[1.927558850760363,41.26070980721181],[1.928062667158372,41.25966215368544],[1.927528091248405,41.2607014084432],[1.927217513977098,41.260611959174526],[1.927711177029209,41.259558531101334],[1.927176020157219,41.26059664731741],[1.926818625978797,41.26049358501092],[1.927350005698202,41.25945294080054],[1.926782757418323,41.26048325269994],[1.926423951304287,41.260380196688686],[1.926922096577471,41.25932746199277],[1.926389852609589,41.26036899203535],[1.926029177704379,41.26026384060373],[1.926527697994857,41.259212805626476],[1.925995659072385,41.26025390399445],[1.925631727722021,41.26014963030116],[1.926164057125504,41.25910708492398],[1.925596705423629,41.260139127118975],[1.925143957927332,41.26000643035246],[1.92567695822504,41.258964929987485],[1.925106291622058,41.25999591368043],[1.92456226923332,41.259839966741026],[1.925102145747417,41.258800407113085],[1.925260820330607,41.258783791238955],[1.924663529298414,41.25860859431117],[1.924808616924111,41.25871228344511],[1.924259087986513,41.259795076181774],[1.924072699895191,41.25973936318104],[1.924011714169239,41.25986201541963],[1.923921769374147,41.259836427908795],[1.923955993973948,41.25970846697214],[1.923895519962286,41.259830252264294],[1.923896210641601,41.259693331382095],[1.922526392978625,41.25931077777017],[1.92269502575482,41.2589709824249],[1.923998280096555,41.25932796021715],[1.92270954530926,41.25894473121434],[1.922878061173549,41.25860047882901],[1.924201694152828,41.25893710586274],[1.923178789069823,41.258655108146684],[1.923313830368954,41.25838296700033],[1.924138538362854,41.25857767831718],[1.923326821075932,41.25835490005858],[1.923517149097165,41.25796484700004],[1.923902889007138,41.2580646357743],[1.923945021345673,41.25797578005819],[1.923162651635039,41.25765396216059],[1.922925686571148,41.257275191996484],[1.922840980326953,41.25731944313776],[1.922932816396326,41.25757728236567],[1.923394926734488,41.257858424826395],[1.923173927334858,41.25831167234577],[1.92269477304535,41.25848103537146],[1.921682831597366,41.25802858375209],[1.921666943274829,41.25810060326023],[1.92217637144239,41.25834028337738],[1.922065584858842,41.25849453419539],[1.921818451160561,41.25873804992102],[1.9215687427033,41.25856914195231],[1.921757237906206,41.25880970700234],[1.921420341075873,41.25902167001402],[1.920718772753162,41.259182636969115],[1.920392216327684,41.259072777586596],[1.919283206554724,41.25819554199063],[1.912841201760045,41.25613582380919],[1.908097386784959,41.26646041411681],[1.896239904747802,41.28157284481091],[1.901401801052259,41.28020836192633],[1.905622347293502,41.282684076808664],[1.90840937599188,41.282446787988874],[1.911221794350297,41.28492899867433],[1.913220745341107,41.28834633521518],[1.914860411778591,41.288869802699196],[1.924499073873164,41.29100577619562],[1.925760090655672,41.29063651366414],[1.926493358281846,41.28911948597545],[1.928874753167293,41.28682835244649],[1.930733524132847,41.28599169426127],[1.931548811728248,41.28509290821114],[1.93560716433916,41.28351454855755],[1.937283702980494,41.28231703110606],[1.942654480320016,41.280268343109526]]]}},{"type":"Feature","properties":{"postal_code":"08916"},"geometry":{"type":"Polygon","coordinates":[[[2.258549335883117,41.47323549412272],[2.252467836921141,41.47992652029268],[2.256581824291743,41.480164518677554],[2.259064025084683,41.47894874678724],[2.260127825938412,41.47656786001869],[2.258549335883117,41.47323549412272]]]}},{"type":"Feature","properties":{"postal_code":"08390"},"geometry":{"type":"Polygon","coordinates":[[[2.276300578009284,41.47522517310324],[2.275875097957396,41.476257777374485],[2.275798000877046,41.48012799091401],[2.277330001378459,41.48203299062999],[2.287303047597561,41.486643024256125],[2.28734325358829,41.486304265829176],[2.291927420014417,41.48247490759087],[2.290380277627719,41.48155595604254],[2.290259640769818,41.481013261952455],[2.285844503720853,41.47761258805048],[2.281067972309074,41.476437177733544],[2.278919715872178,41.474448573442885],[2.277551023261083,41.47587885702359],[2.276300578009284,41.47522517310324]]]}},{"type":"Feature","properties":{"postal_code":"08009"},"geometry":{"type":"Polygon","coordinates":[[[2.172112174637164,41.39272417987695],[2.171816068356861,41.392865796119565],[2.170839856973828,41.391841024943346],[2.170530982119146,41.39175862006425],[2.169789188020616,41.39105651034964],[2.169427031931946,41.39088892168638],[2.169400752842478,41.39077994903539],[2.168845945783744,41.39125656633746],[2.168195414886497,41.39146422159655],[2.168275677580425,41.39162714817434],[2.16762248738786,41.39212002611828],[2.167128814443231,41.39220017909497],[2.167020105293602,41.392284728857135],[2.16717989413678,41.39248028643607],[2.166445571605834,41.39304197420773],[2.166178715775118,41.392889726179874],[2.165956468116519,41.39317984567333],[2.165998952989298,41.39335169982104],[2.165336695831854,41.3938521923248],[2.165097727078432,41.393870215637946],[2.164169129401785,41.39451869877888],[2.164948945937113,41.394908384914004],[2.165507528349735,41.3954172393141],[2.165650445012034,41.39575229163495],[2.16885170414281,41.398138758696746],[2.169386198214454,41.39877712176673],[2.169964783348064,41.39912189036295],[2.171481950431655,41.39948256796612],[2.172016627964979,41.39918705973497],[2.173115327010748,41.398086782379096],[2.17330003067184,41.3980697186426],[2.173936703915729,41.397594445826996],[2.173929619056651,41.3974900777049],[2.174174120439318,41.39729551477615],[2.174435232300141,41.39728301060245],[2.175092294074091,41.39677181256906],[2.174965999581218,41.39664614400431],[2.175392872682892,41.39631167984015],[2.174745282568722,41.39577172238705],[2.174443060898511,41.39460326113158],[2.174665607132056,41.39433054981498],[2.174047896093498,41.3943269840031],[2.172808063741115,41.39341168640016],[2.172679888765856,41.393194152987746],[2.172112174637164,41.39272417987695]]]}},{"type":"Feature","properties":{"postal_code":"08104"},"geometry":{"type":"Polygon","coordinates":[[[2.193302861337997,41.56747785611816],[2.191564217314749,41.56702498721336],[2.191238276924935,41.56744485999229],[2.190377688679405,41.56717716329541],[2.190392532889064,41.56631276732031],[2.187480003799124,41.56602257588116],[2.187156230775429,41.56736796436002],[2.186551725381833,41.57238350679336],[2.19118565759203,41.57350730591742],[2.195811983336341,41.57423176558348],[2.196614971803513,41.574980331577024],[2.197670188628308,41.57319384901689],[2.196480212891515,41.57285109220413],[2.197023484346289,41.57155761259372],[2.195899676229089,41.57114993821904],[2.193625908608794,41.56925542369885],[2.193303313696958,41.56747796673477],[2.193302861337997,41.56747785611816]]]}},{"type":"Feature","properties":{"postal_code":"08170"},"geometry":{"type":"Polygon","coordinates":[[[2.284132274584806,41.544709211760676],[2.283716974858464,41.54402611911007],[2.282666494762907,41.5430482295921],[2.281680019417365,41.53977165403859],[2.281249587698312,41.53787387407999],[2.281393706754159,41.53729107562259],[2.280373704682688,41.5369779325855],[2.280896848410805,41.5359005456736],[2.280975917704438,41.53540172411027],[2.280744186694847,41.53476421989279],[2.280716403039548,41.53442337234071],[2.279842402305007,41.53237496493267],[2.278784108000195,41.531739522860676],[2.277659199112748,41.531314159720694],[2.277045085362374,41.53142342375196],[2.276678474931657,41.53118827172136],[2.276456303715406,41.53066730525194],[2.276019267375261,41.530156243016165],[2.275537205577564,41.52982731507848],[2.273984285946028,41.529295563039796],[2.273274999641501,41.52926518394105],[2.272802456268323,41.529052851307995],[2.272167192262089,41.52757857289282],[2.272524891310695,41.52343886041507],[2.26947074597814,41.52167964799736],[2.267466500678438,41.52340126695486],[2.265098737716585,41.525220538796816],[2.264255628694286,41.52575439524912],[2.263521165869122,41.52644534617576],[2.257030674126327,41.5291389802797],[2.253083841046418,41.5317313462246],[2.252390437668566,41.53233947768473],[2.249067076684241,41.53390398418151],[2.249711886993964,41.53550623072795],[2.232617400872357,41.542074824093845],[2.23083484475228,41.54091543429985],[2.230903937866401,41.54162538610268],[2.233383986581714,41.54277681869519],[2.236793719354637,41.54453792508514],[2.23865087603707,41.54515371157453],[2.241487160603981,41.545636322858],[2.250095105204934,41.54650341230263],[2.253551066728335,41.54617976518398],[2.255390376364744,41.5462633328865],[2.256433740124976,41.545830062907044],[2.25802388989058,41.55050052288078],[2.258473213667855,41.55086815943798],[2.257423580733644,41.55211198657889],[2.259556270805263,41.55254590137224],[2.257298197253988,41.55646719460532],[2.262471560813879,41.56245009369684],[2.263309389017081,41.56332035505034],[2.267195722904262,41.56541219072],[2.269367911200106,41.56426862629604],[2.278669230400624,41.57130166913669],[2.281762648227641,41.573170203142354],[2.281550799429851,41.571311347640574],[2.28117062632333,41.56984013681284],[2.280725114772224,41.56876242344708],[2.28049235313955,41.56750406506052],[2.280582840225861,41.56709312614686],[2.280537676272729,41.565680079871754],[2.280877263874629,41.56470113634833],[2.279368039603355,41.56384341424217],[2.28035053814682,41.562186679571596],[2.277811877915838,41.56131780856998],[2.27960450194621,41.55846242240284],[2.276667060736258,41.558084514688574],[2.277089478596565,41.55713783794084],[2.276365375061971,41.55682905841428],[2.27603266457578,41.55653377501369],[2.275944163192548,41.55611020871913],[2.276530626387284,41.554795843253544],[2.277914773847726,41.55506971739351],[2.278423943010523,41.554222505664086],[2.284560436415006,41.5474848055793],[2.284499144020288,41.54631280279358],[2.28426460532728,41.545495360422535],[2.284132274584806,41.544709211760676]]]}},{"type":"Feature","properties":{"postal_code":"08930"},"geometry":{"type":"Polygon","coordinates":[[[2.21689219102177,41.43326538928625],[2.217713051715975,41.432586536039764],[2.219292871868504,41.43289593699785],[2.220378471389324,41.43163194795602],[2.222153648572032,41.432402782962015],[2.224283661361881,41.42929939794885],[2.226091192554463,41.42993419700554],[2.226248112560313,41.429771910745046],[2.226562830310343,41.42984484306504],[2.228153643775613,41.43041734968091],[2.228342191139177,41.43025718132384],[2.231270186769677,41.430935669445546],[2.233454997949764,41.42916318123582],[2.235962324901379,41.42680385661265],[2.237103957581553,41.425896086335285],[2.235264229760389,41.42340579703989],[2.233090437973317,41.4207675458855],[2.23221915768795,41.41826682265571],[2.230048712278233,41.416711485646545],[2.228787786327246,41.41530038010842],[2.227874008578624,41.41360335131361],[2.228503132913261,41.41310763241131],[2.227040747132776,41.41261723929415],[2.22478173109198,41.41218840117375],[2.222181459206979,41.41243332793573],[2.220742340686456,41.41303720919984],[2.220699860310276,41.413162583686244],[2.221040842760658,41.41353606403811],[2.220934464653794,41.41375171157222],[2.22046342674571,41.414020816607376],[2.21996618978784,41.41446400970625],[2.219069271629564,41.415610260405174],[2.217633862812534,41.41663749212654],[2.216269052574717,41.41823088304881],[2.214030785692216,41.41990140522563],[2.212538394930959,41.42072972309825],[2.211985068156366,41.42084282363737],[2.211263062740159,41.421388276847495],[2.210612929343199,41.423275753273344],[2.210039633122562,41.42376428299525],[2.209057139075696,41.42425932021143],[2.208809098860797,41.424948414937376],[2.208079835016349,41.425185345827],[2.207416633570745,41.424995811007875],[2.207091859601633,41.425017705003086],[2.206526846137024,41.42532102564479],[2.205696029947831,41.425576275724495],[2.206098456778363,41.42640101879198],[2.20670233444514,41.4271338142741],[2.206981436344222,41.42800038211192],[2.206878269716356,41.42910201114887],[2.207277053393284,41.4295617158005],[2.207251063885451,41.429650701019],[2.206380671230988,41.43007604077661],[2.206385954747986,41.4305949693823],[2.206137787728721,41.431108527236745],[2.205857961875438,41.4325992191786],[2.207703678282144,41.43314812128875],[2.210245596756863,41.43348501362243],[2.210152010606805,41.433671229943286],[2.210550928282714,41.433677316554906],[2.214333764591572,41.43486524183743],[2.215793136743855,41.43395710103937],[2.215944777729305,41.43405917319228],[2.216687496330906,41.43343467227231],[2.21689219102177,41.43326538928625]]]}},{"type":"Feature","properties":{"postal_code":"08690"},"geometry":{"type":"Polygon","coordinates":[[[2.032107475779355,41.361309810399405],[2.031807923297038,41.36126190621201],[2.03140719798381,41.36101974216734],[2.030834667985516,41.3604832569967],[2.029964681824595,41.35916384723373],[2.024815475853529,41.35690337608992],[2.024276156019766,41.356873799186474],[2.023921254762115,41.35714340784199],[2.023217185424755,41.35695828329813],[2.022931001364611,41.359215882007334],[2.021951848299125,41.35923059221801],[2.021587321597622,41.359769892266684],[2.019720039448259,41.360192052920866],[2.017650753379542,41.35846501464869],[2.019271743596107,41.35733060712181],[2.016084137073278,41.354572078838316],[2.012590754759515,41.356218768980966],[2.012265600377134,41.356809754866276],[2.007242998265724,41.35707408809867],[1.999178073309452,41.35614843390306],[1.998421470974108,41.3562522939082],[1.998112624897715,41.356436820402905],[1.998225940374823,41.35743911572257],[1.999165799362117,41.36034393582395],[1.998041255599446,41.36359753999443],[1.99803317159359,41.36396646258214],[2.001162341069175,41.36533533235968],[2.003116104724427,41.36946199207728],[1.999903949407724,41.37167279366446],[2.002456344984296,41.37751211868931],[2.002260603044363,41.3779173460087],[2.007518038826447,41.37930012739895],[2.009620853419619,41.37881162105947],[2.015389947687936,41.379693415318854],[2.026760589829337,41.38328378591797],[2.027045324182382,41.38264106023672],[2.026924611781396,41.37999041192796],[2.029626694116644,41.377989765715085],[2.0312730542081,41.37438938386293],[2.035512166952913,41.37094535094718],[2.037622713917131,41.368717224820045],[2.043351901668927,41.36676333256173],[2.048139012705235,41.362537902102474],[2.048287599593039,41.3616844922455],[2.044576421264821,41.361442594400216],[2.0443540468018,41.36195882593904],[2.03229450598667,41.36117170780807],[2.032153681147463,41.361048738108764],[2.032107475779355,41.361309810399405]]]}},{"type":"Feature","properties":{"postal_code":"08233"},"geometry":{"type":"Polygon","coordinates":[[[1.896093692969544,41.62135895764976],[1.897582510724305,41.62297751430083],[1.898020944610892,41.622904759147275],[1.898675177117696,41.62346205283143],[1.900373982972951,41.62434376705119],[1.901452886141783,41.62559414665253],[1.901372109035606,41.62611078918155],[1.901764336654821,41.626535184651004],[1.902279230901797,41.626837269624275],[1.903260000948251,41.62711044229303],[1.903837530277769,41.627445866933215],[1.904274431719614,41.62798537292662],[1.904794902662616,41.628359265167944],[1.90726493922557,41.62896479938598],[1.907452890338618,41.629226860930885],[1.907790844771682,41.62941046562048],[1.90828774538312,41.629317170850754],[1.908415149639438,41.6298879255873],[1.908727483286725,41.63020768313805],[1.909131454253213,41.630154354240005],[1.909649596851409,41.62970899737229],[1.910994391777763,41.6292462629047],[1.911763373281019,41.62925832641059],[1.912191566587524,41.6290509112705],[1.912716844406816,41.62917244565182],[1.913387679297955,41.628999636424055],[1.915679775101523,41.628055077579745],[1.917626048303475,41.62918703085677],[1.920189787928337,41.628815932809005],[1.929921349990309,41.62299588385292],[1.931252022862566,41.62313669969893],[1.934269108032879,41.62493356942866],[1.934865845082697,41.62520502079508],[1.935805585359446,41.62525457703708],[1.936874710199731,41.624956449080855],[1.938222537640002,41.624223135589205],[1.941799267322324,41.62439313893219],[1.942963052103153,41.62893457676927],[1.944369565702857,41.63554530966826],[1.95072963596391,41.63991641321189],[1.955531233279771,41.643364208891114],[1.958501355852889,41.64156117700668],[1.957151107437653,41.646481298672995],[1.958580063619024,41.64570824414011],[1.959525003775866,41.645352269091916],[1.960713456960434,41.64441850301148],[1.961587688820771,41.64423662232224],[1.971543278299634,41.648820000942294],[1.971834830413059,41.647618902390434],[1.971933941098484,41.64610205816342],[1.971793752079975,41.6456849948666],[1.970770060989537,41.644550015370896],[1.970810088914448,41.643044732828116],[1.971010137707651,41.64236985458507],[1.971364562324709,41.64198534494767],[1.973207598751685,41.64129316734579],[1.973342258738228,41.64054906468755],[1.973739351689744,41.63931640892508],[1.974855842023487,41.638853807557155],[1.97544572264195,41.63809894900726],[1.976089756836814,41.63680151957442],[1.976074144606059,41.63582084935268],[1.975850859129821,41.635263207630885],[1.974649554633231,41.63462226260731],[1.97265583859604,41.633979509047094],[1.97004643499497,41.63344447178491],[1.969054495368653,41.63240709121425],[1.967889386785771,41.63145826238889],[1.96656790318616,41.63019204932357],[1.966002062345297,41.62985644122176],[1.963315549972663,41.62925254916581],[1.954717411579281,41.624483709655465],[1.954408709394386,41.62139992896351],[1.953599440062078,41.62117383130726],[1.953504268407244,41.62087180838722],[1.953562233310436,41.62068923432071],[1.954048944603073,41.620308096241615],[1.953735172939844,41.6195023549497],[1.954145937385078,41.61907045733574],[1.953797843995289,41.61859935017986],[1.953943892096959,41.61831391165765],[1.954141402104028,41.615415334649924],[1.955204410655028,41.61441505291236],[1.955456344934362,41.61347683338914],[1.955025239623126,41.61176685165884],[1.956189513635138,41.61114931329013],[1.955953854386848,41.6107364138544],[1.955581358792642,41.61057240719083],[1.954699718317329,41.60955715803641],[1.954345016709169,41.60884320514975],[1.953613271635163,41.608217600761634],[1.953659390668349,41.60756738192913],[1.953079226325201,41.60625996642426],[1.952245442373282,41.6057108008128],[1.951811580639912,41.605684498340906],[1.951325348685884,41.605444446803745],[1.949372210059437,41.60515964320297],[1.948870175218417,41.604713157686035],[1.948345044887901,41.60459176539763],[1.947399976127997,41.60415536397886],[1.947034816303699,41.6034598723752],[1.94640406959212,41.60305492474498],[1.944907275750154,41.601678997987335],[1.943727179965379,41.60099162816107],[1.943572884181265,41.60038606696338],[1.943617132624581,41.60002403498123],[1.944003842003667,41.60006136494002],[1.944355618117299,41.599956157750455],[1.945131723150496,41.59928345586678],[1.945548835910017,41.598464195066526],[1.946120721993736,41.59794433925981],[1.946329156965021,41.597377155731124],[1.946094057994344,41.59712618732368],[1.946402436423284,41.59692381468227],[1.947830253163659,41.597087283551275],[1.948353338435822,41.59671358286556],[1.948603538822226,41.59637866814097],[1.948994905790244,41.59616370768896],[1.949617447986839,41.595209483830615],[1.950372419851305,41.59488880267605],[1.950596010197728,41.59451900684667],[1.950975333444887,41.59430455631019],[1.951635766777201,41.59337571671591],[1.951969355901042,41.59319023424189],[1.953167759184737,41.593021436889785],[1.953614259990104,41.59258798075069],[1.953729341735709,41.591898787099296],[1.954348202107838,41.59183601891709],[1.95493165707029,41.59146869622333],[1.954547424424106,41.5908370753707],[1.954382987884571,41.58994384173491],[1.954013654306664,41.58966268308632],[1.953767572815195,41.58926820266538],[1.954121000983378,41.588559675388694],[1.954468823677246,41.58824754768614],[1.9545562809476,41.58766753982508],[1.953770010877292,41.58742242960142],[1.953167162934221,41.58597193555636],[1.952424549553314,41.58567092527295],[1.951643666422058,41.58518243512128],[1.951450876956415,41.58485764676294],[1.951820117004786,41.58435553098292],[1.95335725623238,41.58375795486569],[1.953927323886887,41.583373160143196],[1.954973435975262,41.58294083804924],[1.957748217706069,41.582064588110256],[1.958598470942661,41.58142462244837],[1.95919286795646,41.580732688562705],[1.960530185019991,41.57972047372084],[1.960812230400109,41.579177072763684],[1.95974497794839,41.57839496925243],[1.958707388734979,41.57799868838873],[1.957412769683572,41.578315783946266],[1.955869541146399,41.57804936788398],[1.955167706624366,41.57780961492176],[1.954509017976761,41.577820047057514],[1.953719300805062,41.577998230633796],[1.952390458952493,41.57896499373942],[1.950965425613902,41.579458661288186],[1.948190505387515,41.58001965658184],[1.948014154629504,41.580378376360954],[1.947693934827214,41.58058127960237],[1.947055417073841,41.58069885157073],[1.942804712967131,41.58093622402748],[1.94112801784371,41.579865099095],[1.940402321609838,41.579626247253486],[1.938980397227567,41.57843607726312],[1.936725185319062,41.5777949191002],[1.932539069622351,41.57573333572486],[1.930532052612136,41.57378489965339],[1.92952263825913,41.57312606801361],[1.929188279315611,41.572357127879116],[1.928457135888095,41.57141623377214],[1.927603501200622,41.57091268807005],[1.926771044647978,41.570687389011766],[1.922427016093934,41.57079294603761],[1.921744787691807,41.5709662912613],[1.921087520872391,41.57130961824424],[1.920427901426478,41.57146395090058],[1.909176166746704,41.57075780682732],[1.900582809149284,41.573961432973704],[1.884656727625895,41.578997446674805],[1.890894331807942,41.58124465191912],[1.889137303843484,41.58338130979956],[1.888596793307329,41.58384550296756],[1.886580955746524,41.584939823214256],[1.886470783399943,41.585385665715876],[1.886487812962173,41.586087216951455],[1.882450780579063,41.58582701340595],[1.881726428831598,41.58639803434181],[1.88067249893669,41.58689308234983],[1.880508824122899,41.587584295878514],[1.878752153189282,41.58941471571654],[1.878158060146347,41.589647059164406],[1.876445670930934,41.589999024135636],[1.874599017430683,41.589843442320955],[1.873952734930754,41.58966727682332],[1.868498523887752,41.588941229853845],[1.867953834202069,41.5893514987726],[1.867925794240023,41.59025303584889],[1.867777562584422,41.59067348689189],[1.867433096160426,41.59087716265094],[1.863856382665915,41.59195629874415],[1.863356725632343,41.59232860458144],[1.863607016850324,41.59278617244388],[1.863460102701595,41.59322455506913],[1.86352841610352,41.59365379068987],[1.863823152716293,41.59406445980693],[1.864019328129473,41.59475843515361],[1.863944416401694,41.59806581698382],[1.863727344341441,41.598687270101436],[1.862886596938893,41.59994738126659],[1.862635554787005,41.60107444223172],[1.861776439631001,41.602569388866186],[1.860874982594339,41.606371053381395],[1.860906456167982,41.6071079920402],[1.861210936035832,41.607806324602166],[1.861679455842193,41.60845268894042],[1.86156802444475,41.609681882313],[1.861273262650911,41.61038764777169],[1.861453618989287,41.61119029989243],[1.861877893949611,41.612045645989724],[1.862282773231414,41.61327994571292],[1.86269834005634,41.613541411906624],[1.86316877901595,41.6135754647359],[1.863243928164763,41.61409448687107],[1.862910064747666,41.61491894755136],[1.862548468936666,41.61537547220024],[1.862881826035448,41.616774858672784],[1.863426298984507,41.61699484633505],[1.863579510186241,41.61727647173177],[1.864033228051028,41.61772536833104],[1.865290992884979,41.61865339493818],[1.866127552144803,41.6181316910247],[1.868512854584537,41.61603165084],[1.868665859841542,41.615674057911406],[1.869973278943633,41.61503329904747],[1.870891679207602,41.614165974879825],[1.87139238844793,41.613487448087255],[1.872012237174999,41.613434077820386],[1.872539987230596,41.61311456218726],[1.872898135940204,41.61261314697913],[1.873490608404836,41.61251595994355],[1.874484570606455,41.612968864821255],[1.876394147871622,41.61299571767819],[1.877154180221225,41.613845687628384],[1.877666200234955,41.61411203174487],[1.879262585000276,41.61396304915536],[1.880476562743183,41.613992437201205],[1.881898167866154,41.61422902095251],[1.883345081710161,41.61495966525632],[1.883971758989503,41.61499599516901],[1.885353442307519,41.61438793115809],[1.887714799398452,41.614359312032605],[1.888118267643904,41.614459177249216],[1.888562639754014,41.61478232524411],[1.889631039740664,41.61479079505909],[1.89002801937761,41.61496293429195],[1.890668383439106,41.61565589520336],[1.89157330916089,41.616040459699434],[1.892259933449168,41.61655134926531],[1.893043448896037,41.61739122612414],[1.893383452884052,41.61918637185357],[1.894597078991978,41.61936866623091],[1.894874938027954,41.62018507168369],[1.895032840093506,41.62115971914568],[1.895547734340482,41.62146186617218],[1.896093692969544,41.62135895764976]]]}},{"type":"Feature","properties":{"postal_code":"08026"},"geometry":{"type":"Polygon","coordinates":[[[2.180500558753749,41.40852408741665],[2.180458880572871,41.40867498556213],[2.180175325231062,41.408851151959084],[2.18008475001119,41.408763322369396],[2.179130906566058,41.40943059684457],[2.178095410974436,41.410378763768904],[2.177254063724035,41.410825387781415],[2.176833826719701,41.41135704359266],[2.179830564728775,41.41380300440511],[2.184421692806893,41.417156536744756],[2.187584326955118,41.414789769332344],[2.188114625689423,41.41485518871599],[2.18813443415678,41.41479500968194],[2.187626845102784,41.41475234314612],[2.190920189415181,41.41222405659494],[2.191246890631476,41.41251867269858],[2.192310059261843,41.413036525715086],[2.192220833025033,41.41262231506778],[2.189704922943804,41.41076072472765],[2.189383951308287,41.4101403373067],[2.188316824761671,41.40973359462964],[2.186841084948128,41.40861087739006],[2.186845604940686,41.40495540576734],[2.186634660860875,41.40451932270855],[2.186372979729242,41.40435621087039],[2.183161685063681,41.40640064057709],[2.182732344222302,41.40699416255052],[2.180624384607654,41.408452844023486],[2.180500558753749,41.40852408741665]]]}},{"type":"Feature","properties":{"postal_code":"08924"},"geometry":{"type":"Polygon","coordinates":[[[2.211318573393442,41.47111995592121],[2.221602052093033,41.46518858528498],[2.221636337846689,41.463836592184975],[2.220346117379393,41.46237326391497],[2.220661078845694,41.461488787877215],[2.220333836237558,41.46129457568412],[2.220280547809011,41.460868077599685],[2.21700930973185,41.46090914604025],[2.215189985729239,41.46034591503195],[2.214220840319513,41.45965675825278],[2.212873842054137,41.4591449226001],[2.212320908283289,41.45915278627206],[2.211827052776243,41.459035172934875],[2.209235969264569,41.45789825989675],[2.208678812277356,41.457269893690636],[2.20788780637713,41.45718009458568],[2.206825061327493,41.45651835723635],[2.206183955325287,41.45604653511947],[2.204890658277236,41.45457729200842],[2.203961696375188,41.45441090034274],[2.199933105928096,41.45140497935631],[2.198327161369377,41.45295411194269],[2.196349787812437,41.4551868506926],[2.195239802275069,41.45671790330857],[2.192639120299134,41.45838852710881],[2.191106385950945,41.46106273585656],[2.192185163214674,41.46126573172813],[2.192562832608644,41.462529674005225],[2.190647550943709,41.462605417605914],[2.190057487762829,41.462325535994694],[2.190140884594143,41.461856492782886],[2.190381134881477,41.46140698464461],[2.18839189477012,41.46078179574323],[2.187832552430336,41.46033843537049],[2.187754347385237,41.460495949828214],[2.187363870746026,41.461610440969025],[2.18729905840479,41.46207708299096],[2.187098842337718,41.462136056034126],[2.186695082711879,41.46743940490461],[2.186989005438249,41.46745140365931],[2.189031237201846,41.470690092573705],[2.190216074212458,41.470386085749226],[2.192844724204633,41.471822895710034],[2.200013186059664,41.47329864631547],[2.205731901206264,41.47041990025815],[2.210343862978903,41.470615611621156],[2.210851461026095,41.47087827031589],[2.211318573393442,41.47111995592121]]]}},{"type":"Feature","properties":{"postal_code":"08950"},"geometry":{"type":"Polygon","coordinates":[[[2.09757504775024,41.39403685281849],[2.097516023445735,41.39379115533751],[2.097602868277761,41.39333831790901],[2.098613785397845,41.39292597335498],[2.099543619642304,41.39192113655116],[2.09961057596729,41.390270040629844],[2.10014525709795,41.38822421427602],[2.100401622337017,41.38801315598232],[2.100968373291778,41.38785280776085],[2.101764518817504,41.387391512208524],[2.101051866350531,41.38720025518762],[2.100636801347321,41.38697939518289],[2.101923642162319,41.38599460786486],[2.10206605880154,41.385751341251364],[2.102286103121173,41.385691064191235],[2.102476394270184,41.38533625916102],[2.102902567699346,41.38507953509247],[2.103232508273607,41.38471670721026],[2.102256799611609,41.383728327999904],[2.102023742102006,41.38362160905001],[2.101321132364376,41.38358221334846],[2.101120755318618,41.38213005016166],[2.101165517274808,41.38175225126537],[2.101505812643154,41.38113280273666],[2.10179260644361,41.38087430340636],[2.102619039337185,41.38040967586585],[2.10141030823911,41.37967956216204],[2.101314123048326,41.379489144208605],[2.101522202787407,41.37835797603975],[2.101882750888251,41.37769718117994],[2.100905879402774,41.3774231217796],[2.100737032587972,41.37748926241949],[2.100015541583957,41.37646696078161],[2.099591152409744,41.37648097221904],[2.100101566234287,41.37562629971393],[2.100207060307582,41.37561747826396],[2.100338781309688,41.375418111156876],[2.100958317072639,41.37421012739543],[2.100925903707491,41.37392210062444],[2.098280550606887,41.37010879528464],[2.09885856736895,41.368839441786804],[2.098622959382055,41.36860025180016],[2.098661990858204,41.368440073550516],[2.097202854328259,41.36825756513451],[2.096477447676079,41.36807186322591],[2.096436133720601,41.36824760963947],[2.094723227395036,41.36801748571838],[2.095126716324899,41.36753320079657],[2.094039856853897,41.36698350458505],[2.09240605939209,41.36792757329886],[2.092170788650947,41.368894635878746],[2.091006161205371,41.36890675334399],[2.090212068831875,41.36932245236926],[2.0870650604042,41.368936384206734],[2.086473857782323,41.36824479835872],[2.086674701576214,41.3678876020312],[2.086547426822278,41.3678092755776],[2.086929109890491,41.366982711383],[2.086837208170607,41.36684713228931],[2.086011395809237,41.36663688428473],[2.084945486045342,41.36591905711879],[2.084527093550491,41.36630379518397],[2.083001526799023,41.366006582737555],[2.081150555653608,41.367869200103485],[2.080348149047836,41.36713525258983],[2.080078041268564,41.367374946196776],[2.079501656776017,41.36856767206041],[2.078785596777834,41.36968111459174],[2.078938023770775,41.369776648673394],[2.078423259925501,41.370682890103296],[2.074944647177688,41.373320188875596],[2.075815585720704,41.374097095204775],[2.07580085122828,41.374169321556906],[2.076412644727782,41.37420603278218],[2.075978613921905,41.37497226415866],[2.076360495740289,41.37570772073468],[2.077991525988125,41.37640399294992],[2.07842148196579,41.37685096230206],[2.079528330667927,41.37737072098196],[2.079745349668144,41.37755424203459],[2.080136731924654,41.378220287136514],[2.08030491234183,41.378703805835926],[2.0798405177257,41.38055846330241],[2.079834712601894,41.3809724284348],[2.080616042696192,41.38137956681351],[2.081389884135831,41.38157212875069],[2.081565751957896,41.38308270830032],[2.082418774207042,41.382929348710434],[2.08282901524683,41.383966329982115],[2.082608461910979,41.384183296821675],[2.083170086730092,41.38492629511239],[2.083269776578902,41.38536521643158],[2.083217908179904,41.38564302330684],[2.083369361207019,41.38656552987527],[2.083308271159751,41.38724727983805],[2.083789740304269,41.38736947342244],[2.083729043260746,41.38757651804184],[2.083865304040557,41.38760984691686],[2.083827160195256,41.38774988125198],[2.08415764665807,41.38808868914168],[2.08475176937867,41.38864854679298],[2.085678492868112,41.389216524423034],[2.086989675632992,41.389709735116185],[2.088076350742995,41.38980306226148],[2.089694514390317,41.390252242147255],[2.092356254937215,41.39325716038962],[2.095804224185599,41.39438136690654],[2.097439117920942,41.39419337982059],[2.09757504775024,41.39403685281849]]]}},{"type":"Feature","properties":{"postal_code":"08020"},"geometry":{"type":"Polygon","coordinates":[[[2.197650427824954,41.4327774845932],[2.199870135398442,41.431714423881544],[2.202132367414833,41.43177658502134],[2.204318684060013,41.43075003408677],[2.205616556858615,41.43215247375764],[2.205898759620027,41.43215955681808],[2.206137787728721,41.431108527236745],[2.206385954747986,41.4305949693823],[2.206380671230988,41.43007604077661],[2.207251063885451,41.429650701019],[2.207277053393284,41.4295617158005],[2.206878269716356,41.42910201114887],[2.206981436344222,41.42800038211192],[2.20670233444514,41.4271338142741],[2.206098456778363,41.42640101879198],[2.205696029947831,41.425576275724495],[2.206526846137024,41.42532102564479],[2.207091859601633,41.425017705003086],[2.207416633570745,41.424995811007875],[2.208079835016349,41.425185345827],[2.208809098860797,41.424948414937376],[2.209057139075696,41.42425932021143],[2.210039633122562,41.42376428299525],[2.210612929343199,41.423275753273344],[2.211263062740159,41.421388276847495],[2.211825256830139,41.42096355672277],[2.210910495223175,41.419610709266806],[2.210607048676366,41.41944261608387],[2.20811171238563,41.41635177931113],[2.208466611844642,41.4161364474391],[2.208240780387712,41.41602353126092],[2.207955716882793,41.41616154841671],[2.203847736983448,41.41106748707483],[2.202287575111484,41.40885496688321],[2.193493705570063,41.41541355259335],[2.192547688924719,41.416721252283935],[2.194037500430284,41.42118893672006],[2.191855604852265,41.422722547007936],[2.192020721279277,41.422968632996],[2.192667627908691,41.42311223584096],[2.194772918335502,41.42473990262437],[2.195777197559607,41.42648081024117],[2.196166963734356,41.4268550172452],[2.196961788155988,41.428728564071946],[2.197077425682664,41.42969574806028],[2.196561219324792,41.43185843142146],[2.19501275673332,41.43344121663881],[2.195205268308484,41.433533725401105],[2.196094228365951,41.43359911510703],[2.197650427824954,41.4327774845932]]]}},{"type":"Feature","properties":{"postal_code":"08032"},"geometry":{"type":"Polygon","coordinates":[[[2.175890282310661,41.42554481114411],[2.176213846691667,41.42557265505394],[2.176437081805886,41.425152077206576],[2.17571967732124,41.42417996133611],[2.175266207669324,41.42374055977899],[2.175208449610238,41.42348152984869],[2.174692005831389,41.422887468282],[2.174376635173587,41.4223173808424],[2.174192500783249,41.42220881828234],[2.174096973896212,41.421814273110215],[2.172988674587657,41.42014434898249],[2.172835099160466,41.42025035566934],[2.172737898635091,41.42144622556282],[2.17253115079194,41.4217324563877],[2.17098881168431,41.42232783905848],[2.170651760170585,41.42237606969985],[2.170106660394026,41.421887451844384],[2.168273911311928,41.41911191288443],[2.167992953212206,41.418479515916886],[2.167510571255832,41.41821592282656],[2.167092660797664,41.417489232841774],[2.165855819590377,41.41800700402001],[2.165867570132264,41.41815485885962],[2.165367771905153,41.418653663335874],[2.16456622505126,41.41913200733626],[2.16297399605304,41.419077648714506],[2.162123740118489,41.41895195317011],[2.161084392730515,41.41860043156464],[2.160198226866669,41.41893703701464],[2.158253774791888,41.41861840991169],[2.157235313259093,41.41866027964818],[2.155313899117118,41.41818409402072],[2.152720269624751,41.41709742970261],[2.151511702203265,41.41790845001492],[2.151754562323163,41.419333335864735],[2.151854644276398,41.419487120833935],[2.151846755423435,41.42006294774683],[2.151365244010776,41.42006439475597],[2.149357165800552,41.42039198090515],[2.149231945997485,41.420227899597876],[2.149140496636619,41.42043001593248],[2.150409342916817,41.42182693826254],[2.1503130057406,41.4219702533245],[2.150620835583084,41.422069349620756],[2.150708549160186,41.42332193795704],[2.151154264857439,41.42379320159495],[2.151276156269603,41.42378879581628],[2.151319161849813,41.42400393883071],[2.151879015004511,41.424635297081295],[2.15251246058159,41.424953598629656],[2.152183093774738,41.425075525115346],[2.151839229896552,41.42475394014218],[2.151639566912479,41.42471614883118],[2.150588679424004,41.423385698091465],[2.148815645325783,41.42391820106411],[2.149504544898832,41.4244872857596],[2.149427337201814,41.424596923009574],[2.150106470137473,41.42504182032371],[2.150203897291988,41.42572970995815],[2.150420049345769,41.426213871672815],[2.151276736332306,41.42634616014715],[2.152015791095891,41.42669605308038],[2.152653321393643,41.42723510671476],[2.153621280597633,41.427842408999936],[2.154591854130729,41.428560330594735],[2.154726592358315,41.42886490219348],[2.155146270883677,41.42903382994729],[2.155140231036796,41.429101485045464],[2.154816009251419,41.429067026621965],[2.154868338103313,41.429428938094986],[2.155645694093494,41.43004621835826],[2.155556377924484,41.43047177395317],[2.154334405208601,41.43146100931813],[2.153890087057846,41.432193361434486],[2.152579240639454,41.433660629634346],[2.152786299647971,41.43415787738411],[2.155407091364168,41.43360312788201],[2.156434562305208,41.43311128685639],[2.157397319830409,41.43249254069815],[2.158099783877901,41.4323614672079],[2.159466390061823,41.43186950297513],[2.160420916092392,41.431184026221786],[2.160819597246586,41.43066163342763],[2.16182040688625,41.429780935441784],[2.161635985612236,41.42973894789412],[2.162093772009939,41.429525632302045],[2.163694815263511,41.42803395830049],[2.164824398826909,41.42781654269925],[2.169957684099813,41.427198097813914],[2.175675856055875,41.425588195338946],[2.175890282310661,41.42554481114411]]]}},{"type":"Feature","properties":{"postal_code":"08041"},"geometry":{"type":"Polygon","coordinates":[[[2.175722574936856,41.42422629081062],[2.176437081805886,41.425152077206576],[2.180754959873468,41.42045529587517],[2.180804748140588,41.41985095955414],[2.184421692806893,41.417156536744756],[2.179830564728775,41.41380300440511],[2.176833826719701,41.41135704359266],[2.176136033750936,41.411677451353285],[2.175605031746784,41.41214148713988],[2.176528561743737,41.412832280685166],[2.176470688571385,41.41378424094995],[2.175891855224904,41.41396124731369],[2.173738952890346,41.41408979101101],[2.171640423566657,41.41348335477301],[2.169762487149058,41.414953514293245],[2.169592498195243,41.41562100820295],[2.169123118637003,41.41584910685077],[2.167612107412822,41.41700260608536],[2.167616754209803,41.41751773775337],[2.167436229698239,41.41759616313237],[2.167092660797664,41.417489232841774],[2.167510571255832,41.41821592282656],[2.167992953212206,41.418479515916886],[2.168273911311928,41.41911191288443],[2.170106660394026,41.421887451844384],[2.170651760170585,41.42237606969985],[2.17098881168431,41.42232783905848],[2.17253115079194,41.4217324563877],[2.172737898635091,41.42144622556282],[2.172835099160466,41.42025035566934],[2.172988674587657,41.42014434898249],[2.174096973896212,41.421814273110215],[2.174192500783249,41.42220881828234],[2.174376635173587,41.4223173808424],[2.174692005831389,41.422887468282],[2.175208449610238,41.42348152984869],[2.175266207669324,41.42374055977899],[2.17571967732124,41.42417996133611],[2.175722574936856,41.42422629081062]]]}},{"type":"Feature","properties":{"postal_code":"08024"},"geometry":{"type":"Polygon","coordinates":[[[2.167092660797664,41.417489232841774],[2.167436229698239,41.41759616313237],[2.167616754209803,41.41751773775337],[2.167612107412822,41.41700260608536],[2.169123118637003,41.41584910685077],[2.169592498195243,41.41562100820295],[2.169762487149058,41.414953514293245],[2.170692030013186,41.41418541412554],[2.170737286596477,41.4139061701336],[2.16822610155333,41.41252390405492],[2.16471845868989,41.411850199427136],[2.163826564144586,41.408716036016244],[2.163092809085867,41.40561383091352],[2.163519731650297,41.40524322569428],[2.163603653685641,41.40499348306275],[2.163826325824289,41.405120086922466],[2.163989128295611,41.405015145932225],[2.162754702667371,41.4042937196794],[2.162584133650853,41.404039788905095],[2.161937148780396,41.40366283177423],[2.161449349307986,41.40362867732159],[2.161932147650475,41.40388073660671],[2.161359180581712,41.40433672076301],[2.159759191333592,41.40601580178782],[2.159559925849862,41.40606384986677],[2.159340939133017,41.40604173014174],[2.156544698678886,41.40430777698231],[2.156269808305012,41.40455628034806],[2.156386739056757,41.40463843791355],[2.156165769334791,41.40465190975783],[2.155591001823268,41.40516837512041],[2.153629881713641,41.4072094449599],[2.15367660778918,41.40786423504636],[2.153987356831067,41.408269838282365],[2.153898397692899,41.408398300141414],[2.152941902147063,41.40812834884417],[2.152672449973579,41.40830399183574],[2.152501487053996,41.40819549672477],[2.150725826935343,41.40799733830647],[2.150228181685236,41.40848742025821],[2.150286839066382,41.40957112940407],[2.150139665912832,41.40968508070188],[2.149063770076907,41.409646435934235],[2.149067472585784,41.40973574221073],[2.150319590576657,41.410456593796766],[2.148613260993216,41.41240417910956],[2.148563148070821,41.4126722427298],[2.149358477911392,41.41310209438615],[2.149658743556131,41.41359442824023],[2.149671998663791,41.414233073697346],[2.149466482891853,41.41493775996963],[2.149655503298845,41.415203252428114],[2.150942381885386,41.41554590761751],[2.151040080635198,41.41583657839533],[2.150215541713862,41.41614754417378],[2.150142918760707,41.41629127472254],[2.150544678294239,41.41653318515836],[2.152747215111901,41.41677148211818],[2.152720269624751,41.41709742970261],[2.155313899117118,41.41818409402072],[2.157235313259093,41.41866027964818],[2.158253774791888,41.41861840991169],[2.160198226866669,41.41893703701464],[2.161084392730515,41.41860043156464],[2.162123740118489,41.41895195317011],[2.16297399605304,41.419077648714506],[2.16456622505126,41.41913200733626],[2.165367771905153,41.418653663335874],[2.165867570132264,41.41815485885962],[2.165855819590377,41.41800700402001],[2.166271202054304,41.417816527610626],[2.167092660797664,41.417489232841774]]]}},{"type":"Feature","properties":{"postal_code":"08019"},"geometry":{"type":"Polygon","coordinates":[[[2.207955716882793,41.41616154841671],[2.208240780387712,41.41602353126092],[2.208466611844642,41.4161364474391],[2.20811171238563,41.41635177931113],[2.210607048676366,41.41944261608387],[2.210910495223175,41.419610709266806],[2.211825256830139,41.42096355672277],[2.211985068156366,41.42084282363737],[2.212538394930959,41.42072972309825],[2.213557511170166,41.42019697640933],[2.216269052574717,41.41823088304881],[2.217633862812534,41.41663749212654],[2.219069271629564,41.415610260405174],[2.21996618978784,41.41446400970625],[2.22046342674571,41.414020816607376],[2.220934464653794,41.41375171157222],[2.221040842760658,41.41353606403811],[2.220680634603582,41.41308136861028],[2.222439881195555,41.412326636864805],[2.222525634250587,41.41217029692166],[2.222896028129185,41.41199723588369],[2.22619216933316,41.410658159746276],[2.22580401474346,41.409756316900484],[2.224132648103193,41.40843962398941],[2.223959394610347,41.408389026332486],[2.223554979378775,41.40863426875649],[2.222888154564657,41.40828960178368],[2.223035446428696,41.408158288174434],[2.222800331270264,41.40784496167561],[2.222520061151897,41.40822684529263],[2.222278480767272,41.4083458849546],[2.221894740949551,41.40818327673679],[2.219726667951363,41.40679646188721],[2.219172179252666,41.40634535115703],[2.219083301952821,41.40636584220982],[2.217185902407437,41.40490396634493],[2.216059866669525,41.404838499297284],[2.213724087196852,41.4032796468382],[2.211674125760283,41.40171238122139],[2.202287575111484,41.40885496688321],[2.20300214133573,41.4099599845656],[2.20640767967069,41.4142737707179],[2.207955716882793,41.41616154841671]]]}},{"type":"Feature","properties":{"postal_code":"08040"},"geometry":{"type":"Polygon","coordinates":[[[2.146773674365591,41.3493288667338],[2.149278935574387,41.34682666681721],[2.141061651074324,41.33388576791384],[2.145993064628215,41.33209431570009],[2.145564465727489,41.33139920630828],[2.14580670891246,41.33131659368581],[2.145622438724558,41.33101782900957],[2.148157024127329,41.33013285744539],[2.155365507612089,41.34184272925853],[2.158868752790681,41.343429022731186],[2.160340901611335,41.34285716272785],[2.166251471827934,41.3418923241714],[2.165425352797797,41.34001100630286],[2.164605957099241,41.34014478585317],[2.158820008636496,41.32699003266384],[2.158143860550695,41.32700742105561],[2.158486254037371,41.3277860738682],[2.154281960344179,41.327811156859354],[2.154095234107729,41.32714684385172],[2.153468192602986,41.32715056704501],[2.152558499575093,41.32437039477787],[2.152059536818172,41.32315223968408],[2.152573665742068,41.32297203623045],[2.152170316207105,41.322304689809584],[2.151606231742164,41.32250241205662],[2.150669705642372,41.320952807326194],[2.149759863327006,41.32100565418756],[2.148831323206991,41.32033225532928],[2.146838776288462,41.320053076987904],[2.139247729299257,41.32116689183857],[2.130979583640851,41.32081659510976],[2.118812768994076,41.32283693377747],[2.11250264438155,41.32568401830275],[2.107970209657424,41.33109903868967],[2.104506554433954,41.3339991553367],[2.100639618023934,41.336127704929595],[2.102250623967109,41.33696203387075],[2.12603335555491,41.34493415778513],[2.126904606162611,41.34536518485538],[2.126550723836829,41.34589195644861],[2.127910370167456,41.346679115049085],[2.128334183775564,41.34614439974422],[2.128506234874806,41.346221934794414],[2.128570434777714,41.34614105426624],[2.129485363658603,41.346516738856394],[2.129587353073873,41.34638934629129],[2.129967009070185,41.34651362990007],[2.13005031327134,41.34641500394923],[2.131661907371097,41.34739005340822],[2.132217100238961,41.34783841221292],[2.132462823800267,41.347868260711664],[2.132769512403058,41.34771872773706],[2.133088227639576,41.34787065740488],[2.133347537258999,41.34860939290911],[2.134494577562691,41.349102082894774],[2.134866524570441,41.34860993609965],[2.135252070226841,41.34877944481548],[2.135672639081008,41.348486264029816],[2.137026517160052,41.34896909834521],[2.137269008557894,41.34884273460449],[2.14525887429761,41.35110051857407],[2.146773674365591,41.3493288667338]]]}},{"type":"Feature","properties":{"postal_code":"08330"},"geometry":{"type":"Polygon","coordinates":[[[2.351688763026004,41.49625175331573],[2.352122159809824,41.49655051709266],[2.355965105005566,41.49770463865815],[2.358098093652075,41.49743342471277],[2.360487568946155,41.498815650322],[2.362050537602215,41.49657349027433],[2.366323954986512,41.49554653194684],[2.371958852419084,41.49635458359711],[2.372881504677707,41.49678682025552],[2.373685888892624,41.49696574667183],[2.37595782639255,41.49417532483136],[2.369083136177778,41.49155470488569],[2.369058739369336,41.49053743765262],[2.365629746715456,41.489465649919794],[2.368407411672706,41.4906241592775],[2.368423002319673,41.49138867115022],[2.366728247010997,41.49088281688847],[2.36669584263899,41.49034415176118],[2.365215162849495,41.49053721192274],[2.362569549844864,41.48952717433963],[2.361662569172211,41.48884090888083],[2.360921928903906,41.48900217620945],[2.354311202300153,41.487105299170196],[2.35088025631876,41.486005020914945],[2.35038683878156,41.48495617668618],[2.350431214928619,41.48549426624737],[2.349348421292575,41.48572481195049],[2.346600871033388,41.484924513355566],[2.345180001555832,41.48699947324707],[2.343992873072636,41.48814353589546],[2.348759073972076,41.4933764111924],[2.349125539611975,41.494484649347044],[2.349631123177801,41.49483319509585],[2.351688763026004,41.49625175331573]]]}},{"type":"Feature","properties":{"postal_code":"08792"},"geometry":{"type":"Polygon","coordinates":[[[1.738668991180987,41.394777211599035],[1.739863626305294,41.395403111864084],[1.740007827199463,41.39557725928307],[1.740137148810334,41.395382835749274],[1.740130427277393,41.39479788071759],[1.740847297564699,41.39446212332831],[1.74156795669586,41.394342315645304],[1.742761131321117,41.39381586421075],[1.742139926416485,41.39316623083687],[1.739649992353236,41.39099114312671],[1.739004014723491,41.39065764933105],[1.738018179695246,41.38976197673384],[1.736954723281826,41.38911253131823],[1.736215371741991,41.388152680401845],[1.734746200576694,41.38669164630244],[1.733149503746574,41.385613993191214],[1.732374950043891,41.38482659537107],[1.729267929071682,41.38616113982471],[1.729136232351209,41.383195328601516],[1.728896071096813,41.38301616116689],[1.727283003008154,41.38253336642168],[1.725618571939549,41.38183658878751],[1.725092762620875,41.381344999572036],[1.723382449040798,41.38034394082018],[1.720943612657607,41.38001208199199],[1.715961980061309,41.381873503259555],[1.709608265309214,41.38493452930504],[1.707497512400266,41.38434583669101],[1.704939565308678,41.386503577378164],[1.70227067695015,41.38795447611818],[1.701005189637783,41.3896360122921],[1.700852378634352,41.39165911007984],[1.701300243711273,41.39239710184478],[1.701219922561393,41.39294060262671],[1.702000184261067,41.3933138662419],[1.702962946282923,41.39340046555901],[1.704120118348783,41.39369516979622],[1.705026516260716,41.3943243301037],[1.706195464948735,41.39428541194218],[1.707309539703488,41.3946448916484],[1.707823005827038,41.39496598469242],[1.711526748560573,41.3942648048768],[1.712447281117136,41.394263029615104],[1.713331856080288,41.393929593376015],[1.713781403788744,41.393532957280115],[1.713936410936583,41.39352660986515],[1.714410201669466,41.39379525714537],[1.715053940886662,41.394264017970045],[1.715414869400718,41.39429420191584],[1.715680601078873,41.39416623288531],[1.716078343340882,41.39338456644458],[1.716344019261044,41.39325663428622],[1.716676557976768,41.393224953868526],[1.717421311744147,41.393437462768645],[1.717798235600071,41.39335892767235],[1.718169303070852,41.39319960827527],[1.718724793614342,41.392780632120434],[1.71963188310491,41.392428210293644],[1.722234328651325,41.392537257588344],[1.722971153096239,41.39329926394987],[1.723187657684264,41.39331738978569],[1.723469401791476,41.39308070261234],[1.724168407046363,41.39282682669665],[1.725290942622905,41.392807622573685],[1.725840331266284,41.3924698893739],[1.7261800681556,41.39187964273128],[1.726805618584422,41.39209701606444],[1.727246572371428,41.39273610578664],[1.72778743094517,41.39293894517618],[1.728741009989619,41.39355691072285],[1.72915300740533,41.39346793090027],[1.729321580826308,41.39315483642656],[1.729339292074656,41.392739928804644],[1.729417498019131,41.392664680730434],[1.729873105359502,41.39268192523065],[1.730501146910399,41.39243996892941],[1.730777317918864,41.39245560364316],[1.731615787338683,41.39297025417386],[1.731912163415586,41.39326417420227],[1.73215520699722,41.39331716315655],[1.732369080168894,41.39329938266036],[1.732641676372282,41.392936981056835],[1.733244722166205,41.39251593915924],[1.733607092293482,41.392401960881784],[1.734565491704075,41.392920677247446],[1.735888844094859,41.393361267708315],[1.73622879232488,41.39376143274393],[1.736257734307003,41.393994331073486],[1.735914138426722,41.39453071911737],[1.735888996080291,41.39517104001146],[1.735652155122864,41.395531956834304],[1.735727261104216,41.39590700200654],[1.7360132176359,41.39605726702922],[1.736445653044427,41.39608445713196],[1.737222044961413,41.3959083509896],[1.737977284823842,41.39494979689556],[1.738329976447233,41.39480342683663],[1.738668991180987,41.394777211599035]]]}},{"type":"Feature","properties":{"postal_code":"08902"},"geometry":{"type":"Polygon","coordinates":[[[2.132049882995716,41.363361075852936],[2.131096723934661,41.362920146347676],[2.131445766109209,41.362441683636746],[2.132252790733673,41.363063491087246],[2.132633257019165,41.362578397674895],[2.12339773311885,41.35558621193411],[2.117844102023696,41.351633909177565],[2.116584911764278,41.3510404240763],[2.115778546342824,41.351148206924165],[2.115393480924411,41.351003668784244],[2.115425778277029,41.35132649032522],[2.116650558676326,41.35122427428081],[2.117437347655482,41.35154948082385],[2.11845492875193,41.352472646595345],[2.118234628125549,41.352650985754394],[2.117327197791951,41.351706837900224],[2.116645313830134,41.35136589591934],[2.115448283811247,41.3515514449432],[2.115549053745838,41.35693877430498],[2.115695716084417,41.35921938306802],[2.116190040138235,41.36281583398352],[2.116415168325375,41.363160367856665],[2.116642506146718,41.36538125444133],[2.116839497244996,41.36598721313936],[2.117306544861151,41.36657076792659],[2.117948682385759,41.36713636055458],[2.118334863862856,41.36735554961888],[2.119628480170206,41.36783226944368],[2.12022520912609,41.36792601027713],[2.125600167413779,41.36805378235613],[2.129330238699538,41.369046370393676],[2.130308642629757,41.369420502754],[2.130929460825939,41.368528502988],[2.131008768439926,41.368529101037154],[2.131698899184812,41.366729841808706],[2.132313506662967,41.36583821706006],[2.132375781117389,41.365512798276995],[2.132486413916865,41.36553736235936],[2.132544645019323,41.365356826156585],[2.13097703406288,41.36494584227677],[2.132049882995716,41.363361075852936]]]}},{"type":"Feature","properties":{"postal_code":"08756"},"geometry":{"type":"Polygon","coordinates":[[[1.944956636839322,41.417567806608986],[1.944638535839772,41.41731136582683],[1.94587181842968,41.416700033679604],[1.947223039911364,41.41669578887951],[1.949001890824604,41.41743837078417],[1.950337087286755,41.417380790790844],[1.951097734772645,41.41747400012497],[1.952500850733657,41.41783661666648],[1.952497989090887,41.417485574399734],[1.952719707048857,41.41741299911058],[1.953365898717266,41.41757415582259],[1.954600589645509,41.41729578687102],[1.955252892207227,41.4175376910116],[1.954520373716264,41.41671402173472],[1.955397513984053,41.41645107795483],[1.957041901862283,41.41668614814722],[1.957816588664627,41.417120840854125],[1.958378153229205,41.41679946902025],[1.959102735203032,41.417047244834464],[1.959645994966706,41.41711380096115],[1.959888284017097,41.41731037657257],[1.960171905009418,41.417892362942155],[1.960646949397187,41.41769173228761],[1.961643130226264,41.418206873848135],[1.96385258462908,41.41863347985117],[1.962897506414777,41.41709025491133],[1.965486462130514,41.417788520024146],[1.96566034335018,41.417402869147054],[1.967024149944564,41.41740684325117],[1.966634167033192,41.41668545656853],[1.966326119554765,41.416410684905145],[1.968187850189111,41.41635709700239],[1.968235168018566,41.41697629102299],[1.969014144587106,41.4169965644399],[1.970007074367004,41.417781846155265],[1.969814918923362,41.4169888923235],[1.971247916658001,41.41711585231474],[1.972689599145667,41.41751257564482],[1.973222845857663,41.41775954116986],[1.973398635438684,41.41614934911314],[1.972859762567964,41.41551545387506],[1.973140834881633,41.415125110335566],[1.973760232149004,41.415404383105795],[1.975234241666897,41.415754612385456],[1.975860314601846,41.41580851864819],[1.975619355648746,41.41437843831426],[1.976522271385704,41.41445632679802],[1.978206466854942,41.41442824186987],[1.977287537789607,41.41336070972892],[1.977810667128551,41.41332001810434],[1.979214701297394,41.41353818463949],[1.982851306042903,41.41464076965576],[1.983703341735804,41.41358640089169],[1.981564840245198,41.41267990765158],[1.983134151819627,41.41115321404959],[1.984610810740321,41.41107105378609],[1.986349286590269,41.41175178211904],[1.987553591225264,41.41139333213653],[1.987834132938872,41.41084093705956],[1.988347642229883,41.40864878921025],[1.988983507882551,41.40779683265765],[1.98691535316101,41.40576836681663],[1.986224475978759,41.404787691198976],[1.98571008265418,41.402777537353415],[1.985148633202868,41.40173356834947],[1.984780905814148,41.40130343880264],[1.983903538917161,41.40062717830159],[1.982481734144699,41.39988168079492],[1.982032647788458,41.39986963527542],[1.981281410808435,41.40002411721923],[1.981079442861983,41.39994179417846],[1.980009512229174,41.39995645132916],[1.97946554379979,41.39985500780233],[1.978511938675013,41.40089722942355],[1.977525243894888,41.40068207921456],[1.977334147852616,41.400850970096144],[1.975591787830751,41.40086703738382],[1.975461889754399,41.40053330256984],[1.974049595312579,41.400750103934115],[1.97341172327242,41.401237528389174],[1.973298789107844,41.40188305905593],[1.972637156979204,41.40266849995129],[1.972544879342706,41.40308912366413],[1.972373461366146,41.40321229481151],[1.971380129589306,41.40353887012276],[1.969163328624688,41.40405664939482],[1.967468104769182,41.40482130605841],[1.966567059622093,41.40473006084363],[1.966467239371582,41.405983534112806],[1.966627051597129,41.40647234442315],[1.966529339357521,41.40663348764531],[1.96614656990829,41.40663578541313],[1.965434553262014,41.406028727743546],[1.965043464184532,41.40621907015395],[1.964171559769682,41.40612160163056],[1.963890616059075,41.40631334968134],[1.963685486096267,41.40672999839069],[1.963740273694668,41.40702941507544],[1.963558555782697,41.407222068743465],[1.963181399901657,41.40721867560137],[1.963886275031541,41.40783778328705],[1.963901616566318,41.40812190789973],[1.963600302312102,41.408343392033885],[1.963497060141208,41.40859652061289],[1.962128131907775,41.40853936689825],[1.961487948609943,41.40884744585293],[1.959979611070196,41.40881889777387],[1.955066494223331,41.406936123902994],[1.953494857002056,41.40590550623409],[1.953182782359534,41.405558944389725],[1.952179200109981,41.40377123335571],[1.949949583806244,41.40292892383076],[1.949175040895398,41.402951752221554],[1.949189348209813,41.403295624193674],[1.948377050860188,41.40319854417743],[1.948134779796248,41.40345042899406],[1.945651471937879,41.40384869556084],[1.94580937939935,41.40499267727023],[1.944895474846248,41.40695051395505],[1.944475050782955,41.40676067696364],[1.941398178683016,41.40715756576901],[1.938289820418845,41.405212885266394],[1.938197726244084,41.40620856067653],[1.938325805891225,41.40663519995451],[1.938524308749834,41.40688777095386],[1.939203456074608,41.40732671565536],[1.939591707791067,41.40771514363894],[1.941191261767301,41.41050932284696],[1.939871937439932,41.41266391500767],[1.940056248996655,41.41367334195115],[1.939824045843011,41.414394616218544],[1.939044439749068,41.41468025169223],[1.937847176805747,41.4145067382953],[1.936636523856464,41.415108177900095],[1.935203050380437,41.41638514325973],[1.935368939325087,41.41715229014608],[1.937393269184042,41.418766807042516],[1.938016279028034,41.41893808832208],[1.939552541416617,41.419007008766414],[1.941073752751493,41.41887848935079],[1.943157312859682,41.41812247787004],[1.943685248175655,41.41782964242401],[1.944597154435144,41.41761366663741],[1.944956636839322,41.417567806608986]]]}},{"type":"Feature","properties":{"postal_code":"08292"},"geometry":{"type":"Polygon","coordinates":[[[1.872437435739073,41.589465582270805],[1.873952734930754,41.58966727682332],[1.874599017430683,41.589843442320955],[1.876445670930934,41.589999024135636],[1.878158060146347,41.589647059164406],[1.878752153189282,41.58941471571654],[1.880508824122899,41.587584295878514],[1.88067249893669,41.58689308234983],[1.881726428831598,41.58639803434181],[1.882450780579063,41.58582701340595],[1.886487812962173,41.586087216951455],[1.886470783399943,41.585385665715876],[1.886580955746524,41.584939823214256],[1.888596793307329,41.58384550296756],[1.889137303843484,41.58338130979956],[1.890894331807942,41.58124465191912],[1.883877874264499,41.578681779240696],[1.882723775182058,41.57626340872929],[1.883086543708998,41.57567121865179],[1.881565220858249,41.572989972709024],[1.881593205062359,41.5714497847797],[1.879932761587668,41.56979012011794],[1.878386754145367,41.56900057831399],[1.879801221349283,41.56740140025437],[1.879487918232826,41.56658756776204],[1.880989315704369,41.5618588029414],[1.878941284212885,41.55997364226977],[1.879334198014817,41.557087144955744],[1.875706858984358,41.555080608183516],[1.874635318565083,41.55214378210985],[1.874660765781698,41.54819241015156],[1.874166128763818,41.54687134113948],[1.872739177171297,41.54558989805531],[1.872990207631972,41.54398675308619],[1.874507319856889,41.54344395377541],[1.877692028764102,41.542605137217265],[1.882320434640349,41.54200305639591],[1.884590405322911,41.54032232871248],[1.886374573927412,41.53808548635607],[1.893389232826848,41.5329160834105],[1.894239529230902,41.53290795533786],[1.894878026299864,41.53358971159588],[1.897727547987927,41.534666620967755],[1.906497454194152,41.534013217635845],[1.909345070218819,41.53443157235915],[1.910513062927521,41.534193046971495],[1.911513975089861,41.53268995068066],[1.911479665054514,41.53208931237185],[1.911799167197785,41.53029184009631],[1.90687062697782,41.52961092560372],[1.902644415907048,41.528387648870876],[1.900450308434984,41.52677923207585],[1.897456760321234,41.52696337006347],[1.896944869809886,41.52557845368267],[1.890682366997623,41.52388462017905],[1.884736555947313,41.524785093357366],[1.883047664218338,41.52352619627692],[1.876761946306772,41.52262319780232],[1.874123607918136,41.52481457942929],[1.87270016458092,41.52420824121731],[1.870681360156652,41.52444592394022],[1.870613327343165,41.52370322782167],[1.867722212909769,41.521898630217606],[1.866124030399646,41.519923765769136],[1.867238803028329,41.51977517978071],[1.86462894706824,41.518833603987616],[1.863449895396343,41.517651267991596],[1.864228612060799,41.51732842126961],[1.861593968087163,41.51670296616891],[1.860614528137944,41.515149161604484],[1.859648563630287,41.51520976511853],[1.858744826812313,41.51753550995579],[1.857395036152013,41.51774463200911],[1.856832512910159,41.51599588590142],[1.855421621410699,41.51586427101927],[1.854922646063244,41.51623710026195],[1.854079347284028,41.51985677437062],[1.853891818852333,41.520071799573884],[1.853503641779639,41.52000716619773],[1.853222379709052,41.52009110801822],[1.852877899795203,41.52060990442351],[1.852448789180244,41.520799119983394],[1.851205987266496,41.520680624411284],[1.85067343842843,41.520928215864444],[1.85051124120082,41.52132224482574],[1.850297777220646,41.52151132908455],[1.85000438419496,41.5214336771225],[1.849321930063013,41.520958362038755],[1.848667539275482,41.52149924489419],[1.847646634284729,41.521785463128595],[1.846769639707077,41.52191256341405],[1.846575367259391,41.52203782188792],[1.846258866153732,41.522771488813135],[1.845579588427256,41.52314287914055],[1.841933791711085,41.52356692927037],[1.841315666984428,41.52524015211128],[1.840210572859633,41.52488161759254],[1.839964484173606,41.524955049935556],[1.839886507556287,41.52535447123182],[1.840063186566795,41.525635129857335],[1.839916792226177,41.52592044067575],[1.838869347342495,41.52633375200105],[1.838079543835875,41.52778964287768],[1.838163363348542,41.528110272770846],[1.837627395288052,41.52831291880614],[1.837465849169575,41.52887792777415],[1.836232634028818,41.529371127675404],[1.835346879155111,41.5295435430001],[1.835067677431368,41.5298163937116],[1.834572592551069,41.5297652555621],[1.8342847510404,41.529921436325196],[1.834344653083235,41.5302430590699],[1.834052078440664,41.530336407798984],[1.83383989959168,41.530543411049564],[1.834072198972819,41.53060568190665],[1.834040495172701,41.5308230732262],[1.833594664362238,41.530949948681155],[1.832987121958126,41.531479736600545],[1.832311014341826,41.53157123002825],[1.832019855232147,41.53184461943363],[1.831269477104684,41.53206528518473],[1.830828380325499,41.53241702802342],[1.829895724907772,41.53404994235092],[1.829368979394872,41.53437821738078],[1.82684727678037,41.538968197024644],[1.828256376830325,41.54018738274152],[1.83057903159704,41.54272765365829],[1.829722573038282,41.54442036570731],[1.833535509656031,41.5458893767933],[1.83234446822263,41.54839756889265],[1.834671896590748,41.55131569716167],[1.839744299559754,41.55888070787836],[1.839758543022356,41.560032543367186],[1.841594845325858,41.563907536803356],[1.842373045779425,41.56469397594623],[1.843405435112743,41.566153950644264],[1.844843694780707,41.56774980480964],[1.84565378789199,41.56848088798256],[1.845934327806958,41.56886517368878],[1.846040311111437,41.569319899693596],[1.847018458734851,41.569413572178576],[1.84830567366788,41.569791329706106],[1.849844843564654,41.56985227676114],[1.850791501426613,41.57032544786108],[1.852362203352982,41.57064614340476],[1.853362601103129,41.5710359608409],[1.855095630658809,41.57224106317449],[1.855705177651828,41.57221523644398],[1.856867721368246,41.572688214189725],[1.858442329949582,41.57290062236581],[1.859590283065074,41.57333815782971],[1.860371104143155,41.57383629141168],[1.860553415607626,41.574188676366305],[1.860137757951179,41.57647512172946],[1.86097874817068,41.57952765277895],[1.860561449251463,41.5809948957978],[1.859461563999957,41.58199583673843],[1.857011190214223,41.583378146883945],[1.85618023732809,41.58444874121642],[1.855981808213869,41.585159389094486],[1.855348138705608,41.58630264325234],[1.855035701636325,41.58725223560219],[1.854650479735824,41.58787175337869],[1.853850427555187,41.588715920003665],[1.851991725837479,41.590316180847026],[1.851798965150124,41.590946131658654],[1.863356418963576,41.5923274750329],[1.863856382665915,41.59195629874415],[1.867433096160426,41.59087716265094],[1.867777562584422,41.59067348689189],[1.867925794240023,41.59025303584889],[1.867953834202069,41.5893514987726],[1.868498523887752,41.588941229853845],[1.872437435739073,41.589465582270805]]]}},{"type":"Feature","properties":{"postal_code":"08025"},"geometry":{"type":"Polygon","coordinates":[[[2.175906085197653,41.40512937422125],[2.175720264578558,41.40516563128881],[2.175585237668599,41.404961906067115],[2.172185079977453,41.40253728706614],[2.170560412433076,41.4012324571122],[2.170271771425121,41.40080637901116],[2.169981113237782,41.40057251660835],[2.169492867701649,41.4007128827933],[2.168917649629805,41.401146829062895],[2.168646809802397,41.40150636542643],[2.167591158605092,41.402484174904714],[2.167402863950997,41.40239412129165],[2.166638860195235,41.403168892630276],[2.166298064803811,41.40324625141335],[2.165983784124307,41.4036305092406],[2.164473747765214,41.40458137862771],[2.163826325824289,41.405120086922466],[2.163603653685641,41.40499348306275],[2.163519731650297,41.40524322569428],[2.163092809085867,41.40561383091352],[2.164612814429859,41.411694880214554],[2.16471845868989,41.411850199427136],[2.16822610155333,41.41252390405492],[2.170737286596477,41.4139061701336],[2.170692030013186,41.41418541412554],[2.171640423566657,41.41348335477301],[2.173738952890346,41.41408979101101],[2.175891855224904,41.41396124731369],[2.176470688571385,41.41378424094995],[2.176528561743737,41.412832280685166],[2.175605031746784,41.41214148713988],[2.176136033750936,41.411677451353285],[2.176944151051714,41.411285768723246],[2.177254063724035,41.410825387781415],[2.178095410974436,41.410378763768904],[2.179130906566058,41.40943059684457],[2.18008475001119,41.408763322369396],[2.180175325231062,41.408851151959084],[2.180458880572871,41.40867498556213],[2.180624384607654,41.408452844023486],[2.180252569800246,41.40841225132431],[2.179139719022828,41.407524740974],[2.17902803311722,41.40755846734936],[2.178182878137306,41.40707989132392],[2.178120713400176,41.406790861808815],[2.177947899675814,41.40672478412148],[2.17775556796505,41.40680134340727],[2.176860120198398,41.406029606381196],[2.176712992010948,41.405777889737806],[2.175906085197653,41.40512937422125]]]}},{"type":"Feature","properties":{"postal_code":"08770"},"geometry":{"type":"Polygon","coordinates":[[[1.798109861680757,41.467104700621405],[1.801288596391601,41.46605701022281],[1.801259500625463,41.465825264824105],[1.801441125907218,41.46552953086314],[1.804682498398563,41.462746794628856],[1.804979444645653,41.462392236912194],[1.805605004966992,41.460817389111185],[1.806116574420344,41.460129712616094],[1.806766028829145,41.4587159585746],[1.807247154432616,41.45810153725614],[1.807632795417192,41.457329108651436],[1.808022463565806,41.45693460844541],[1.808087401812145,41.45667979993277],[1.807867805354931,41.45565357994872],[1.807913519693159,41.45546260261699],[1.808374827836019,41.455227180789734],[1.810484751570016,41.45301386559737],[1.810542365737604,41.45266032861127],[1.810410719379206,41.450721088107684],[1.810234722954078,41.44915282604205],[1.810082878721857,41.44871801102738],[1.81014821536786,41.447337706370035],[1.810321759341718,41.44693429478184],[1.811484137582852,41.446471375053875],[1.812564278218872,41.44586786341114],[1.815183693972301,41.44326393488268],[1.815532907018053,41.43894445961911],[1.813424368239964,41.43663859429569],[1.81256133383846,41.43645815521967],[1.808656475715793,41.43623640488613],[1.807029810777124,41.435916283109975],[1.805252280967977,41.43097696631395],[1.800488650330919,41.42591762509829],[1.800797908296829,41.42200501302091],[1.802876847688367,41.416470872033074],[1.794279526778723,41.409529000662815],[1.793865908784653,41.41007808893261],[1.789526153808936,41.41075446994279],[1.78695828089991,41.41063653374903],[1.782314447154022,41.41204564189286],[1.780782666986454,41.413668221211424],[1.781141211397767,41.41464364568765],[1.780636551435691,41.41493478681093],[1.780617932771349,41.416474608716214],[1.780372065318545,41.41670153105082],[1.776745494309125,41.41878832422174],[1.775818283387082,41.41870873601931],[1.773709303041869,41.419308581126074],[1.768206544796215,41.42158288564161],[1.763738379222787,41.42182188317332],[1.761113287847934,41.42157914626057],[1.758918763989755,41.42232854682493],[1.757238492262616,41.42191988859196],[1.751885803886751,41.42348379883822],[1.750815807603431,41.423564625407096],[1.755957083352712,41.43105827312081],[1.758204543105194,41.43332405476127],[1.760427285890501,41.432961770069596],[1.760963062395376,41.434560205289245],[1.763463264018412,41.43439340443206],[1.764103379867095,41.435780401844056],[1.768858198047383,41.437807360421345],[1.768384188779294,41.439987365624404],[1.768852044885932,41.44571112866561],[1.776141182269726,41.45078477269908],[1.775694331628074,41.45284607818394],[1.774862590036491,41.45405963864141],[1.775089920663277,41.45504055977398],[1.774956040388929,41.45549631370392],[1.775174624209512,41.45602743531788],[1.774709191775742,41.45637320036286],[1.774593979628435,41.45741340840203],[1.774769990442678,41.45817983762936],[1.774426187718404,41.46049848591639],[1.774279301448587,41.4630537620215],[1.777396449686421,41.46475005157362],[1.778833884676033,41.463303063985165],[1.779896213339555,41.463430467342164],[1.782492658609272,41.46536775182028],[1.785457189197928,41.46515410168041],[1.785978176351762,41.46637317678068],[1.787371985228901,41.46708876103747],[1.788058658080615,41.46682658887596],[1.789832690426294,41.46734619916771],[1.797876120686396,41.46718173744722],[1.798109861680757,41.467104700621405]]]}},{"type":"Feature","properties":{"postal_code":"08719"},"geometry":{"type":"Polygon","coordinates":[[[1.740441769871779,41.59536005372348],[1.740307012758421,41.59417711787967],[1.741315192342256,41.59451363429679],[1.742621336205673,41.59433355494957],[1.743028748877634,41.594001598994566],[1.745692607327953,41.59385535034414],[1.746082099209502,41.593443083131774],[1.745640288368577,41.59248896539344],[1.744790553141513,41.59153374688486],[1.744227225006398,41.59055763892388],[1.744307338412909,41.58985206322211],[1.74391326628421,41.58905802840525],[1.745290441300824,41.58870395902045],[1.743622279844317,41.58803465477547],[1.740211743077452,41.58764446771801],[1.739806000446549,41.58750817096529],[1.73936647118569,41.58723821966805],[1.739169365873522,41.58700325829369],[1.739087194818183,41.58670052221129],[1.7387136056484,41.58618477810501],[1.738365693921651,41.586019070823454],[1.737131671189672,41.58587197231367],[1.735443901814619,41.58591463705085],[1.735098068421109,41.58561382641693],[1.73461901215768,41.58496731279121],[1.7339423568543,41.58473416265144],[1.733124484607288,41.58420967983284],[1.732924127346564,41.583929833295144],[1.732866550950575,41.58363505801151],[1.732944479004516,41.583388793957624],[1.733397335318784,41.58269481681231],[1.733267090104107,41.581898834963226],[1.733151745756459,41.581633550248114],[1.732912777003037,41.58148131031419],[1.729192681896734,41.58160776938303],[1.727262064992317,41.581444269937094],[1.725600142132862,41.58167482103613],[1.724885739585204,41.58141615533128],[1.723455696123494,41.580061493043445],[1.723135685863213,41.5799486164355],[1.722772452386778,41.57990054767214],[1.721570705423687,41.580193133106604],[1.720795554571168,41.58025203690198],[1.720287709210425,41.58002986838369],[1.719716483229092,41.58008934864449],[1.719510775002277,41.57989975626873],[1.719317507996607,41.57922344090906],[1.718872405637001,41.578710548552976],[1.71878313713205,41.57830903633294],[1.718525878866217,41.57790547006135],[1.718547781854625,41.57738236320546],[1.719239536775206,41.576840695241856],[1.719404624423873,41.57647374396811],[1.719019487059654,41.57579632334165],[1.719019148914583,41.57546317128828],[1.719237110404322,41.57467089644467],[1.71975019701398,41.573650385356984],[1.719652739282481,41.5734653138731],[1.718818433723754,41.57304046514531],[1.717583699628051,41.572551051389894],[1.716350838820119,41.57159331657829],[1.716421480566851,41.57141035310531],[1.717134624063647,41.57083182642765],[1.717618185031199,41.570064604897595],[1.717736114929721,41.56970861186295],[1.717765753886397,41.56863595088839],[1.718094298712913,41.56755100787268],[1.717765361782028,41.567150369793694],[1.71717056187191,41.56573424963591],[1.716887785343033,41.565637844111166],[1.714318129078379,41.56558143773316],[1.713920073852307,41.56587689740087],[1.711148682565636,41.56683711074402],[1.709223344681618,41.56822172585197],[1.707659010854684,41.568637066047756],[1.706796488167356,41.56914066211186],[1.705991899806293,41.56945279341164],[1.705468820829424,41.56984341214371],[1.704526705443072,41.570242181431524],[1.703745807922701,41.5707154100881],[1.702615022865018,41.5711579529771],[1.701795430214929,41.57126359723719],[1.698421973395341,41.57120375634827],[1.697974632623186,41.57197837929874],[1.697511273126736,41.57236651680131],[1.696579272415477,41.57257574497464],[1.695054273136179,41.57320539900991],[1.689661919262164,41.571760383634796],[1.689395180343297,41.572050371827174],[1.689319017658534,41.57281878136166],[1.689118107314812,41.57352032360404],[1.689168705871054,41.573887355816794],[1.688924086677275,41.574482627870964],[1.687719561708377,41.57523415623132],[1.686906702282499,41.576095695959566],[1.676437668263759,41.58337488774083],[1.673181440770861,41.585443412083805],[1.673038829878067,41.5849630446088],[1.67320221331147,41.58590173088015],[1.67195398219053,41.58654628308449],[1.67118328118346,41.58753171971307],[1.670852253328803,41.58756410070265],[1.670782171859742,41.587756072684556],[1.671167223788359,41.58827157757122],[1.670966610220887,41.58864892680651],[1.671266574592721,41.58881679336031],[1.671207139298019,41.588990275280935],[1.671504540602029,41.589122212120344],[1.671475522177616,41.589384519180214],[1.671786121032653,41.58953392984694],[1.671785195630264,41.589687016942264],[1.672304679117644,41.59007103105324],[1.672497661038221,41.59141370088156],[1.67243019929424,41.59164156030971],[1.67294659720767,41.59264693670673],[1.672984506329897,41.593005517990264],[1.672691684373717,41.5940979370701],[1.672685113926832,41.59483648461605],[1.672007555704113,41.5955843743194],[1.672215925924206,41.59647625537485],[1.671143627376466,41.60537058908142],[1.671180323313251,41.60604437105087],[1.671921957332472,41.60833709907786],[1.671931376831537,41.60946217613849],[1.671824174046378,41.60997075444675],[1.672137701993336,41.610822330586075],[1.672975720852833,41.61195866536008],[1.673271828032455,41.61290098759048],[1.673927746768072,41.613675580863344],[1.674615252391959,41.61505209038165],[1.675715920952996,41.61534036806353],[1.67630326997994,41.615829626236234],[1.679044559159081,41.61624003275131],[1.679425556943897,41.61818727272441],[1.682178164090999,41.62040684719824],[1.685764590263602,41.62022434867475],[1.687380092817023,41.619834184999604],[1.689124092303018,41.62022206259809],[1.689339838762521,41.620879512879185],[1.690092607287966,41.6214969658123],[1.690667218317458,41.622139735560324],[1.691402915911851,41.62219070103998],[1.692033695898317,41.62162463806658],[1.696657501742322,41.62201159296063],[1.697169074792953,41.62112629494254],[1.701771621563068,41.618749795966266],[1.701721628250539,41.61938212458534],[1.702100787821109,41.61964567720622],[1.702189650731782,41.62037132937331],[1.702583152690352,41.620832383907384],[1.703649064252886,41.62146392112305],[1.704781649753329,41.62251590758302],[1.704909843614359,41.623122857333954],[1.705738406102569,41.62329596963326],[1.70622005601075,41.623483295717506],[1.70661380798083,41.623782231264954],[1.70699013108964,41.62367678125844],[1.707816868853399,41.62431811299052],[1.708149208818895,41.62426843713865],[1.712166528062824,41.62078112255074],[1.713957296791818,41.61720510513146],[1.720534834814771,41.61510679794037],[1.722827642881384,41.61413901770146],[1.723850584836612,41.61385379771457],[1.724853751599369,41.614118602191695],[1.725677168166783,41.61405766323054],[1.725885621124519,41.61346382739367],[1.727588742826185,41.61263733874216],[1.728924218977511,41.61285239272371],[1.72875331901048,41.61215714303768],[1.729399784072768,41.61148221533193],[1.730558256558311,41.611083294058744],[1.731795853196047,41.60979877439388],[1.73293299735991,41.607635966926296],[1.733304108897471,41.606315105657586],[1.735004705302913,41.60578572872839],[1.735269292144096,41.60563077374121],[1.735398299891642,41.605427373174734],[1.73496482306814,41.60491405004336],[1.734872145233282,41.60446767784106],[1.735602366855744,41.60346514779832],[1.735585286032119,41.6032317638348],[1.735034286702955,41.602588226065734],[1.73480743361614,41.602111402818934],[1.734784528782939,41.60163517582271],[1.734862550366415,41.601226783789],[1.735242468065451,41.60051783383096],[1.73524786129974,41.599446191788275],[1.73534982913128,41.59903679341329],[1.735519472745466,41.59873267417356],[1.736117041668138,41.598212773400746],[1.73674735490647,41.59748447812615],[1.738785985784602,41.59584265241648],[1.739180055215343,41.59565528676205],[1.740441769871779,41.59536005372348]]]}},{"type":"Feature","properties":{"postal_code":"08010"},"geometry":{"type":"Polygon","coordinates":[[[2.175913706052654,41.396032610316695],[2.176167611645951,41.39575282763087],[2.176279712138978,41.39582082267282],[2.176251921289122,41.39565992586489],[2.176799219008728,41.395443219828735],[2.17694389114763,41.39512364304164],[2.177404792796949,41.394557447867896],[2.177704069187428,41.394597050413495],[2.179036734957322,41.39347194007797],[2.179750620394827,41.39296543021044],[2.179843821635075,41.39301023803205],[2.179944212955036,41.392915244442975],[2.179847336185617,41.39284752369423],[2.180056432158608,41.39270710714726],[2.180005242747768,41.39265254258078],[2.180801923370041,41.39206284002802],[2.180163028800735,41.39147583634076],[2.180535222222716,41.39117778482688],[2.178538131929258,41.39042577263126],[2.177340187299819,41.389868978070865],[2.176013278989615,41.38887911407983],[2.173807708758716,41.38886404234165],[2.172847777802701,41.38830944482498],[2.171893267060625,41.38714715741537],[2.171550278222753,41.38733521914503],[2.171661030632038,41.387579867117154],[2.170979091811603,41.38780252756459],[2.169637129749731,41.38879240684406],[2.16916849483016,41.389429021632],[2.169950688273616,41.39019760473565],[2.169340268938242,41.39062336537597],[2.169427031931946,41.39088892168638],[2.169789188020616,41.39105651034964],[2.170530982119146,41.39175862006425],[2.170839856973828,41.391841024943346],[2.171816068356861,41.392865796119565],[2.172112174637164,41.39272417987695],[2.172679888765856,41.393194152987746],[2.172808063741115,41.39341168640016],[2.174047896093498,41.3943269840031],[2.174665607132056,41.39433054981498],[2.174443060898511,41.39460326113158],[2.174745282568722,41.39577172238705],[2.175392872682892,41.39631167984015],[2.175909943289241,41.39603550523435],[2.175913706052654,41.396032610316695]]]}},{"type":"Feature","properties":{"postal_code":"08008"},"geometry":{"type":"Polygon","coordinates":[[[2.162611333646112,41.39593837125881],[2.162802084348698,41.395637891575404],[2.163183667592193,41.39549719983586],[2.163824600025237,41.394992580343285],[2.163668398577727,41.39481260172016],[2.164892250876676,41.39406772204774],[2.163820547680132,41.39352935909261],[2.163172233611704,41.392993716586716],[2.1619989708758,41.39323473759305],[2.1618173168157,41.39312703658345],[2.162317428006872,41.39227905593367],[2.159185856442093,41.390015658395896],[2.158215228949643,41.390517693236916],[2.155042328140894,41.39314110557751],[2.154804801000751,41.39315939958658],[2.153511831305934,41.394101845923444],[2.152730859141798,41.39480516972276],[2.15871499480113,41.39632608158337],[2.158416874039517,41.39692502287147],[2.157425803158276,41.39767022180325],[2.157997757590408,41.398027979307756],[2.15821570828831,41.39800217685894],[2.159525311843652,41.396976061196256],[2.159813651578759,41.39703258268753],[2.160232210448157,41.39676262779301],[2.161121588690378,41.396951439557256],[2.16176333411056,41.39665101383321],[2.162588657240747,41.395961989254374],[2.162611333646112,41.39593837125881]]]}},{"type":"Feature","properties":{"postal_code":"08036"},"geometry":{"type":"Polygon","coordinates":[[[2.153511831305934,41.394101845923444],[2.154804801000751,41.39315939958658],[2.155042328140894,41.39314110557751],[2.158215228949643,41.390517693236916],[2.159185856442093,41.390015658395896],[2.158523698210104,41.3893624466196],[2.158248322202269,41.389297608198035],[2.158212534580798,41.389081638706614],[2.157448711588756,41.38849829256213],[2.157120319647049,41.38847093068887],[2.15717040109314,41.38827916914829],[2.154894387865681,41.386724960788285],[2.153653084222469,41.3856436618255],[2.152896728301357,41.386131674437195],[2.152636654258174,41.386173297759456],[2.152407015970994,41.38640437855918],[2.151906360689964,41.38632707193682],[2.151355112248609,41.387073008312655],[2.150338355830456,41.38790072363946],[2.1501443342936,41.38821255996163],[2.148263563212879,41.389629353711655],[2.148209564319927,41.389826378984196],[2.14699969018352,41.39049073066269],[2.146685703582364,41.390542248326085],[2.146761957098647,41.39075216268213],[2.146116819435633,41.3912676675688],[2.145553313234814,41.391495032369846],[2.145602966603633,41.3916200696105],[2.144994503293674,41.392096490860354],[2.144517832931626,41.392698280301374],[2.152730859141798,41.39480516972276],[2.153511831305934,41.394101845923444]]]}},{"type":"Feature","properties":{"postal_code":"08780"},"geometry":{"type":"Polygon","coordinates":[[[1.994872043809778,41.435815491591654],[1.997219372376151,41.43196844998397],[1.999602282619264,41.430432575203156],[2.002093283278384,41.42658761282803],[2.005179171981183,41.4248774206564],[2.004655906844619,41.423361232035234],[2.005332795971754,41.421739254363104],[2.005854714823215,41.421381672226346],[2.007158875681569,41.41858717106106],[2.007646661664069,41.41669487696697],[2.008431928990319,41.41213925322393],[2.009380936780815,41.41094705616172],[2.006806401694064,41.410285722607966],[2.002419183198754,41.40874680092412],[1.998030032060342,41.40579537975293],[1.992516215750754,41.4088996389072],[1.990698470058362,41.40936696891049],[1.988611655303657,41.40834920255361],[1.988347642229883,41.40864878921025],[1.987834132938872,41.41084093705956],[1.987553591225264,41.41139333213653],[1.987371146661076,41.41150929791576],[1.986349286590269,41.41175178211904],[1.984610810740321,41.41107105378609],[1.983134151819627,41.41115321404959],[1.981564840245198,41.41267990765158],[1.983703341735804,41.41358640089169],[1.982850720584281,41.41464059159],[1.983591775440061,41.41622355757113],[1.978258023189198,41.42755777986764],[1.974198011329122,41.432154197757995],[1.979243954444939,41.43343370909838],[1.982198912649665,41.43406223808182],[1.982649469397472,41.4346363472896],[1.985959536603332,41.43442218813345],[1.987141222389482,41.43563128975222],[1.986683789425342,41.43606475308587],[1.990154984564867,41.43982182561672],[1.991727042668856,41.438481756627766],[1.994872043809778,41.435815491591654]]]}},{"type":"Feature","properties":{"postal_code":"08007"},"geometry":{"type":"Polygon","coordinates":[[[2.165956468116519,41.39317984567333],[2.166178715775118,41.392889726179874],[2.166445571605834,41.39304197420773],[2.16717989413678,41.39248028643607],[2.167020105293602,41.392284728857135],[2.16762248738786,41.39212002611828],[2.168275677580425,41.39162714817434],[2.168195414886497,41.39146422159655],[2.168845945783744,41.39125656633746],[2.169400752842478,41.39077994903539],[2.169340268938242,41.39062336537597],[2.169950688273616,41.39019760473565],[2.16916849483016,41.389429021632],[2.169637129749731,41.38879240684406],[2.170333467615421,41.388232865754105],[2.170007112638132,41.388210647103676],[2.168542784322028,41.38762625594694],[2.168475711984513,41.38693597231725],[2.168703357374056,41.3866781178009],[2.167621005305136,41.386159498561994],[2.167665588296245,41.38594409384484],[2.165292498649876,41.386031778643655],[2.164616737272581,41.385922643215395],[2.163983406808768,41.385320361845174],[2.163928454634458,41.38488540024099],[2.163712960884425,41.384902501749025],[2.162765974769911,41.38569092119906],[2.162851387881233,41.385918811204135],[2.162149288958517,41.386522450550615],[2.162834707255911,41.3870419700109],[2.162570054764217,41.38722040359875],[2.162613680876632,41.387406737730714],[2.161958853018632,41.38790113732762],[2.16173025794501,41.38793935221929],[2.161518081794043,41.388233923356836],[2.161134907649853,41.38852322176922],[2.160544912817443,41.38853146765308],[2.160320999614441,41.388801954946246],[2.160054057448804,41.38860080808081],[2.159217901085242,41.389204165040155],[2.159607800359709,41.38957935140593],[2.159301334788779,41.38974503710375],[2.159131811683778,41.38996234478634],[2.162317428006872,41.39227905593367],[2.1618173168157,41.39312703658345],[2.1619989708758,41.39323473759305],[2.163172233611704,41.392993716586716],[2.163820547680132,41.39352935909261],[2.164892250876676,41.39406772204774],[2.165097727078432,41.393870215637946],[2.165336695831854,41.3938521923248],[2.165998952989298,41.39335169982104],[2.165956468116519,41.39317984567333]]]}},{"type":"Feature","properties":{"postal_code":"08410"},"geometry":{"type":"Polygon","coordinates":[[[2.299054520249911,41.57595297265152],[2.300230192269566,41.576002006387455],[2.302855140652184,41.576587312154686],[2.303487112240418,41.575248211735584],[2.303748910283957,41.57446637532291],[2.303969794570378,41.57324078283585],[2.304530086594184,41.5721615280321],[2.305812834594633,41.57245328339229],[2.306032537171859,41.57220003790138],[2.307029933884337,41.57238342855237],[2.306928770046682,41.57274821335932],[2.307843130556023,41.57307947413841],[2.309052360777798,41.57369869064206],[2.308571638070646,41.572708172843875],[2.308557273199597,41.5722226783339],[2.31174939971504,41.57169315481519],[2.31151164414706,41.57124921078241],[2.308596596056077,41.56809772912686],[2.307900558563915,41.56676109824605],[2.307419657790945,41.566271083743516],[2.308041428369222,41.56639539343263],[2.308004760311405,41.5663425528665],[2.309889748313196,41.565503544752744],[2.311439001408758,41.5649096108898],[2.313491704878288,41.56389618825847],[2.314337194405994,41.563591440392656],[2.315732649042502,41.563724783771704],[2.318641213920898,41.56424709562691],[2.320419903855452,41.5643851172793],[2.323380912698951,41.56435120114702],[2.328756986146004,41.56331372704682],[2.330836576646675,41.562748897943266],[2.333864514835454,41.56236497736177],[2.337429464298339,41.561208791852266],[2.338168903072415,41.55913078056108],[2.338350096679619,41.558132062744505],[2.337852751803041,41.55646275015579],[2.33837016595038,41.55605153694887],[2.338623474393842,41.55549058662126],[2.339471546774462,41.55487495121798],[2.338955835943068,41.553854644276385],[2.338148179994505,41.55321705462336],[2.338293097648318,41.550761630245006],[2.337310402153321,41.549745075274984],[2.335660442075721,41.549065642865116],[2.335483104761465,41.54560789798609],[2.333976519101043,41.544921780915445],[2.335239652887651,41.54382838786978],[2.334148100754248,41.54279155228829],[2.328076114820817,41.54108089696581],[2.32877350579264,41.53936456782054],[2.316274490575267,41.533221200897685],[2.31484818739392,41.53467370492751],[2.314276389443819,41.53573552997074],[2.313805990953711,41.536135444994784],[2.312983123872073,41.53618255957741],[2.312309254668378,41.53643887085718],[2.311796194139049,41.53690379607332],[2.31098821803181,41.53698621264357],[2.310741899119364,41.53778086979128],[2.308585018184033,41.53924019338018],[2.308499394631326,41.54038746660825],[2.308206528608423,41.54076114840825],[2.307323695632022,41.54095507012039],[2.30558784310449,41.540828361039985],[2.305387083846824,41.540864660375746],[2.305059280961018,41.54110489627391],[2.301645697291065,41.54024549243553],[2.298494096025706,41.539364899670375],[2.298182312763515,41.538776121620685],[2.297422952207455,41.53813598868493],[2.296447428805777,41.537785002176065],[2.29581180866802,41.53792235113559],[2.294973225034312,41.538510248748935],[2.294115031683361,41.538711925315056],[2.293691518448782,41.53910062039728],[2.293146136285145,41.540197120600624],[2.292630534271723,41.540779085386475],[2.291020165947884,41.54160065114911],[2.289270232735021,41.54188849086114],[2.288360154797317,41.542335584319744],[2.287262248054276,41.5431244480348],[2.286362761432258,41.543409005221406],[2.284132274584806,41.544709211760676],[2.284499144020288,41.54631280279358],[2.284560436415006,41.5474848055793],[2.278423943010523,41.554222505664086],[2.277914773847726,41.55506971739351],[2.276530626387284,41.554795843253544],[2.275944163192548,41.55611020871913],[2.27603266457578,41.55653377501369],[2.276365375061971,41.55682905841428],[2.277089478596565,41.55713783794084],[2.276667060736258,41.558084514688574],[2.27960450194621,41.55846242240284],[2.277811877915838,41.56131780856998],[2.28035053814682,41.562186679571596],[2.279368039603355,41.56384341424217],[2.280877263874629,41.56470113634833],[2.280537676272729,41.565680079871754],[2.280582840225861,41.56709312614686],[2.28049235313955,41.56750406506052],[2.280725114772224,41.56876242344708],[2.28117062632333,41.56984013681284],[2.281550799429851,41.571311347640574],[2.281762648227641,41.573170203142354],[2.28275220015388,41.573735575436444],[2.28862880117822,41.5720050307076],[2.288880077153806,41.5727316541425],[2.289557311620626,41.573096531579665],[2.289698164338802,41.57379226060431],[2.29041563087668,41.574209260948635],[2.291437522423735,41.57697092067144],[2.292962018082676,41.577103077844754],[2.29398589443349,41.577298895327715],[2.294527089353664,41.57759347635783],[2.294961784758527,41.57740233355082],[2.295590062831138,41.57644604125176],[2.296224334885153,41.57571903020903],[2.297565824802973,41.575044883114856],[2.297827532014992,41.575001278586114],[2.297751899930233,41.57575196967764],[2.298745991634178,41.57594010515169],[2.299054520249911,41.57595297265152]]]}},{"type":"Feature","properties":{"postal_code":"08750"},"geometry":{"type":"Polygon","coordinates":[[[2.059371965044136,41.43620069730429],[2.057249225970963,41.436140670255725],[2.057203024200192,41.43460596639221],[2.057968261825806,41.429119833013885],[2.057935219834519,41.42864375710366],[2.057543955389235,41.42757399014749],[2.057439556690156,41.4263685011054],[2.057339187853245,41.42621650578707],[2.056522930788617,41.42577074872105],[2.054567237188223,41.42506635472847],[2.053119174010646,41.42472812510289],[2.052094031414413,41.4240874786542],[2.052474690154838,41.42371486165155],[2.053020543563207,41.42351613126442],[2.053624032722894,41.42272208565572],[2.054144395747244,41.42280323957783],[2.054253486209404,41.422509435562006],[2.055400190166608,41.42207603338221],[2.056082568755528,41.421365436765484],[2.056005595781585,41.42067306221202],[2.056206507924003,41.42024050179771],[2.056322497984866,41.41952500477515],[2.056874151121178,41.418379347628786],[2.056533868343365,41.41642025279242],[2.056105614782268,41.41585100621893],[2.055234767070829,41.41477754664646],[2.054565386383445,41.414187817114055],[2.052995947105273,41.414939897658144],[2.048497873677945,41.41354546824874],[2.04782051780262,41.41143981539517],[2.049039625278454,41.41173785521784],[2.049407234856005,41.41062439919665],[2.048523926138273,41.41064356285011],[2.045414300729362,41.40941300520598],[2.044934390110029,41.40876730276881],[2.044229754199762,41.408933313121906],[2.043727623131304,41.40832518615838],[2.04121469430271,41.40814863035496],[2.038991050396646,41.40430174522936],[2.033214989080477,41.399656899746105],[2.035194231428648,41.39697075789417],[2.021786236345747,41.38946349084739],[2.021353159720547,41.39036306920025],[2.019108324189801,41.39613342162011],[2.015996626742947,41.39919563027411],[2.012233253561817,41.407769764862735],[2.009380936780815,41.41094705616172],[2.008431928990319,41.41213925322393],[2.007646661664069,41.41669487696697],[2.007158875681569,41.41858717106106],[2.005854714823215,41.421381672226346],[2.00782233882984,41.422080783601245],[2.008135955809678,41.42179696835541],[2.009073652826828,41.42186295611049],[2.008218990214232,41.42458438825889],[2.017055217824009,41.42794312767319],[2.018236713853241,41.427134618267985],[2.018576916591428,41.42844211111452],[2.01978750299088,41.42924443588197],[2.019066796195659,41.429835884018814],[2.020517766881426,41.43033789907474],[2.022177339812345,41.43014148444195],[2.022250507754734,41.43078540891946],[2.024130060254095,41.43141489388222],[2.025354231812344,41.43131629131375],[2.027147239853207,41.43268671871709],[2.029750534359664,41.436795722044906],[2.032472402679218,41.43919732020015],[2.032626378304712,41.44148642216061],[2.032751566631475,41.441714440768806],[2.037266686708222,41.44223655117588],[2.040495333792592,41.44421049471856],[2.046553426999026,41.444907395559824],[2.047203950701771,41.444686275651065],[2.047758553614358,41.44466160095209],[2.04872748498542,41.44444252430304],[2.051760240842441,41.4449089900578],[2.052770210976462,41.44486036641274],[2.053823805424258,41.44531326859243],[2.054796015723525,41.44547189641088],[2.055656460077557,41.44484033311488],[2.058357932672436,41.44480286016386],[2.061160846995506,41.4449965102807],[2.061965383195854,41.44437289879022],[2.063202662372987,41.44374322137253],[2.064137015710685,41.44221766271494],[2.063478848669945,41.44157771863678],[2.061788143907677,41.43753894786414],[2.05970890414261,41.43788108864129],[2.059373839231284,41.43621004395834],[2.059371965044136,41.43620069730429]]]}},{"type":"Feature","properties":{"postal_code":"08818"},"geometry":{"type":"Polygon","coordinates":[[[1.78554084413463,41.32626001518753],[1.785798910891003,41.32603318908036],[1.787245678145496,41.32605391125895],[1.787567871060389,41.32588741527195],[1.788112610208771,41.32500936489026],[1.789135652888035,41.32381425492389],[1.789693640848839,41.32279158006736],[1.790716166417951,41.323217134762956],[1.791326117206552,41.32306563856832],[1.792564299302967,41.32350016040408],[1.794679152221079,41.32334885936234],[1.796575737880005,41.32282846576106],[1.797870192355504,41.32305348782819],[1.800206552790144,41.32315395019464],[1.801427616291448,41.32367908771971],[1.80190716628266,41.32370408617459],[1.802683779432869,41.32354556087893],[1.808244975625087,41.32348391235263],[1.809460724133089,41.322316554565305],[1.810084496602201,41.32219137433242],[1.810643450434895,41.32248308742453],[1.811232160136058,41.32236840317927],[1.81225874524489,41.321551078619336],[1.812561654896456,41.32112423969187],[1.81388588682421,41.32061855270405],[1.815503837332244,41.32134302496058],[1.819490404258715,41.32131078786256],[1.821574498564246,41.320259875193074],[1.823401257262219,41.319768982952155],[1.823818564275314,41.31943632462668],[1.825042813175287,41.319195806341384],[1.826139691993205,41.32014009808705],[1.828713754935848,41.32135536275979],[1.829087470010734,41.32140266799871],[1.830488204566961,41.320803528859756],[1.832215238342542,41.32073984876496],[1.833502911030507,41.3203885340036],[1.834449012212133,41.31929525966848],[1.835775568887357,41.31866318915485],[1.837939387192932,41.317887751418596],[1.84059400510921,41.31584009044781],[1.847733102300822,41.319347289945426],[1.849743639257554,41.31811894913017],[1.850349571875256,41.316148609170966],[1.848164370389384,41.31277458128187],[1.848238811771751,41.31007943271965],[1.848145158172485,41.30930006314736],[1.846724402908876,41.30640696930618],[1.851015293221167,41.30180503407502],[1.854436296298047,41.30044496866037],[1.853992517740494,41.29929328335834],[1.855073903038203,41.298743363215635],[1.8558654764106,41.29895298259407],[1.856339519852952,41.298905898588316],[1.857943761095669,41.29816277798977],[1.858793318257028,41.29802778975068],[1.859003754219884,41.29828897715453],[1.859337569073546,41.299085188330764],[1.85963656217757,41.299252590834385],[1.860078236321556,41.29925191094691],[1.861211840753811,41.29876271033078],[1.861469551378661,41.29853574842605],[1.861543550294584,41.2976052630724],[1.861749329567886,41.29700229731816],[1.861996387723082,41.29663170289075],[1.862364471243325,41.29644503600957],[1.86353454768124,41.29612538188087],[1.864308062666964,41.29609261238414],[1.866099314331905,41.29625978286265],[1.867513498249309,41.29617282471605],[1.869163817156448,41.29621087683046],[1.872886267587148,41.293459935227816],[1.871325942937915,41.291266316986935],[1.869298451961981,41.28120605541511],[1.871027878833559,41.28053903634742],[1.871377930047402,41.278830393707665],[1.859731635806327,41.27131979827004],[1.861224781998089,41.26989720299349],[1.860028416578132,41.269695733271476],[1.857972646420478,41.26917051300876],[1.856192104781826,41.26913780016935],[1.85482954824505,41.26942950606684],[1.853604189581688,41.27044467698022],[1.851928349713546,41.270857646563115],[1.850661212145212,41.27179353144629],[1.848700505723741,41.272227504695536],[1.846014300019931,41.272052797898255],[1.844795679077322,41.272356303800336],[1.84286683383732,41.27177142880839],[1.841385937311145,41.27078946985813],[1.841576438901541,41.26965600032412],[1.84148809489966,41.26862433134778],[1.841045310092966,41.26860696903634],[1.840512091259995,41.26898058518583],[1.83844579543711,41.26814934901324],[1.83550819055057,41.26860565063026],[1.834803799255894,41.26828364027773],[1.833749004213189,41.269022468412174],[1.833024978919639,41.26924324028329],[1.83183097871671,41.27000618014108],[1.831098556453185,41.270288467438775],[1.830064112169055,41.27051000463297],[1.825734908938898,41.273618212710346],[1.825798621409263,41.27496607792216],[1.824430380257809,41.27486151194921],[1.824205039830701,41.2752041059847],[1.823546709113316,41.27970649975515],[1.82132167125809,41.27963788957692],[1.817589444297425,41.27855208231273],[1.816451265013882,41.2809227356957],[1.815729470039003,41.28181734439488],[1.81530645592818,41.28336569816844],[1.813404534591598,41.28719987227629],[1.815725150595199,41.28904729559622],[1.815015818425252,41.29059863691754],[1.81499994808911,41.29135561606881],[1.815360337009906,41.29284408398729],[1.810316968653183,41.29195698732508],[1.809371505090894,41.29192453528907],[1.806570752738025,41.292636018637324],[1.804323495333051,41.292108818067504],[1.800582161837269,41.29058155519459],[1.800206685889805,41.29050726489834],[1.789145041810229,41.29366103802647],[1.785835524090146,41.29427617790327],[1.783281148206413,41.29460764642573],[1.781918313779158,41.29343990912446],[1.779643272718829,41.29187793511858],[1.778879917374297,41.29123444501363],[1.778532413040409,41.29072670307488],[1.777261732143188,41.28934795964062],[1.77216410139215,41.28950587159869],[1.769673062062168,41.289231179075614],[1.768805781061928,41.28896105510859],[1.768367596287533,41.288682130376],[1.768030139179587,41.28814689975957],[1.767259084738953,41.28739559622977],[1.76619449967643,41.28671049719168],[1.764247528600549,41.28571079911404],[1.763703743632846,41.2852922087684],[1.762547761370058,41.284007611761865],[1.761110192381466,41.28278868594907],[1.756348415247146,41.28263478856462],[1.754168340796298,41.28237486111095],[1.752358242938556,41.285212925436156],[1.751673094437763,41.286132590146906],[1.751095495860454,41.28656168817133],[1.750385420850478,41.28730233563425],[1.749150637292075,41.287722527672486],[1.749071718185235,41.28795089971425],[1.749144305165544,41.28878523405126],[1.749687907570888,41.29002326236366],[1.750385410058641,41.29075073655724],[1.750266886607506,41.290926679922336],[1.749636437571553,41.29128589612719],[1.749317037051583,41.29132611201044],[1.748346604712026,41.29111414270352],[1.746812375690581,41.292014882980425],[1.746145192946301,41.29269070820959],[1.745430737338665,41.29304438998656],[1.745445727238518,41.294565362101764],[1.745308243380691,41.2951382581241],[1.744443895069708,41.29589427769872],[1.743311153087234,41.29657129812688],[1.743273150435527,41.296869982763496],[1.743592816255443,41.29782019294754],[1.744753930949116,41.29917677528795],[1.746563427160424,41.300911763567],[1.746874719392792,41.301087976728695],[1.747882318014547,41.301316441400616],[1.748248711708641,41.30126526368093],[1.749014941286475,41.30080144103363],[1.753020105293615,41.30186026324054],[1.753220492231947,41.301824955857],[1.753924029170605,41.30115660309474],[1.754110605220262,41.301094872730175],[1.75814850095253,41.30342167427085],[1.756692350171818,41.304085192277796],[1.756374772577658,41.3043144699368],[1.756896937843408,41.305418278031084],[1.757512699151732,41.3061671057273],[1.75846973519009,41.30684774502737],[1.75863287760518,41.30712008492395],[1.758606873708231,41.30741827673205],[1.758099102091876,41.30798850986184],[1.758051233877325,41.3083146768808],[1.758524438252209,41.308745250692766],[1.759915086012427,41.30898474734818],[1.760840069313758,41.30938755459192],[1.762780374614579,41.310450556847684],[1.763830753086779,41.311262343382396],[1.765062595862105,41.31259782942624],[1.765178137161286,41.31287207858355],[1.76497719534126,41.31371778214992],[1.762902876666431,41.31573064655208],[1.762815870855718,41.316175399974725],[1.763014254104519,41.318075922865546],[1.763403074192524,41.31914925023767],[1.763464235286222,41.31965990058393],[1.763311841568225,41.320026396800756],[1.763347868409369,41.320520092228435],[1.763096696755156,41.32116974628673],[1.764484665434964,41.321859503813016],[1.768093887622797,41.32418536286417],[1.768532567024351,41.324626637709116],[1.771560763318575,41.32504103901272],[1.771855596158844,41.32547898456744],[1.772356734375762,41.32596238365704],[1.772959808948031,41.32636948336494],[1.775984355793355,41.327711287146144],[1.776600662090857,41.32813584629224],[1.77743706486865,41.32911844196252],[1.777695049786701,41.32921574680927],[1.778004614421434,41.32920288560467],[1.778278636949551,41.32902943785825],[1.7793045151912,41.32803234961324],[1.779616785885935,41.32789328564661],[1.781822551269727,41.32751336524956],[1.784890901393965,41.327169451908674],[1.785170088728592,41.327067779954064],[1.785368630258063,41.32684339910355],[1.78554084413463,41.32626001518753]]]}},{"type":"Feature","properties":{"postal_code":"08775"},"geometry":{"type":"Polygon","coordinates":[[[1.716071236898074,41.46601828991214],[1.716737587769444,41.46596386563988],[1.718480940642905,41.46623433764455],[1.71909893496786,41.46617292563997],[1.719800826147207,41.465783912197764],[1.720225891611619,41.46570338240514],[1.722132134190645,41.46557991987737],[1.723761488102184,41.46461247958223],[1.724221381611471,41.46418837369447],[1.725097020011447,41.463720148865775],[1.725192677300186,41.463554125022824],[1.725495718252773,41.46344262167963],[1.727324547190108,41.463736432890016],[1.728292149363199,41.46403869143245],[1.729760470669191,41.46414924059496],[1.73076129469797,41.46375685469508],[1.731389536797678,41.46334377269693],[1.732766930349555,41.46286379822567],[1.734732151367666,41.461909347738185],[1.735899690818087,41.46183414912667],[1.73676678835659,41.461087050826734],[1.737328626315048,41.460748743859426],[1.737681368300514,41.460662155334205],[1.738430406438113,41.460757276626964],[1.739890416209732,41.461246176869565],[1.740641375299219,41.461368221166424],[1.741502523822419,41.461359672211074],[1.742390448760204,41.46106185092367],[1.743419170658171,41.46039804693231],[1.744553805713565,41.459873958016715],[1.744769398388996,41.45971197572709],[1.744940808271679,41.45927273784656],[1.745533594599692,41.45903209365616],[1.751549763211017,41.45766663860445],[1.74926790978617,41.453304327732496],[1.7525085915982,41.45130633991562],[1.768852044885932,41.44571112866561],[1.768384188779294,41.439987365624404],[1.768858198047383,41.437807360421345],[1.764103379867095,41.435780401844056],[1.763463264018412,41.43439340443206],[1.760963062395376,41.434560205289245],[1.760427285890501,41.432961770069596],[1.758204543105194,41.43332405476127],[1.755957083352712,41.43105827312081],[1.750815454169867,41.42356412178674],[1.748307262969774,41.417554415703705],[1.745870260304287,41.41956398319127],[1.738747623404095,41.424576268280134],[1.738637336843624,41.42486892206307],[1.738053293724533,41.42522618224251],[1.737961343441214,41.42577020642983],[1.737794826769857,41.42594816427635],[1.737312907065018,41.42622914306048],[1.736855937251676,41.42668921013893],[1.736252075772654,41.426939225265016],[1.736355728933745,41.42737611231769],[1.735572282734665,41.42762455812681],[1.73393875506946,41.42917757488516],[1.733985518916541,41.42949076288835],[1.733699434681171,41.42999779526201],[1.732552860226292,41.43084635597455],[1.732240279265454,41.43131846767312],[1.731449467618802,41.43163021316377],[1.731138995568188,41.43196714686633],[1.730670813007578,41.43227454863148],[1.730056284669786,41.432542989067656],[1.729830802149763,41.43273236110957],[1.729508854749838,41.43324080811675],[1.728742358073362,41.433722599218584],[1.728458294614597,41.43409444909952],[1.725828764186133,41.434788019751295],[1.725302839754249,41.43512483024671],[1.723770412074828,41.435440005751616],[1.723378965067184,41.43581626410929],[1.721910642861872,41.43569662280089],[1.721098460625456,41.436045173945615],[1.720683272415101,41.43411743756968],[1.714319973587919,41.425231207654065],[1.713012350339682,41.423529175031376],[1.710806192851521,41.42098164298841],[1.710306347859671,41.42118226015316],[1.709896959377147,41.42114499314687],[1.709130888079983,41.42080728602741],[1.706103244868871,41.41748304280816],[1.705314868586299,41.4170021132569],[1.701120839754935,41.41772324543143],[1.700030348821542,41.41769583859207],[1.698400535356427,41.41732138787171],[1.697408069626704,41.417325995997885],[1.696501939712732,41.417201022609106],[1.693762869161048,41.4173670869215],[1.69135974305766,41.417879509831494],[1.68990819140987,41.41865012630228],[1.688162376192679,41.41981990776253],[1.687492089888053,41.42047757388093],[1.685709780182208,41.421639810928525],[1.683950028171239,41.42311621803901],[1.683155922307947,41.42404904162993],[1.682337228080598,41.42464067322845],[1.681705164761524,41.42533272672392],[1.680680791085649,41.426058824954794],[1.679303179897829,41.42752860226318],[1.678205989015169,41.42890590408416],[1.676533007192518,41.43126107563813],[1.679603795378853,41.4305416539741],[1.680334267012825,41.43188044412716],[1.68035039995101,41.432104883433624],[1.679981420705985,41.43312837037797],[1.68002244957637,41.433531874596326],[1.68036625409934,41.434319181584954],[1.681098947058729,41.43518970104384],[1.681991561061693,41.435954616712195],[1.682878682904857,41.436476673159916],[1.684258111622569,41.43702362733853],[1.684387790264282,41.4371623873343],[1.684375397606516,41.43931482741732],[1.684458048899842,41.439797639249605],[1.68527563875972,41.44184415358478],[1.685288955021235,41.442194764176975],[1.682876752060452,41.44657905178178],[1.683885453251037,41.446627948820776],[1.68473831542093,41.44634101022939],[1.685015988297209,41.446374706927145],[1.684906855566908,41.447018432654545],[1.68496946996504,41.44722295467557],[1.685267730121609,41.447210778754425],[1.686617507292112,41.4466784475523],[1.687001209338348,41.44668978980195],[1.687248288177955,41.446796756964716],[1.687726130356623,41.44761457075583],[1.688159552321451,41.44765093034613],[1.688668943616847,41.44824236139584],[1.689155299677338,41.44834852456472],[1.689696848930396,41.44872259487181],[1.690635051366542,41.448954340270575],[1.690757243152234,41.4488232703776],[1.690713379618785,41.44805074104886],[1.690969282606318,41.4476171248304],[1.690994576938181,41.44713890763444],[1.691587698713306,41.44557501357599],[1.691797529432449,41.445332306340845],[1.692913740077017,41.44488149418561],[1.693334038235264,41.445233470847995],[1.69454028990242,41.44569735105188],[1.694383261078599,41.44650513020758],[1.694496217726282,41.44674359803861],[1.695819061100792,41.44766186520292],[1.696689040067156,41.44744617989727],[1.697593775132589,41.44787735625499],[1.69810942570939,41.447892258920604],[1.698290292862737,41.44840708661775],[1.699649473344493,41.44899970297388],[1.70016562934029,41.4486904620951],[1.700613757918575,41.44777169490777],[1.700696757249545,41.44676891665216],[1.70064019528877,41.44648307703238],[1.70160567955844,41.44709179485045],[1.702355128686236,41.447196141388815],[1.702425234436987,41.446842122366036],[1.702072172292901,41.44626233034222],[1.702715608438552,41.44589383583184],[1.70373248626521,41.44440257911572],[1.706204057071545,41.44432822496759],[1.706709446383854,41.44552302286917],[1.706893409003612,41.44645186426209],[1.707225231858956,41.44636619124668],[1.707479903674596,41.44723812174192],[1.707843254962256,41.447628406825515],[1.707616787684572,41.44797081020471],[1.708656716034625,41.44894555389419],[1.706302856591549,41.450203632591524],[1.707079065046798,41.45194553216055],[1.706759687009935,41.452327795291524],[1.707174278070454,41.45259888692908],[1.707184423322474,41.452904624948474],[1.706898691621291,41.45342054262392],[1.707564724132681,41.45402349308972],[1.707212589189623,41.4541189768093],[1.707092395697487,41.45427695801516],[1.707110008919756,41.454519345991],[1.707210427219422,41.454749319725295],[1.707578800321357,41.454878259124314],[1.708054795292583,41.454840732213995],[1.708155454610505,41.45490864541762],[1.708152660416943,41.4550347762339],[1.707799638742301,41.455283389316946],[1.707773648335206,41.45541950710452],[1.708126607057238,41.45566611200144],[1.7082105722601,41.45583373393964],[1.708046544012802,41.456542756742806],[1.707057146769898,41.45775386205105],[1.707466117067611,41.45827729176358],[1.707602596382685,41.458838957052194],[1.70780243473456,41.4591188602472],[1.708401691684685,41.45962547983203],[1.709879519724041,41.461518660657646],[1.710393154020835,41.46265903788429],[1.710967506944883,41.46348182042965],[1.711503260067389,41.46393704286021],[1.711590477218749,41.46414952028414],[1.711194154086911,41.46561540532667],[1.711234970717328,41.46584783960611],[1.711452163286708,41.4660370039046],[1.712249877230022,41.46647240887455],[1.711965215722103,41.46766363017235],[1.713230507881633,41.46744959512267],[1.71383286929148,41.467172722643],[1.714573613881157,41.46649404296568],[1.715510589642008,41.466374478999],[1.716071236898074,41.46601828991214]]]}},{"type":"Feature","properties":{"postal_code":"08100"},"geometry":{"type":"Polygon","coordinates":[[[2.195550524337193,41.54559065168718],[2.211455422329891,41.55826155432726],[2.212163208565187,41.55666555357243],[2.218984809101642,41.55629903936915],[2.224502289249244,41.55589135959855],[2.224706587339142,41.55599130935144],[2.225419350422669,41.55595296675597],[2.226005221863488,41.55627121614367],[2.227171273835211,41.55548691558869],[2.227300556775276,41.55570011786614],[2.227919394664298,41.555377782858386],[2.233624953628691,41.55476679155419],[2.233384783381041,41.5531838993175],[2.233577403774177,41.55221775584471],[2.233421532377804,41.55148094129237],[2.233467331252314,41.55116634674948],[2.232983609306132,41.54931968965195],[2.231953511445397,41.546801490796156],[2.231797132831389,41.54664010115971],[2.232403382909808,41.54621292588581],[2.231870581362216,41.54469441071848],[2.231188186585541,41.544545461403914],[2.23083484475228,41.54091543429985],[2.229144377411103,41.53987564624407],[2.220619850325818,41.5311977415825],[2.219253920432095,41.52837370488254],[2.2168564933325,41.52538083665627],[2.215453570725685,41.52388900527336],[2.213748337415836,41.52456845566968],[2.207154568428564,41.52645201105145],[2.207701441668178,41.527293725225206],[2.206402174920413,41.52811799165198],[2.207908045619774,41.52940847112404],[2.206414651215198,41.530356864677515],[2.206084028954763,41.53012150400417],[2.205332845934095,41.5303337547989],[2.2047155782613,41.529946897031664],[2.20453351590902,41.529977159218504],[2.204420053842398,41.5301129046868],[2.20402431257196,41.53067539285507],[2.204211994787727,41.530913482970846],[2.204212474126393,41.53132359810553],[2.203274006390245,41.532155512366955],[2.202539898797284,41.5342739014194],[2.200705723390399,41.536403735244164],[2.200438294691537,41.536862318441194],[2.200265498953627,41.53737867498586],[2.200655128431436,41.53805041729288],[2.200801493094446,41.538570922410145],[2.200473040898089,41.54015426071055],[2.200359282055217,41.54040884978855],[2.199423893597782,41.54119877920027],[2.198352292024651,41.54486393292416],[2.195638496919059,41.54552042902458],[2.195550524337193,41.54559065168718]]]}},{"type":"Feature","properties":{"postal_code":"08294"},"geometry":{"type":"Polygon","coordinates":[[[1.779907117619359,41.65345104812735],[1.777978306553621,41.648480505970554],[1.777891198220232,41.64714259535447],[1.778305386384488,41.64576581693888],[1.779059960748555,41.64444687302472],[1.780199406277575,41.64378710069411],[1.782275451650776,41.64280921927002],[1.783333015706091,41.641693680418996],[1.785091214587851,41.64031479039522],[1.785570467802813,41.64014172396139],[1.78704024421188,41.64021541710781],[1.787406492215837,41.640137117633856],[1.787659762887756,41.640153576126636],[1.787851894049652,41.640316609723754],[1.789198689967577,41.64051244609249],[1.790044827007137,41.64010794812327],[1.790285434325313,41.63979176897493],[1.79051333961894,41.639143000748845],[1.788755978005952,41.63584012002548],[1.788520522903809,41.634931595216926],[1.788369589684805,41.63467683256977],[1.78834633231736,41.63436266520483],[1.788824623257767,41.6325599930492],[1.788773352008604,41.63186886225816],[1.789073569089908,41.630415786259505],[1.789034286702986,41.63004827470809],[1.788368155266141,41.62867155294981],[1.788329568954452,41.6281509668936],[1.787418240059708,41.627189604216824],[1.786955590128343,41.6262905735511],[1.786732168854485,41.62521951876573],[1.78700191420694,41.624325908314006],[1.786712065409461,41.62332959168731],[1.786687363730834,41.622187175697604],[1.785908290934856,41.619446650042846],[1.785021681705246,41.61800708365996],[1.785406393690096,41.616883592104045],[1.785456062347407,41.61447757018368],[1.785530510025012,41.61418636970518],[1.786475280210027,41.61317455236366],[1.786471902356425,41.61264347841376],[1.787401383167264,41.61142519741492],[1.787405384251088,41.61115493495225],[1.787231940101947,41.61091909494024],[1.787388051617256,41.610597450611806],[1.7878192693438,41.61058846368661],[1.789525508095721,41.60997699843972],[1.789946744246834,41.60999541655519],[1.791758040900845,41.61047792981259],[1.792119511706062,41.61049885703659],[1.793327371361102,41.610124230049166],[1.795323920262717,41.60970763529912],[1.801744072431006,41.60682796114145],[1.802952487867003,41.60646220956329],[1.803669418408901,41.606585243114466],[1.804107212877568,41.60650387785165],[1.804618648331939,41.60612229910481],[1.804969079059731,41.60502721533368],[1.805668548364793,41.604754783706255],[1.807707478717134,41.60475037612895],[1.808688048214833,41.60454718060788],[1.80922366104312,41.60481281066268],[1.810060043136446,41.60476873219119],[1.811169793051477,41.605334429140555],[1.811400335157316,41.605369764403065],[1.811576371152569,41.60531736990066],[1.812559192552669,41.60433975557521],[1.81279789061017,41.60335737484297],[1.812335092290652,41.60245843860605],[1.811959467955091,41.60047544698426],[1.808720005623741,41.57950724626238],[1.806098921627893,41.57182910263094],[1.803263228814956,41.56867961387309],[1.79897643671319,41.565356743918585],[1.797454507719351,41.56488020126028],[1.797064923207643,41.56576984660114],[1.797189256279125,41.56663799904442],[1.796969605862614,41.56723238526632],[1.797195430124987,41.56769111325423],[1.797265240898128,41.5683094250399],[1.796785233151979,41.568788709731166],[1.79656416360524,41.568878995369346],[1.795596064107087,41.568919475653274],[1.794946674449477,41.56921670428744],[1.794571614888127,41.5698176411712],[1.794539133174453,41.57018811508942],[1.794406979598421,41.570346721324086],[1.793074410055965,41.57113170356524],[1.792815473655196,41.5716827163842],[1.791628341574665,41.57346098813406],[1.791000192105173,41.5738833736188],[1.789639534037235,41.57396723629887],[1.788443547231907,41.57465642275571],[1.787934927554829,41.5750738241976],[1.78755046198421,41.575224903106744],[1.787054394144945,41.57532666679219],[1.786298689333023,41.575322191765736],[1.785230137360941,41.57578994355106],[1.778805211591248,41.57484234140094],[1.776860755919131,41.57481530688091],[1.776698142305406,41.57407479071901],[1.775860241257135,41.572957249077774],[1.773606505136115,41.57263692495411],[1.772990230314861,41.57273455985205],[1.772797666579038,41.57288665679374],[1.771700197805899,41.57475105841456],[1.771520896372238,41.57492058241894],[1.764945297287625,41.57648145115803],[1.763949790950107,41.576477814299665],[1.762813611758759,41.5761918541707],[1.762058469023088,41.576358259326184],[1.761241628298478,41.576338144190004],[1.759723571785401,41.57607704491966],[1.757619754448115,41.5760022689895],[1.756711106432419,41.5763640806378],[1.756514448083294,41.576624341739944],[1.755243918272186,41.57679407708497],[1.753300787301498,41.57678460542519],[1.752855907973753,41.5766049631485],[1.752550533280498,41.576365498868654],[1.751100972731706,41.576056417169866],[1.750034693346436,41.57557836005327],[1.749242509334351,41.575404128098],[1.747374273903631,41.575598510263035],[1.746245425985592,41.57541110413911],[1.744556605303103,41.575436003668585],[1.743902557157298,41.57534600221618],[1.743108508850582,41.574982675210265],[1.742614128139508,41.57445391701464],[1.742220969721984,41.574488171292046],[1.740710898289308,41.575315902806665],[1.73825683188727,41.57569640776296],[1.737852742210293,41.57607326327047],[1.737786568295462,41.57664324728802],[1.737870485834264,41.57729701574465],[1.737326922099783,41.57855296664604],[1.736635728356191,41.579265783688925],[1.736430178409989,41.579733469823736],[1.736204212954078,41.57992284186565],[1.7350130806891,41.58035921360681],[1.733547040063854,41.58064481940289],[1.733378232819177,41.580795870433064],[1.733296030287534,41.58147449255375],[1.733151745756459,41.581633550248114],[1.733397335318784,41.58269481681231],[1.732944479004516,41.583388793957624],[1.732866550950575,41.58363505801151],[1.732924127346564,41.583929833295144],[1.733124484607288,41.58420967983284],[1.7339423568543,41.58473416265144],[1.73461901215768,41.58496731279121],[1.735098068421109,41.58561382641693],[1.735443901814619,41.58591463705085],[1.737131671189672,41.58587197231367],[1.738365693921651,41.586019070823454],[1.7387136056484,41.58618477810501],[1.739087194818183,41.58670052221129],[1.739169365873522,41.58700325829369],[1.73936647118569,41.58723821966805],[1.739806000446549,41.58750817096529],[1.740211743077452,41.58764446771801],[1.743622279844317,41.58803465477547],[1.745290441300824,41.58870395902045],[1.74391326628421,41.58905802840525],[1.744307338412909,41.58985206322211],[1.744227225006398,41.59055763892388],[1.744790553141513,41.59153374688486],[1.745640288368577,41.59248896539344],[1.746082099209502,41.593443083131774],[1.745692607327953,41.59385535034414],[1.743028748877634,41.594001598994566],[1.742621336205673,41.59433355494957],[1.741315192342256,41.59451363429679],[1.740307012758421,41.59417711787967],[1.740441769871779,41.59536005372348],[1.739180055215343,41.59565528676205],[1.738785985784602,41.59584265241648],[1.73674735490647,41.59748447812615],[1.736117041668138,41.598212773400746],[1.735519472745466,41.59873267417356],[1.73524786129974,41.599446191788275],[1.735242468065451,41.60051783383096],[1.734862550366415,41.601226783789],[1.734784528782939,41.60163517582271],[1.73480743361614,41.602111402818934],[1.735034286702955,41.602588226065734],[1.735585286032119,41.6032317638348],[1.735602366855744,41.60346514779832],[1.734872145233282,41.60446767784106],[1.73496482306814,41.60491405004336],[1.735398299891642,41.605427373174734],[1.735269292144096,41.60563077374121],[1.735004705302913,41.60578572872839],[1.733304108897471,41.606315105657586],[1.73293299735991,41.607635966926296],[1.731795853196047,41.60979877439388],[1.730558256558311,41.611083294058744],[1.729399784072768,41.61148221533193],[1.72875331901048,41.61215714303768],[1.728924218977511,41.61285239272371],[1.727588742826185,41.61263733874216],[1.725885621124519,41.61346382739367],[1.725677168166783,41.61405766323054],[1.724853751599369,41.614118602191695],[1.723850584836612,41.61385379771457],[1.722827642881384,41.61413901770146],[1.720534834814771,41.61510679794037],[1.713957296791818,41.61720510513146],[1.712166528062824,41.62078112255074],[1.708149208818895,41.62426843713865],[1.707816868853399,41.62431811299052],[1.70699013108964,41.62367678125844],[1.70661380798083,41.623782231264954],[1.70622005601075,41.623483295717506],[1.705738406102569,41.62329596963326],[1.704909843614359,41.623122857333954],[1.704880960987566,41.62338517788362],[1.705481321405841,41.624377955678085],[1.706303245098695,41.625118513208804],[1.707073837287737,41.62548307498389],[1.708114323217444,41.62691690998736],[1.708766216587605,41.62762845628822],[1.70907844321556,41.62779569331656],[1.711208867894925,41.62821237620017],[1.709562824364866,41.629171347579586],[1.712404243161302,41.63176470098017],[1.713327802835806,41.63208688310317],[1.713573325848301,41.632490960189614],[1.714311894078662,41.63241556822385],[1.71538237509651,41.632776724266364],[1.715547126398747,41.6335532690681],[1.715778718013439,41.633930895294554],[1.715644647982117,41.634395567801164],[1.715810044098248,41.63452385069513],[1.716440128009481,41.6346059578986],[1.716753064202521,41.6354394126987],[1.717025485937427,41.6355542759091],[1.717269710328878,41.63594038184311],[1.717635157036852,41.63617742964465],[1.717840885048815,41.63652914010771],[1.71832344597027,41.63656329276171],[1.718747868419371,41.63695099858967],[1.718520518906814,41.63761758688213],[1.718733135725643,41.63773490614096],[1.719250952769244,41.63775860507553],[1.719499466926834,41.637874409876076],[1.719620279152537,41.63804951777098],[1.720111388130022,41.63820038533947],[1.720266984333875,41.638193998354325],[1.720596896129848,41.63794631067367],[1.721931841681112,41.637819323702786],[1.722608184919807,41.63820559870936],[1.725198873629097,41.638837165602695],[1.725379462891908,41.639171863590605],[1.725049855966063,41.64057200729229],[1.725655927079345,41.64081711212003],[1.725934182716344,41.6411748165645],[1.725930006264775,41.64144506913459],[1.72577168061855,41.64157768406284],[1.728807613780361,41.644351638417334],[1.728771539275101,41.64451519002398],[1.729134136930838,41.6450404489575],[1.729054878779607,41.64526882369722],[1.728841982271661,41.645475682156984],[1.728481490828131,41.64563457437606],[1.72825257109929,41.64595016087122],[1.728353536186717,41.64601802191413],[1.729131286079962,41.64614799373493],[1.734427880142562,41.646352570614624],[1.742024098233514,41.64534540186878],[1.743042528290061,41.645483373159095],[1.745379387848459,41.64543167742994],[1.747511164208845,41.64601869910365],[1.749390037720048,41.64577879235736],[1.751923990899456,41.64498056759908],[1.753149288408906,41.64483072615707],[1.754004244200473,41.64486732406772],[1.755684935911063,41.644545531351184],[1.75639837168751,41.64429083255584],[1.756986012094785,41.64428444916797],[1.757401467403781,41.64454634883492],[1.758861177701192,41.64513402521504],[1.760635385414673,41.64575361313871],[1.761008256026173,41.64608928509239],[1.761612545582523,41.64630725917266],[1.762436215758726,41.646246070199936],[1.763260705217363,41.6458696652528],[1.764464113228257,41.64574764074098],[1.765023153395816,41.64584145891615],[1.765380733733878,41.646294752300946],[1.765575408178506,41.64681787174737],[1.766450897291065,41.64729469679281],[1.766013281787536,41.64819522303111],[1.766086348106455,41.64853430611333],[1.76695447626804,41.64939856539144],[1.767017463884827,41.650413340603166],[1.767272016090658,41.65077192818194],[1.767888354763727,41.65098936626623],[1.768130963073475,41.651186349270574],[1.768748526623199,41.65207004919341],[1.769503777277464,41.65238075236982],[1.770506397252404,41.65246508809332],[1.771156663749025,41.65216793410286],[1.771526366948251,41.65213453238272],[1.771843521861058,41.652202336768426],[1.772175225106537,41.65262970719522],[1.772701102773681,41.65292295722867],[1.773707084414411,41.65289007531669],[1.774246969022386,41.65304765542493],[1.774533477737805,41.654161154613575],[1.774972298332898,41.65489918235136],[1.775149157207807,41.65469372143809],[1.776881241576007,41.654090376169904],[1.778544104227024,41.65401206410547],[1.779169121357882,41.65369791922359],[1.779802778275609,41.65366246884781],[1.779907117619359,41.65345104812735]]]}},{"type":"Feature","properties":{"postal_code":"08014"},"geometry":{"type":"Polygon","coordinates":[[[2.133735505689003,41.36415711256069],[2.133993799973894,41.36436863040797],[2.132845868442075,41.365369701750296],[2.132544645019323,41.365356826156585],[2.132486413916865,41.36553736235936],[2.132375781117389,41.365512798276995],[2.132313506662967,41.36583821706006],[2.131698899184812,41.366729841808706],[2.131008768439926,41.368529101037154],[2.130929460825939,41.368528502988],[2.129965365109513,41.36979309907224],[2.136086877607283,41.37606483612325],[2.134103349090253,41.380272770272086],[2.134089293586044,41.380502858220325],[2.133241473914893,41.38197978873626],[2.132148297605852,41.38457456576356],[2.131363352236917,41.385905975180606],[2.131271565630243,41.38630406817816],[2.131328496313017,41.38659339626821],[2.130940324636242,41.387509515851434],[2.130566989075248,41.38794123000372],[2.130611703367379,41.388572252807194],[2.130306799918856,41.38905712768428],[2.132442941588465,41.389548965112624],[2.132550780194322,41.389169728200386],[2.132777476799106,41.38892950399338],[2.132930240138478,41.38896781241459],[2.133208135147299,41.388693723336644],[2.133413533108069,41.38863943576132],[2.133448466373636,41.388398760094674],[2.134068557018281,41.38790638756973],[2.134038085289376,41.38759647399803],[2.134247765821726,41.38725681265174],[2.134379372609942,41.387139121073574],[2.134684928066974,41.38709541492142],[2.135037541449378,41.386786878211865],[2.135128512370954,41.386497914347274],[2.1350214876515,41.38624105717901],[2.135262291021888,41.385984200010796],[2.136707110344844,41.385026339294086],[2.136974157731174,41.3849350688983],[2.138275331041712,41.383680680119255],[2.140195529300229,41.38205643615561],[2.141304995928806,41.38086089181667],[2.141523420569399,41.38089624506563],[2.142120472381862,41.38072061196664],[2.142880833883339,41.38026248562517],[2.147985863356894,41.37645763211401],[2.148521799941079,41.37660437719023],[2.148732687363633,41.376968158353804],[2.149338511163364,41.377343190935505],[2.14949717855194,41.37708355306353],[2.148941840893258,41.37647051670098],[2.148738369280295,41.37643389181062],[2.148363816037261,41.37614384156501],[2.148984037982927,41.37556799216907],[2.149243835934271,41.375013893776156],[2.140599630668419,41.36862259815433],[2.137502615553274,41.36652991172605],[2.133975223577693,41.36372218962731],[2.133783496211379,41.3640917021703],[2.133735505689003,41.36415711256069]]]}},{"type":"Feature","properties":{"postal_code":"08339"},"geometry":{"type":"Polygon","coordinates":[[[2.351265962953789,41.511584794003],[2.349332568043565,41.512605165695845],[2.348581634135087,41.513551194032345],[2.348559425377175,41.51374059934915],[2.346926624364187,41.51412277524588],[2.34480718220567,41.515293489303076],[2.338899478128383,41.51715256064216],[2.336894195011098,41.518685998260196],[2.333689079587316,41.524859962817004],[2.332273124904759,41.523234936443146],[2.33105337711163,41.52383851463571],[2.329336027235854,41.524368477922906],[2.329067986098664,41.52530586287526],[2.329205136307962,41.52568896057704],[2.329071272221427,41.526100272709414],[2.328446399881443,41.52680450032739],[2.32843375811143,41.527525306947325],[2.328783838103618,41.52813923273936],[2.32866718434309,41.52846874433703],[2.328192043727825,41.528517850918035],[2.32746191293694,41.52838072588975],[2.326892779678019,41.528452167133764],[2.326242631891944,41.528995533017394],[2.325232472000948,41.52924046157801],[2.324889037998673,41.529580540209736],[2.32488345230945,41.52994989806933],[2.324655065878574,41.530086522175225],[2.32316690462892,41.53020063535104],[2.322223827867333,41.529659256969126],[2.321481950131897,41.529378587551776],[2.320774116232485,41.52936642601975],[2.319239063432008,41.53080602657684],[2.318985770277038,41.531222899217425],[2.319090276894769,41.53264046278713],[2.318996133165001,41.53280687693581],[2.318675356682377,41.5328397687403],[2.317856648065856,41.53249962086079],[2.317183830169597,41.53247681585236],[2.316654680768863,41.53274443071086],[2.316274490575267,41.533221200897685],[2.32877350579264,41.53936456782054],[2.328076114820817,41.54108089696581],[2.334148100754248,41.54279155228829],[2.335240529726661,41.54382921614541],[2.34196901805575,41.54636818304516],[2.343164367241741,41.546186469629845],[2.342554404761984,41.54562071332526],[2.342515157448531,41.545145400040155],[2.342964507306135,41.544782359917974],[2.343184200890164,41.54424999634023],[2.343581265962655,41.54397940292711],[2.344050441374748,41.54284121375099],[2.345272693779805,41.542406113651225],[2.347870710165125,41.54179885992943],[2.348416766820321,41.541881399706824],[2.348915978689433,41.541687069702505],[2.350803649368913,41.54132861702203],[2.35171175509339,41.54103263574751],[2.351297139751182,41.54077472457385],[2.349654100856071,41.54076137863467],[2.348487643290071,41.53839354372701],[2.34287420727884,41.53483886092465],[2.3438508062697,41.53303784801824],[2.342921588960166,41.530615436852884],[2.345316611272608,41.53104397999567],[2.360396732922879,41.52477532222332],[2.362368525287195,41.52269415790903],[2.364959758086343,41.521015341284965],[2.367294666115924,41.52040995995168],[2.371834174007915,41.51607595434177],[2.375652603684728,41.513736391421276],[2.376549445400599,41.51444045356408],[2.379975083583247,41.51242332367741],[2.372229982727504,41.50843163601115],[2.370517511673825,41.50641492340998],[2.369859879729631,41.504266319834755],[2.366339095972478,41.50266629371447],[2.365615472675927,41.50188144996889],[2.359739759282434,41.50655902268073],[2.356706076224441,41.5079695391629],[2.351266025007021,41.51158474094302],[2.351265962953789,41.511584794003]]]}},{"type":"Feature","properties":{"postal_code":"08188"},"geometry":{"type":"Polygon","coordinates":[[[2.280716403039548,41.53442337234071],[2.280744186694847,41.53476421989279],[2.280975917704438,41.53540172411027],[2.280896848410805,41.5359005456736],[2.280373704682688,41.5369779325855],[2.281393706754159,41.53729107562259],[2.281249587698312,41.53787387407999],[2.281680019417365,41.53977165403859],[2.282666494762907,41.5430482295921],[2.283716974858464,41.54402611911007],[2.284132274584806,41.544709211760676],[2.286362761432258,41.543409005221406],[2.287262248054276,41.5431244480348],[2.288360154797317,41.542335584319744],[2.289270232735021,41.54188849086114],[2.291020165947884,41.54160065114911],[2.292630534271723,41.540779085386475],[2.293146136285145,41.540197120600624],[2.293691518448782,41.53910062039728],[2.294115031683361,41.538711925315056],[2.294973225034312,41.538510248748935],[2.29581180866802,41.53792235113559],[2.296447428805777,41.537785002176065],[2.297422952207455,41.53813598868493],[2.298182312763515,41.538776121620685],[2.298494096025706,41.539364899670375],[2.305059280961018,41.54110489627391],[2.305387083846824,41.540864660375746],[2.30558784310449,41.540828361039985],[2.307323695632022,41.54095507012039],[2.308206528608423,41.54076114840825],[2.308499394631326,41.54038746660825],[2.308585018184033,41.53924019338018],[2.310741899119364,41.53778086979128],[2.31098821803181,41.53698621264357],[2.311796194139049,41.53690379607332],[2.312309254668378,41.53643887085718],[2.312983123872073,41.53618255957741],[2.313805990953711,41.536135444994784],[2.314276389443819,41.53573552997074],[2.31484818739392,41.53467370492751],[2.316654680768863,41.53274443071086],[2.317183830169597,41.53247681585236],[2.317856648065856,41.53249962086079],[2.318675356682377,41.5328397687403],[2.318996133165001,41.53280687693581],[2.319090276894769,41.53264046278713],[2.318985770277038,41.531222899217425],[2.319239063432008,41.53080602657684],[2.320774116232485,41.52936642601975],[2.321481950131897,41.529378587551776],[2.322223827867333,41.529659256969126],[2.32316690462892,41.53020063535104],[2.324655065878574,41.530086522175225],[2.32488345230945,41.52994989806933],[2.324889037998673,41.529580540209736],[2.325232472000948,41.52924046157801],[2.326242631891944,41.528995533017394],[2.326892779678019,41.528452167133764],[2.32746191293694,41.52838072588975],[2.328192043727825,41.528517850918035],[2.32866718434309,41.52846874433703],[2.328783838103618,41.52813923273936],[2.32843375811143,41.527525306947325],[2.328446399881443,41.52680450032739],[2.329071272221427,41.526100272709414],[2.329205136307962,41.52568896057704],[2.329067986098664,41.52530586287526],[2.329336027235854,41.524368477922906],[2.33105337711163,41.52383851463571],[2.330139805307738,41.52292671359692],[2.329002410233045,41.52206129779063],[2.327370603870236,41.52115583157632],[2.326834238309459,41.520460544118805],[2.326044823309928,41.520038064205266],[2.324834558867792,41.518284739649005],[2.322759934423402,41.516652551973664],[2.321798692255811,41.51691210171208],[2.320224757266715,41.51699526471964],[2.319169938841583,41.5171560302266],[2.317738344049303,41.517056556215095],[2.316417998092106,41.517411326171725],[2.315736265216458,41.51747345673459],[2.313275533938736,41.51653420568903],[2.312592578884392,41.51638578697447],[2.311962191002294,41.51658605610157],[2.310627332685272,41.516521829219016],[2.309539766347143,41.516113060369435],[2.307174085315751,41.51311666410277],[2.305691046604522,41.51358140585717],[2.303038009696365,41.51511756662239],[2.302107786045497,41.51531361613047],[2.29881660730058,41.514907586615834],[2.296626133089546,41.51448664993893],[2.293573546282119,41.514654638800494],[2.290493279241446,41.51433767364472],[2.284759247741079,41.51525925121342],[2.281883476641099,41.513924295769584],[2.281853376332265,41.515024029935034],[2.28051287207137,41.51665227228449],[2.279386336310381,41.51782048802505],[2.277692250996552,41.51805152295941],[2.277115512171122,41.51861825592772],[2.276287932641992,41.51889936421429],[2.273292752258726,41.519334267362524],[2.271925451798154,41.51990131599291],[2.271111428649476,41.52049690280978],[2.270825759001582,41.52051903332671],[2.270258467554243,41.520761198270634],[2.26947074597814,41.52167964799736],[2.272524891310695,41.52343886041507],[2.272167192262089,41.52757857289282],[2.272802456268323,41.529052851307995],[2.273274999641501,41.52926518394105],[2.273984285946028,41.529295563039796],[2.275537205577564,41.52982731507848],[2.276019267375261,41.530156243016165],[2.276456303715406,41.53066730525194],[2.276678474931657,41.53118827172136],[2.277045085362374,41.53142342375196],[2.277659199112748,41.531314159720694],[2.278784108000195,41.531739522860676],[2.279842402305007,41.53237496493267],[2.280716403039548,41.53442337234071]]]}},{"type":"Feature","properties":{"postal_code":"08022"},"geometry":{"type":"Polygon","coordinates":[[[2.139927737275229,41.412256192968925],[2.140657829395309,41.411704535336014],[2.140846410933079,41.411717296715835],[2.140877632696572,41.411578235447166],[2.140302714098993,41.41112742598989],[2.139571791005324,41.41071890355454],[2.139705897908868,41.4076099778182],[2.139549255793497,41.40610262323747],[2.139739376071361,41.40506684076206],[2.140374410750439,41.40491485713494],[2.140967218662183,41.40451490613799],[2.139401159036254,41.40380592110637],[2.137930949153997,41.40283615426506],[2.134148853886472,41.39934718042804],[2.133530669804543,41.3999079805688],[2.132912293267736,41.40075547738337],[2.132886552872094,41.40091140183972],[2.132739263706071,41.40097533104665],[2.132312184659611,41.40164227007466],[2.132170752777995,41.4016829976722],[2.131897429922446,41.40207934688431],[2.131424691396376,41.4025533831321],[2.131148015868234,41.402617345613976],[2.130623605894698,41.40330581800907],[2.130111448284708,41.403666960561736],[2.128701552334746,41.40510018402625],[2.128112610608468,41.405453274948684],[2.128341152622113,41.40796555536605],[2.127814311781037,41.408430566017785],[2.126731993886381,41.40870824339072],[2.126409000574881,41.40895773870864],[2.12610521858096,41.40925795579],[2.125903158903668,41.41017281002712],[2.125741743186893,41.41036724615145],[2.12756597029329,41.41135145520548],[2.130952607576774,41.413801669811164],[2.132392087624737,41.41439388776769],[2.133766703170807,41.41463949441709],[2.133811933673769,41.41485634614344],[2.135398075161049,41.41493005817563],[2.136049503581717,41.41516213902145],[2.136760056131664,41.414480798250224],[2.137794762118574,41.41392614497556],[2.139814842680835,41.41237066587348],[2.139927737275229,41.412256192968925]]]}},{"type":"Feature","properties":{"postal_code":"08720"},"geometry":{"type":"Polygon","coordinates":[[[1.733551200327611,41.36399750807851],[1.734358899443635,41.36327089813341],[1.732303301056504,41.36030394567052],[1.731339735040706,41.361027946682384],[1.73074009587873,41.360664408335765],[1.730073628095454,41.36087189002569],[1.730429170569778,41.360497097562984],[1.729894895932716,41.360223684775235],[1.729286610688519,41.360563839849306],[1.728684042434622,41.36032699799256],[1.726375678794511,41.36212433177246],[1.725397284756866,41.36114602766702],[1.725881381720399,41.36040583076448],[1.724492105426293,41.35987776594612],[1.724199423764389,41.360618523126334],[1.721752267752947,41.35999890372642],[1.722357898198425,41.35911861763009],[1.721557496181504,41.35747743043902],[1.720700212045131,41.35751263709852],[1.720998656562756,41.35569121227962],[1.72214822036409,41.355733982237496],[1.722522025371177,41.354953270876706],[1.723623543791518,41.35531312110362],[1.723887972352031,41.354671992618364],[1.725509155922794,41.355117342291464],[1.726304917437972,41.35422082163359],[1.725978483320318,41.35284709281905],[1.727973790258204,41.3507025532802],[1.728005657734911,41.35312379083024],[1.728318020160486,41.3534795212629],[1.735510424666359,41.35082526487406],[1.73508649594504,41.3502575255643],[1.738022564789503,41.348732391386704],[1.735230638383257,41.34171490771678],[1.732849194035055,41.34083393273977],[1.729717063991302,41.337181356034705],[1.728699833630401,41.33764534865389],[1.728875847142604,41.337936343187664],[1.725393941976847,41.339176971440054],[1.724210148179793,41.33899215176638],[1.72385361195461,41.33984248863993],[1.724820928143288,41.34000248972308],[1.724845390602297,41.34133231813195],[1.722370834946048,41.3423091527452],[1.721868645421637,41.341302822167506],[1.72211101720967,41.339545579265064],[1.71842672591265,41.33913988879482],[1.721368920039595,41.33687496420822],[1.720354906553666,41.336404536939824],[1.720902599075657,41.335383176892094],[1.718026285684516,41.333770968555314],[1.718540113335564,41.33344313329394],[1.720973828079707,41.33422664424421],[1.720906492240829,41.33346408479963],[1.722178145305179,41.33419402493428],[1.721760575689984,41.33337551956453],[1.721408090910643,41.332309552244],[1.720062330112455,41.331869653361764],[1.71935538294457,41.332160396085385],[1.716703295720492,41.33034198129735],[1.712433527785095,41.33027246100522],[1.709455913859301,41.328568534410294],[1.706111179587253,41.325084450187205],[1.702510958713788,41.32418804464254],[1.699544555736622,41.326118622876095],[1.698957608706678,41.330745802077104],[1.69751381101355,41.33026462071564],[1.697986828329476,41.33234992730729],[1.696238698257332,41.33280125387472],[1.694267551606231,41.333953862780504],[1.691258164632586,41.333635036927376],[1.684775046431241,41.33518551489959],[1.681543926211191,41.333102833428995],[1.683402007396694,41.33086616464175],[1.682766168723674,41.32350055070981],[1.682177513881129,41.32395785956754],[1.673501794572132,41.32756095017771],[1.665298297578374,41.329441944290295],[1.664383800372093,41.333359195070784],[1.663889726329785,41.33480300085779],[1.664449297996669,41.33828337537744],[1.663849444796028,41.34008886780697],[1.664905160744581,41.34148663639911],[1.665160427012097,41.345212906250595],[1.665641927632862,41.3459417770913],[1.673239333728247,41.34774884423376],[1.676551824607031,41.3502870709915],[1.677533377063696,41.356136239995465],[1.682430422126288,41.35926866321819],[1.684042074681997,41.360742607085626],[1.684012971721245,41.362499521735515],[1.686124562798341,41.363610920107874],[1.687788816700504,41.36431732498454],[1.689746329629372,41.36577706316092],[1.696294154051941,41.3700653931034],[1.700789571781286,41.37157417221027],[1.701959775023568,41.370895988059374],[1.704332333170612,41.37015050494182],[1.706688304221871,41.3685142999949],[1.707106953023469,41.36835308572631],[1.708762343207582,41.368105106665325],[1.709990477178792,41.36756853426044],[1.710506153835922,41.367097189683534],[1.71292718903851,41.36652965721788],[1.715449398870646,41.36554372326418],[1.717271428933316,41.366774398719485],[1.718736691645006,41.36802875872024],[1.719478368831631,41.36886263800034],[1.72108658957444,41.37027311671096],[1.723264421116141,41.371957301388306],[1.725805731649189,41.36942169255707],[1.725483083677375,41.36909282577329],[1.732014644760056,41.36492629101548],[1.733551200327611,41.36399750807851]]]}},{"type":"Feature","properties":{"postal_code":"08038"},"geometry":{"type":"Polygon","coordinates":[[[2.177626400138251,41.374917436090755],[2.176063132007926,41.372707216364915],[2.173129031779411,41.36479249617673],[2.168469364569489,41.36042567520474],[2.162339723999025,41.35308329076122],[2.153089597806684,41.351567818899696],[2.146773674365591,41.3493288667338],[2.14525887429761,41.35110051857407],[2.137269008557894,41.34884273460449],[2.137026517160052,41.34896909834521],[2.137143743788727,41.34901090782711],[2.136787793921542,41.34936194199997],[2.137002166216973,41.34942790367478],[2.136130772617037,41.35025183105711],[2.135940110947331,41.35028914662678],[2.135308225694075,41.350982309885694],[2.135415766624305,41.35102222989195],[2.135174641296658,41.35133144738836],[2.134772430303428,41.351640088419344],[2.134225887115008,41.35237901098253],[2.134026540692275,41.35231930409259],[2.133653155668583,41.35274176062376],[2.133884565620178,41.35284025167624],[2.133621420392217,41.35319315014374],[2.13339330915386,41.353101475952315],[2.13287318534924,41.354052025180806],[2.131652645253382,41.35562164882003],[2.132371306090874,41.35591742055249],[2.132672835283131,41.35662290272478],[2.132841837680644,41.35750317982786],[2.132867010604059,41.359070849240254],[2.133000060804136,41.35993838924526],[2.133743045605058,41.36065129532102],[2.135468288830452,41.361945674253434],[2.133566405265356,41.36339677893818],[2.137502615553274,41.36652991172605],[2.140599630668419,41.36862259815433],[2.140823131981961,41.36837620190016],[2.13975586334243,41.365884794747444],[2.139813240088927,41.365714476641756],[2.142187782140411,41.365661447217974],[2.142543928959128,41.36709429296724],[2.143308314926799,41.367929334171436],[2.1452088818844,41.36853799533219],[2.145762593568804,41.36926806766718],[2.147338358678326,41.36960915803621],[2.148505425085261,41.36951870242615],[2.148939911847435,41.36963646774876],[2.149263058943006,41.37001083303352],[2.149577890906926,41.37091936323799],[2.150362214844336,41.371364576214205],[2.151352896319111,41.371731901605926],[2.151668332627423,41.37149663086478],[2.153282237085534,41.371935095328354],[2.153839582930402,41.37155930192023],[2.154684383577433,41.37033948667795],[2.154620929212513,41.369282392968046],[2.155118917104346,41.369435418909404],[2.157150567444717,41.36837580619846],[2.157910490077029,41.36825777557584],[2.15886643074117,41.36882483679676],[2.161894473251323,41.36897088939503],[2.164371409412979,41.370209180309416],[2.165602925734447,41.37042065139195],[2.169088049573816,41.37160583823879],[2.171522231965412,41.37217486807566],[2.173117740791099,41.37212584693026],[2.17419605580335,41.37181038004496],[2.17484138771988,41.37269568076101],[2.174972164433825,41.37381321880497],[2.175375120965043,41.37459471167659],[2.175639121448285,41.37438005159805],[2.176664274836412,41.374411410957805],[2.177919502682869,41.3759681536074],[2.178190913579783,41.37597806593499],[2.178079060400307,41.37562386075257],[2.177626400138251,41.374917436090755]]]}},{"type":"Feature","properties":{"postal_code":"08004"},"geometry":{"type":"Polygon","coordinates":[[[2.167865494097271,41.37503389469845],[2.175375120965043,41.37459471167659],[2.174972164433825,41.37381321880497],[2.17484138771988,41.37269568076101],[2.17419605580335,41.37181038004496],[2.173117740791099,41.37212584693026],[2.171522231965412,41.37217486807566],[2.169088049573816,41.37160583823879],[2.165602925734447,41.37042065139195],[2.164371409412979,41.370209180309416],[2.161894473251323,41.36897088939503],[2.15886643074117,41.36882483679676],[2.157910490077029,41.36825777557584],[2.157150567444717,41.36837580619846],[2.155118917104346,41.369435418909404],[2.154620929212513,41.369282392968046],[2.154684383577433,41.37033948667795],[2.153839582930402,41.37155930192023],[2.153282237085534,41.371935095328354],[2.151668332627423,41.37149663086478],[2.151352896319111,41.371731901605926],[2.150362214844336,41.371364576214205],[2.149577890906926,41.37091936323799],[2.149263058943006,41.37001083303352],[2.148939911847435,41.36963646774876],[2.148505425085261,41.36951870242615],[2.147338358678326,41.36960915803621],[2.145762593568804,41.36926806766718],[2.1452088818844,41.36853799533219],[2.143308314926799,41.367929334171436],[2.142543928959128,41.36709429296724],[2.142187782140411,41.365661447217974],[2.139813240088927,41.365714476641756],[2.13975586334243,41.365884794747444],[2.140823131981961,41.36837620190016],[2.140599630668419,41.36862259815433],[2.149243835934271,41.375013893776156],[2.161382944267473,41.37503870787003],[2.167865494097271,41.37503389469845]]]}},{"type":"Feature","properties":{"postal_code":"08039"},"geometry":{"type":"Polygon","coordinates":[[[2.184497502957413,41.38177407871075],[2.186587997737888,41.380678511104406],[2.1877349939748,41.377715437417464],[2.1885952413773,41.37497539020205],[2.190315736182242,41.375230277854996],[2.191827441683074,41.375923144337605],[2.189134429909984,41.370687499128735],[2.189549656791201,41.36968657977184],[2.190728544786509,41.369386322220976],[2.191195694026021,41.37013500062977],[2.191682272219055,41.36995651038461],[2.187465369131473,41.36343321317224],[2.186807455699523,41.3617228249484],[2.186878379833331,41.36170735570988],[2.186779932847628,41.361451285448425],[2.186541075610137,41.36150337777866],[2.185057062933083,41.35764295695685],[2.184174904448298,41.35783431110457],[2.184364186557957,41.35832650556375],[2.184852944707643,41.35822014724198],[2.186662926552799,41.36294065538692],[2.186123436747209,41.36305804659156],[2.186269323870192,41.363438508380455],[2.186875594632966,41.36356849369099],[2.18889130988606,41.36668696303292],[2.187505115568626,41.36719544961028],[2.18719397801965,41.36671410816956],[2.186910577361232,41.36601938188892],[2.186428842916769,41.36542594625041],[2.185585458701951,41.36479363381915],[2.185842781718975,41.364423814607335],[2.186526460727578,41.36417290735375],[2.186344768895935,41.3638871792499],[2.185565268922005,41.36417491284192],[2.18520584497378,41.36470274833317],[2.184933002356161,41.36459854029039],[2.184718191191564,41.36524521039814],[2.184542108431572,41.36521040573564],[2.184388271301657,41.3656735098246],[2.184928453585258,41.36579345330523],[2.185028948327272,41.365490899785186],[2.186264061936924,41.36693469298166],[2.186522556770569,41.368161547217596],[2.186100359244165,41.36820123340016],[2.186150330972964,41.368480048415506],[2.186547762968871,41.368442689678375],[2.186856847365618,41.3701011573425],[2.186620456968512,41.3701252978442],[2.186387654866394,41.36893270328159],[2.186105708411731,41.36896203287148],[2.185924707259403,41.36795214367646],[2.184710028944664,41.36807320771237],[2.184777148946239,41.36845525500598],[2.184186973350108,41.3685140706678],[2.184537259287083,41.37038519022434],[2.184127815046622,41.37042303189736],[2.184214898199002,41.37096768201292],[2.186720696303098,41.37070424090797],[2.186775600813291,41.37106958059667],[2.1852988429672,41.37119602707497],[2.185508110710714,41.372462760847725],[2.186991835604715,41.37233403818527],[2.18711902402373,41.373123740967856],[2.186381978345594,41.37326995544407],[2.186495149931204,41.373479769076084],[2.186361039430437,41.373556842774065],[2.186707532026958,41.373904035043154],[2.187052286234007,41.37453989889718],[2.186303563758429,41.37477268301291],[2.185629432852011,41.37451039393949],[2.185323854012665,41.37254134180944],[2.184476831140842,41.37261084771245],[2.183779957279171,41.37293708667721],[2.183925999085602,41.37309938732682],[2.184517895984129,41.37282970942351],[2.184563118393214,41.373114361938235],[2.183955477063591,41.373345872613925],[2.18403546276636,41.37347751987164],[2.184582991611762,41.37326992037049],[2.184633530812789,41.37355775558592],[2.1840101594413,41.373745305601346],[2.184081029615811,41.373879274908575],[2.184657206364989,41.37370678404085],[2.184703867689336,41.37400061773428],[2.184039193154206,41.37414174564503],[2.184094417823133,41.37428278272421],[2.184727021634728,41.37414635377121],[2.184774783729267,41.37444703130541],[2.184105873387352,41.37455451467906],[2.184143231225107,41.3746974781061],[2.184797892708559,41.37459255060571],[2.184845212336654,41.3748904968989],[2.184293396423072,41.374940073825314],[2.184318785183791,41.37508503284795],[2.184858137393121,41.37503472837],[2.186379501612691,41.375610861052394],[2.186440080845045,41.375872943281706],[2.186208143890724,41.37590478917468],[2.186252968799465,41.376098761248784],[2.186484906653106,41.37606691355717],[2.186860210830048,41.37755428969871],[2.185969485403405,41.379780701718005],[2.18576653359861,41.38003195071394],[2.184356819311745,41.38070302392538],[2.183209924698247,41.38047175157004],[2.184667159162075,41.37673690128696],[2.182497892763536,41.37401553029247],[2.180639882624462,41.37485111288851],[2.180438223145472,41.37540478320415],[2.181154515168714,41.37510034020852],[2.181067812429603,41.375379982600066],[2.18282777757986,41.37757349831827],[2.182048614851681,41.37945546639662],[2.179222692273413,41.37591632208057],[2.180435820156958,41.37540579314282],[2.180637440065823,41.37485220376618],[2.179183927895963,41.37551413716767],[2.177844617934738,41.3738407947169],[2.182775585424906,41.37160624293375],[2.181721880360499,41.37028699325009],[2.177280530771839,41.37230668440594],[2.177095965606327,41.37207213671974],[2.176769693366623,41.37210084667669],[2.17646158833162,41.36989689972211],[2.176814570436079,41.369866644729825],[2.176731595386798,41.369315904405425],[2.176378483780013,41.36934623044414],[2.17610188199626,41.36746950901062],[2.176418353424253,41.36744167589262],[2.176234234322465,41.36715298811987],[2.17929323509469,41.36604399903132],[2.17944439764085,41.366287068693225],[2.180515808557686,41.3658830824383],[2.180184783401046,41.36538173467926],[2.181963261095632,41.364735694096964],[2.182453921311435,41.36488712014443],[2.182341873878386,41.365205362337576],[2.182850975592032,41.365318445789626],[2.182983445729406,41.364884015684765],[2.182812804767138,41.36484625764865],[2.183036432885046,41.364176676412455],[2.183187643994586,41.36328302009525],[2.18280885674335,41.36321210135736],[2.177018530380849,41.35417518014043],[2.175734542215366,41.35201321263963],[2.175741913958177,41.35160483409578],[2.175090928903217,41.35074938367711],[2.174931015054312,41.35029872080929],[2.171618088004323,41.33501311216537],[2.169644445734548,41.326473879366006],[2.172830586362466,41.317095424414276],[2.171986967424573,41.31693253111138],[2.168829888388643,41.32634545168122],[2.170858560174395,41.33512324584109],[2.169474928924842,41.33528955926573],[2.170037881143287,41.337872795293265],[2.169433375749691,41.337945449722724],[2.171789625590748,41.34878259064402],[2.171435159604926,41.34882635165479],[2.171710336862532,41.349478918617194],[2.172033319382194,41.3493604824003],[2.174553119031202,41.35325278418861],[2.174287353178784,41.35334712037326],[2.17452360687895,41.353691979801],[2.174772807219256,41.35359456163968],[2.177757200234566,41.35821822179349],[2.177447711142918,41.3583410053331],[2.177698756892084,41.35873216365843],[2.178012696728558,41.35861480033276],[2.18179302213025,41.364471594688325],[2.180014505764802,41.365118191950955],[2.178984853068528,41.363504378324365],[2.178554454624361,41.363665103361825],[2.17884193280895,41.36410780093422],[2.17563739205201,41.36527116573171],[2.173009067614373,41.36182467856605],[2.176413537554708,41.36056674376022],[2.175098717032142,41.358538366052755],[2.170599848604127,41.36019757835555],[2.169610296677831,41.35866603111242],[2.17277686356141,41.35653866412804],[2.167085575938586,41.347881228036215],[2.166839452178976,41.34797727473142],[2.167151666216398,41.34844505079843],[2.162956056376913,41.351276623817114],[2.162782316350786,41.35123344556706],[2.162197037563203,41.35190281006663],[2.161113326618704,41.35138323304972],[2.161258084193207,41.35121180518064],[2.161145325396433,41.351157333244316],[2.16558601218469,41.345897809236476],[2.165053984953431,41.34564273002792],[2.161382136676252,41.34999165179329],[2.16006324672145,41.34935927730879],[2.160430638663058,41.34891459223462],[2.16006315409129,41.34873943757498],[2.161214074969564,41.34737424512531],[2.152966575946721,41.342660772376746],[2.152549208679034,41.34272791666001],[2.152792952832499,41.344430202891544],[2.15243029132489,41.34445882921159],[2.15258190982729,41.345560158774276],[2.15052167093836,41.345755189350484],[2.149263883621302,41.33662781432213],[2.145313956873622,41.336511710047375],[2.145331850684329,41.33625276735131],[2.144982382231149,41.33637214425903],[2.143996980676093,41.334776633634704],[2.146998556138442,41.33372504197706],[2.145993064628215,41.33209431570009],[2.141061651074324,41.33388576791384],[2.149278935574387,41.34682666681721],[2.146773674365591,41.3493288667338],[2.153089597806684,41.351567818899696],[2.162339723999025,41.35308329076122],[2.168469364569489,41.36042567520474],[2.173129031779411,41.36479249617673],[2.176063132007926,41.372707216364915],[2.177626400138251,41.374917436090755],[2.178079060400307,41.37562386075257],[2.178190913579783,41.37597806593499],[2.182491909573969,41.38109827596463],[2.184497502957413,41.38177407871075]]]}},{"type":"Feature","properties":{"postal_code":"08003"},"geometry":{"type":"Polygon","coordinates":[[[2.191827441683074,41.375923144337605],[2.190315736182242,41.375230277854996],[2.1885952413773,41.37497539020205],[2.1877349939748,41.377715437417464],[2.186587997737888,41.380678511104406],[2.184497502957413,41.38177407871075],[2.182491909573969,41.38109827596463],[2.180876452885968,41.382190518777406],[2.176969007413732,41.38511108870574],[2.176336050168572,41.385314901161735],[2.176276469183676,41.38556665377803],[2.172806231822108,41.388213737174226],[2.172847777802701,41.38830944482498],[2.173807708758716,41.38886404234165],[2.176013278989615,41.38887911407983],[2.177340187299819,41.389868978070865],[2.178538131929258,41.39042577263126],[2.180535222222716,41.39117778482688],[2.183361976673893,41.38894785286112],[2.182623260954699,41.388406543727],[2.183106383053143,41.38818585909013],[2.184853412355096,41.38979057337622],[2.18678173688761,41.39121533422025],[2.186796466883436,41.390405313954034],[2.189325191404464,41.387191387872235],[2.191972885440293,41.38737644226899],[2.192484051098063,41.38713845467589],[2.193309613447866,41.38640039636118],[2.193924012283333,41.38661483970304],[2.194741065247968,41.387209342836854],[2.195602020416914,41.38633992864476],[2.196500355906664,41.385650500270344],[2.197247814834782,41.3861714793303],[2.198053794447048,41.385490491093265],[2.199241558750941,41.38485315414971],[2.196063841173327,41.38351561225568],[2.1950659300486,41.38190283105081],[2.196985285642427,41.381211620220085],[2.196419012227636,41.38027756275932],[2.194512194981826,41.380964258094025],[2.192547760870468,41.37732355873521],[2.191827441683074,41.375923144337605]]]}},{"type":"Feature","properties":{"postal_code":"08005"},"geometry":{"type":"Polygon","coordinates":[[[2.228848259439587,41.409579011062476],[2.225774671663771,41.4052911937336],[2.22433289204929,41.406358507339235],[2.224044467777958,41.405922113115025],[2.223281414605594,41.40620820274631],[2.221308868609412,41.40463687219386],[2.221905734262236,41.40419485091161],[2.222355686665594,41.4049315080826],[2.222921646217003,41.40543674271146],[2.22323448078663,41.40519021155899],[2.222712059214132,41.4047078646762],[2.222103988907975,41.403706085567364],[2.221740441568102,41.40341165022744],[2.221530760136488,41.40358093231413],[2.221660196860569,41.403812877362384],[2.219681675768697,41.40528136774088],[2.217495102816713,41.4040606127071],[2.216735896044781,41.403049527413714],[2.218116745691248,41.40212726636025],[2.217897910060515,41.4019423153855],[2.216474597124943,41.40289293655974],[2.215536475627857,41.40217806006939],[2.213898756222591,41.39999679761411],[2.215347203410715,41.39892465195112],[2.214946351293065,41.39862852498641],[2.213836280320095,41.399449895596206],[2.211282550149576,41.39750358911931],[2.210350088985422,41.39626142842218],[2.211666512999159,41.39522666757665],[2.210916062026627,41.394683000420116],[2.209365420377821,41.39589660044771],[2.206449020605817,41.39378352908659],[2.204944396366784,41.39164150764941],[2.205993131777575,41.39078377834869],[2.205399134962079,41.390335272954474],[2.204644066870173,41.39091366113655],[2.201759271073513,41.39001271311622],[2.201058388933518,41.38879315508001],[2.202401813293022,41.38778115427681],[2.20263073302192,41.387952940975424],[2.203331073770016,41.38742663792897],[2.202685171683299,41.38642951011377],[2.201357613163282,41.384979554762594],[2.200435431250128,41.38422800212055],[2.199214267024786,41.38354010169434],[2.198791083841456,41.38385810736571],[2.199536055244721,41.38420861003931],[2.199671705384901,41.38416173377698],[2.2003532314165,41.384616395030605],[2.201538790582731,41.38568499196879],[2.202321940904824,41.38660149016664],[2.202041136589173,41.386813062872534],[2.200930911832131,41.38597750725614],[2.201136266625383,41.385822097211985],[2.200480906368739,41.38532815177274],[2.19975678484775,41.385873864886946],[2.201523483222161,41.38720334525817],[2.200102492336157,41.38827504215942],[2.199983744054521,41.38818640857585],[2.199865645083435,41.388274895569964],[2.198041542982821,41.38690318573339],[2.198159367660651,41.386813222951844],[2.198041481828909,41.386724665810675],[2.19917121198182,41.38587233873744],[2.199708862673845,41.385187901600375],[2.199241558750941,41.38485315414971],[2.198053794447048,41.385490491093265],[2.197247814834782,41.3861714793303],[2.196500355906664,41.385650500270344],[2.195602020416914,41.38633992864476],[2.194741065247968,41.387209342836854],[2.193924012283333,41.38661483970304],[2.193309613447866,41.38640039636118],[2.192484051098063,41.38713845467589],[2.191972885440293,41.38737644226899],[2.189325191404464,41.387191387872235],[2.186796466883436,41.390405313954034],[2.18678173688761,41.39121533422025],[2.186858747633096,41.39140924963715],[2.191243716923964,41.39471144777508],[2.191398437188127,41.395163930870694],[2.194119084228362,41.3983965547572],[2.194306457976666,41.398341071083564],[2.194339818327933,41.398415844315764],[2.19418058436645,41.398471273130724],[2.198013060554274,41.403161708845744],[2.198146227666257,41.403062105331855],[2.198305876215215,41.40326938917093],[2.198163021606149,41.40335224371108],[2.2006659859465,41.406532412840534],[2.202287575111484,41.40885496688321],[2.211674125760283,41.40171238122139],[2.213724087196852,41.4032796468382],[2.216059866669525,41.404838499297284],[2.217185902407437,41.40490396634493],[2.219083301952821,41.40636584220982],[2.219172179252666,41.40634535115703],[2.219726667951363,41.40679646188721],[2.221894740949551,41.40818327673679],[2.222278480767272,41.4083458849546],[2.222520061151897,41.40822684529263],[2.222800331270264,41.40784496167561],[2.223035446428696,41.408158288174434],[2.222888154564657,41.40828960178368],[2.223554979378775,41.40863426875649],[2.223959394610347,41.408389026332486],[2.224132648103193,41.40843962398941],[2.22580401474346,41.409756316900484],[2.22619216933316,41.410658159746276],[2.22683340034115,41.41039764413597],[2.228848259439587,41.409579011062476]]]}},{"type":"Feature","properties":{"postal_code":"08810"},"geometry":{"type":"Polygon","coordinates":[[[1.729264166308212,41.25164022801408],[1.730054801687743,41.25160069561559],[1.730520800694364,41.25319490132364],[1.733053850055114,41.250048731963375],[1.734264063235912,41.24817805217532],[1.733731258990417,41.24709407143422],[1.73424517297633,41.24563139517272],[1.732703432817175,41.24484075889387],[1.730924501864251,41.245829053567945],[1.730556627886074,41.24614341878373],[1.72964529629337,41.24595286683132],[1.728693018567924,41.24755627440254],[1.728750068860563,41.24768733440294],[1.726536472180442,41.25112631492749],[1.725983026695303,41.25326103207095],[1.728078213238916,41.25353775436383],[1.729264166308212,41.25164022801408]]]}},{"type":"Feature","properties":{"postal_code":"08185"},"geometry":{"type":"Polygon","coordinates":[[[2.227529650073279,41.57729680710196],[2.22997948876241,41.577863162355015],[2.236496540183168,41.57822160694161],[2.23809265065529,41.578526397075564],[2.23745459875073,41.57728782557268],[2.235508697868113,41.5744438158294],[2.233472985290007,41.57393488768491],[2.228024460660322,41.57456356325781],[2.227529650073279,41.57729680710196]]]}},{"type":"Feature","properties":{"postal_code":"08404"},"geometry":{"type":"Polygon","coordinates":[[[2.299221145739295,41.57595992171298],[2.297751899930233,41.57575196967764],[2.297827532014992,41.575001278586114],[2.297565824802973,41.575044883114856],[2.296224334885153,41.57571903020903],[2.295590062831138,41.57644604125176],[2.294961784758527,41.57740233355082],[2.294527089353664,41.57759347635783],[2.29398589443349,41.577298895327715],[2.292962018082676,41.577103077844754],[2.291576939823926,41.57698321979973],[2.293158387749372,41.580761483955314],[2.292341396837969,41.58322989904059],[2.292504598608332,41.58344428842315],[2.297993422758225,41.58422284500824],[2.299137191328327,41.57815325037217],[2.299221145739295,41.57595992171298]]]}},{"type":"Feature","properties":{"postal_code":"08075"},"geometry":{"type":"Polygon","coordinates":[[[2.132544645019323,41.365356826156585],[2.13330067538584,41.36371252371396],[2.133565711888082,41.36354859079478],[2.133466246869773,41.363473196131054],[2.133614313949408,41.36336022509431],[2.132633257019165,41.362578397674895],[2.132252790733673,41.363063491087246],[2.131445766109209,41.362441683636746],[2.131096723934661,41.362920146347676],[2.132049882995716,41.363361075852936],[2.13097703406288,41.36494584227677],[2.132544645019323,41.365356826156585]]]}},{"type":"Feature","properties":{"postal_code":"08075"},"geometry":{"type":"Polygon","coordinates":[[[2.132845868442075,41.365369701750296],[2.133993799973894,41.36436863040797],[2.133735505689003,41.36415711256069],[2.133975223577693,41.36372218962731],[2.133566405265356,41.36339677893818],[2.133466246869773,41.363473196131054],[2.133565711888082,41.36354859079478],[2.13330067538584,41.36371252371396],[2.132544645019323,41.365356826156585],[2.132845868442075,41.365369701750296]]]}},{"type":"Feature","properties":{"postal_code":"08292"},"geometry":{"type":"Polygon","coordinates":[[[1.79838614600385,41.55836770760362],[1.798617834745244,41.558258994856715],[1.799256543154911,41.55830429640611],[1.800221127203258,41.558218925562926],[1.800664579306897,41.55805628407023],[1.801348947196118,41.557586446757114],[1.801505666653156,41.55759793379758],[1.802281244683684,41.558357741316684],[1.802559439166771,41.55839112415106],[1.804875359810012,41.556970628791476],[1.80525369560155,41.556576630407164],[1.805736264616883,41.55645737940449],[1.806100096142529,41.55651414101476],[1.806414168179288,41.556708069921456],[1.80709266169697,41.556805667947174],[1.807858134045659,41.556782639007565],[1.808197330442454,41.55666934691283],[1.808906157193405,41.5562074739957],[1.810095212923727,41.556238622014746],[1.811221657853196,41.55591230390968],[1.811728073291931,41.55562994826346],[1.812572426076599,41.5553784375648],[1.813382422061125,41.55563256169336],[1.814239428306962,41.5555515651526],[1.815436069818759,41.554880086346884],[1.817420753065278,41.55432854832384],[1.817646240081899,41.55381486906094],[1.817657844933592,41.553166143103],[1.81747707490706,41.5526695275766],[1.817746957855832,41.55210897474939],[1.817593332066622,41.55149414603801],[1.817201968695883,41.55074529495937],[1.818311805845156,41.54923110103448],[1.818425105134509,41.548821169361474],[1.819608860260701,41.54797910804939],[1.819800834940565,41.54685459126637],[1.820217090646224,41.545684615552545],[1.821639634661381,41.544670451879824],[1.82290465612499,41.54331171656247],[1.82360399502835,41.54288613578649],[1.824385960044026,41.54308735369841],[1.824869797103418,41.54298595963428],[1.825194175370882,41.54267519890129],[1.825610258406698,41.542630683359334],[1.825875632154691,41.54233140157288],[1.824241038792877,41.540338366322544],[1.82684727678037,41.538968197024644],[1.8291077506222,41.53496845952674],[1.826072864271282,41.53216524393082],[1.816982406412933,41.534507785405935],[1.806927996729655,41.53894035491345],[1.792424702038375,41.54772520785201],[1.792539586832447,41.55151414606098],[1.791540389677209,41.55824786664573],[1.791463201765339,41.55830881010348],[1.791664703862978,41.559366691619516],[1.796034489000476,41.56111460585436],[1.79629596328806,41.560895068752416],[1.796923807887424,41.55950027781557],[1.79838614600385,41.55836770760362]]]}}]}